content_id,title,description,category,level,duration,difficulty,rating
1,Preschool Classroom Activities - Beginner | Professional Certificate (2026 Edition),"Perfect for beginners who want to build a strong foundation in Early Childhood Education. Skills covered include real-world deployment, debugging, problem solving. You will build real projects throughout the course.",Early Childhood Education,Beginner,45,1,4.47
2,Learning Through Stories - Beginner | Essentials,"Understand key principles and build confidence through guided exercises and quizzes. Skills covered include system design, best practices, project implementation. You will build real projects throughout the course.",Early Childhood Education,Beginner,90,1,4.13
3,Teaching Through Play - Intermediate | Practical Workshop (Updated Edition),"Expand your experience in Early Childhood Education using modern tools and best practices. Skills covered include debugging, critical thinking, data analysis. You will understand best practices followed by professional engineers.",Early Childhood Education,Intermediate,90,2,4.52
4,Nature Exploration - Beginner (Latest Version),"Perfect for beginners who want to build a strong foundation in Early Childhood Education. Skills covered include team collaboration, project implementation, data analysis. You will improve your technical and analytical thinking.",Early Childhood Education,Beginner,75,1,4.44
5,Learning Through Stories - Beginner | Masterclass (Updated Edition),"Gain practical skills in Learning Through Stories with real-life case studies and beginner projects. Skills covered include data analysis, software development, real-world deployment. You will understand best practices followed by professional engineers.",Early Childhood Education,Beginner,45,1,4.66
6,Positive Classroom Environment - Intermediate | Bootcamp (2026 Edition),"Apply your existing knowledge to build complete projects from start to finish. Skills covered include debugging, project implementation, system design. You will understand best practices followed by professional engineers.",Early Childhood Education,Intermediate,90,2,4.12
7,Play-Based Learning (Updated Edition),"Develop your first practical projects while learning the core concepts of Play-Based Learning. Skills covered include system design, best practices, debugging. You will confidently work on real software projects.",Early Childhood Education,Beginner,60,1,5.0
8,Early Childhood Curriculum | Masterclass (Updated Edition),"Understand key principles and build confidence through guided exercises and quizzes. Skills covered include data analysis, system design, software development. You will confidently work on real software projects.",Early Childhood Education,Beginner,90,1,4.72
9,Learning Through Stories - Advanced | Bootcamp (2026 Edition),"Prepare for senior-level positions by mastering the latest technologies in Early Childhood Education. Skills covered include team collaboration, project implementation, problem solving. You will gain hands-on experience using industry-standard tools.",Early Childhood Education,Advanced,210,3,3.9
10,Creative Circle Time | Practical Workshop,"Work with large-scale projects and advanced design strategies in Early Childhood Education. Skills covered include best practices, problem solving, project implementation. You will be able to apply your knowledge to practical business scenarios.",Early Childhood Education,Advanced,210,3,3.96
11,Early Science Discovery - Advanced | Professional Certificate (2026 Edition),"Master advanced concepts in Early Science Discovery through real-world enterprise applications. Skills covered include real-world deployment, data analysis, best practices. You will build real projects throughout the course.",Early Childhood Education,Advanced,180,3,4.12
12,Preschool Classroom Activities - Advanced | Professional Certificate (2026 Edition),"Build production-ready systems while learning professional development techniques. Skills covered include critical thinking, best practices, real-world deployment. You will be able to apply your knowledge to practical business scenarios.",Early Childhood Education,Advanced,150,3,3.79
13,Early Childhood Curriculum | Essentials (2026 Edition),"Improve your technical skills with hands-on labs, assignments, and real-world applications. Skills covered include project implementation, debugging, data analysis. You will confidently work on real software projects.",Early Childhood Education,Intermediate,150,2,4.86
14,Early Science Discovery - Intermediate | Masterclass (2026 Edition),"Strengthen your knowledge of Early Science Discovery by solving practical industry-focused projects. Skills covered include real-world deployment, team collaboration, system design. You will improve your technical and analytical thinking.",Early Childhood Education,Intermediate,120,2,4.17
15,Montessori Foundations - Beginner (2026 Edition),"Master the basics of Montessori Foundations using simple explanations and interactive exercises. Skills covered include project implementation, best practices, system design. You will be able to apply your knowledge to practical business scenarios.",Early Childhood Education,Beginner,30,1,4.56
16,Music and Movement | Masterclass (Latest Version),"Expand your experience in Early Childhood Education using modern tools and best practices. Skills covered include critical thinking, debugging, data analysis. You will be prepared for technical interviews and real-world challenges.",Early Childhood Education,Intermediate,90,2,4.23
17,Child-Centered Teaching - Intermediate,"Expand your experience in Early Childhood Education using modern tools and best practices. Skills covered include system design, real-world deployment, team collaboration. You will confidently work on real software projects.",Early Childhood Education,Intermediate,150,2,4.24
18,Early Childhood Curriculum - Intermediate | Professional Certificate (Latest Version),"Apply your existing knowledge to build complete projects from start to finish. Skills covered include team collaboration, critical thinking, problem solving. You will build real projects throughout the course.",Early Childhood Education,Intermediate,60,2,3.86
19,Learning Through Stories | Masterclass (2026 Edition),"Master advanced concepts in Learning Through Stories through real-world enterprise applications. Skills covered include software development, debugging, problem solving. You will be prepared for technical interviews and real-world challenges.",Early Childhood Education,Advanced,210,3,3.6
20,School Readiness Skills | Project-Based Learning (Updated Edition),"Prepare for senior-level positions by mastering the latest technologies in Early Childhood Education. Skills covered include software development, system design, project implementation. You will improve your technical and analytical thinking.",Early Childhood Education,Advanced,240,3,4.16
21,Play-Based Learning | Essentials,"Learn advanced workflows and techniques used by professionals working in Early Childhood Education. Skills covered include problem solving, team collaboration, critical thinking. You will be able to apply your knowledge to practical business scenarios.",Early Childhood Education,Intermediate,60,2,4.57
22,Learning Through Stories - Intermediate | Masterclass (Latest Version),"Strengthen your knowledge of Learning Through Stories by solving practical industry-focused projects. Skills covered include real-world deployment, critical thinking, debugging. You will understand best practices followed by professional engineers.",Early Childhood Education,Intermediate,90,2,4.39
23,School Readiness Skills | Practical Workshop (2026 Edition),"Gain practical skills in School Readiness Skills with real-life case studies and beginner projects. Skills covered include data analysis, critical thinking, problem solving. You will confidently work on real software projects.",Early Childhood Education,Beginner,75,1,4.75
24,Nature Exploration - Advanced | Bootcamp,"Develop enterprise-grade applications using industry standards and modern architectures. Skills covered include software development, data analysis, critical thinking. You will improve your technical and analytical thinking.",Early Childhood Education,Advanced,240,3,4.36
25,Early Childhood Assessment - Beginner | Project-Based Learning (Updated Edition),"Start your learning journey in Early Childhood Education through hands-on projects and real-world examples. Skills covered include project implementation, critical thinking, team collaboration. You will be able to apply your knowledge to practical business scenarios.",Early Childhood Education,Beginner,90,1,4.39
26,School Readiness Skills - Beginner | Masterclass (Updated Edition),"Gain practical skills in School Readiness Skills with real-life case studies and beginner projects. Skills covered include project implementation, problem solving, critical thinking. You will be prepared for technical interviews and real-world challenges.",Early Childhood Education,Beginner,60,1,4.85
27,School Readiness Skills | Practical Workshop (2026 Edition),"Understand key principles and build confidence through guided exercises and quizzes. Skills covered include team collaboration, problem solving, critical thinking. You will gain hands-on experience using industry-standard tools.",Early Childhood Education,Beginner,45,1,4.48
28,Early Childhood Curriculum | Practical Workshop (2026 Edition),"Strengthen your knowledge of Early Childhood Curriculum by solving practical industry-focused projects. Skills covered include project implementation, data analysis, problem solving. You will understand best practices followed by professional engineers.",Early Childhood Education,Intermediate,90,2,3.98
29,Positive Classroom Environment | Bootcamp (Updated Edition),"Learn advanced workflows and techniques used by professionals working in Early Childhood Education. Skills covered include software development, debugging, problem solving. You will be able to apply your knowledge to practical business scenarios.",Early Childhood Education,Intermediate,90,2,4.46
30,Sensory Learning Activities | Hands-on Training (2026 Edition),"Build production-ready systems while learning professional development techniques. Skills covered include debugging, problem solving, best practices. You will improve your technical and analytical thinking.",Early Childhood Education,Advanced,150,3,4.02
31,Positive Classroom Environment | Project-Based Learning (Updated Edition),"Understand advanced implementation techniques used in professional environments. Skills covered include data analysis, project implementation, critical thinking. You will develop portfolio-ready applications.",Early Childhood Education,Advanced,150,3,4.16
32,Early Childhood Assessment - Intermediate | Hands-on Training (Updated Edition),"Explore intermediate concepts in Early Childhood Assessment while building portfolio-ready projects. Skills covered include software development, project implementation, problem solving. You will gain hands-on experience using industry-standard tools.",Early Childhood Education,Intermediate,60,2,4.66
33,Nature Exploration - Intermediate | Practical Workshop (Latest Version),"Strengthen your knowledge of Nature Exploration by solving practical industry-focused projects. Skills covered include debugging, problem solving, system design. You will understand best practices followed by professional engineers.",Early Childhood Education,Intermediate,150,2,4.43
34,Child-Centered Teaching - Beginner | Practical Workshop (Updated Edition),"This beginner-friendly course introduces the essential concepts required to succeed in Early Childhood Education. Skills covered include debugging, data analysis, real-world deployment. You will develop portfolio-ready applications.",Early Childhood Education,Beginner,60,1,4.4
35,Creative Circle Time - Beginner | Hands-on Training (Latest Version),"Learn the fundamentals of Creative Circle Time from scratch with practical examples and step-by-step explanations. Skills covered include project implementation, real-world deployment, system design. You will be prepared for technical interviews and real-world challenges.",Early Childhood Education,Beginner,90,1,4.27
36,Music and Movement | Practical Workshop (Latest Version),"Improve your technical skills with hands-on labs, assignments, and real-world applications. Skills covered include team collaboration, best practices, software development. You will gain hands-on experience using industry-standard tools.",Early Childhood Education,Intermediate,150,2,4.19
37,Preschool Lesson Planning - Intermediate | Fundamentals (Updated Edition),"Improve your technical skills with hands-on labs, assignments, and real-world applications. Skills covered include software development, problem solving, team collaboration. You will improve your technical and analytical thinking.",Early Childhood Education,Intermediate,90,2,4.22
38,Early Math Concepts | Bootcamp (Latest Version),"Develop scalable solutions using modern frameworks and professional development practices. Skills covered include best practices, debugging, system design. You will be able to apply your knowledge to practical business scenarios.",Early Childhood Education,Intermediate,90,2,4.14
39,Montessori Foundations - Advanced | Bootcamp (Latest Version),"Prepare for senior-level positions by mastering the latest technologies in Early Childhood Education. Skills covered include problem solving, team collaboration, system design. You will gain hands-on experience using industry-standard tools.",Early Childhood Education,Advanced,150,3,4.23
40,Developing Curiosity | Project-Based Learning (Updated Edition),"Understand key principles and build confidence through guided exercises and quizzes. Skills covered include team collaboration, best practices, software development. You will confidently work on real software projects.",Early Childhood Education,Beginner,90,1,4.14
41,Developing Curiosity | Masterclass (Updated Edition),"This beginner-friendly course introduces the essential concepts required to succeed in Early Childhood Education. Skills covered include system design, project implementation, data analysis. You will understand best practices followed by professional engineers.",Early Childhood Education,Beginner,45,1,4.48
42,Creative Circle Time | Complete Course (2026 Edition),"Master the basics of Creative Circle Time using simple explanations and interactive exercises. Skills covered include critical thinking, debugging, team collaboration. You will understand best practices followed by professional engineers.",Early Childhood Education,Beginner,45,1,4.6
43,Creative Circle Time (2026 Edition),"Strengthen your knowledge of Creative Circle Time by solving practical industry-focused projects. Skills covered include real-world deployment, debugging, best practices. You will build real projects throughout the course.",Early Childhood Education,Intermediate,150,2,4.57
44,Early Childhood Assessment - Beginner | Hands-on Training (Latest Version),"Master the basics of Early Childhood Assessment using simple explanations and interactive exercises. Skills covered include project implementation, debugging, best practices. You will build real projects throughout the course.",Early Childhood Education,Beginner,75,1,4.31
45,Learning Corners Design | Hands-on Training (2026 Edition),"Understand key principles and build confidence through guided exercises and quizzes. Skills covered include real-world deployment, problem solving, critical thinking. You will be prepared for technical interviews and real-world challenges.",Early Childhood Education,Beginner,45,1,4.81
46,Early Childhood Curriculum | Complete Course,"Gain expert-level knowledge through challenging case studies and complex projects. Skills covered include system design, best practices, data analysis. You will understand best practices followed by professional engineers.",Early Childhood Education,Advanced,210,3,4.06
47,Learning Corners Design - Beginner | Hands-on Training (Updated Edition),"Develop your first practical projects while learning the core concepts of Learning Corners Design. Skills covered include system design, critical thinking, problem solving. You will build real projects throughout the course.",Early Childhood Education,Beginner,75,1,4.81
48,Creative Learning for Toddlers - Beginner (2026 Edition),"Gain practical skills in Creative Learning for Toddlers with real-life case studies and beginner projects. Skills covered include critical thinking, system design, best practices. You will develop portfolio-ready applications.",Early Childhood Education,Beginner,45,1,4.54
49,Early Childhood Assessment - Beginner | Fundamentals,"This beginner-friendly course introduces the essential concepts required to succeed in Early Childhood Education. Skills covered include real-world deployment, debugging, team collaboration. You will improve your technical and analytical thinking.",Early Childhood Education,Beginner,60,1,4.54
50,Learning Through Stories | Masterclass,"Strengthen your knowledge of Learning Through Stories by solving practical industry-focused projects. Skills covered include data analysis, team collaboration, debugging. You will understand best practices followed by professional engineers.",Early Childhood Education,Intermediate,60,2,4.34
51,Learning Through Stories | Practical Workshop,"Apply your existing knowledge to build complete projects from start to finish. Skills covered include software development, debugging, real-world deployment. You will develop portfolio-ready applications.",Early Childhood Education,Intermediate,150,2,4.8
52,Nature Exploration | Essentials (Latest Version),"Develop enterprise-grade applications using industry standards and modern architectures. Skills covered include data analysis, system design, critical thinking. You will develop portfolio-ready applications.",Early Childhood Education,Advanced,210,3,4.49
53,Developing Curiosity | Project-Based Learning (Latest Version),"Gain practical skills in Developing Curiosity with real-life case studies and beginner projects. Skills covered include system design, data analysis, project implementation. You will understand best practices followed by professional engineers.",Early Childhood Education,Beginner,30,1,4.28
54,School Readiness Skills - Advanced | Professional Certificate,"Explore optimization, scalability, and best engineering practices in School Readiness Skills. Skills covered include debugging, best practices, system design. You will confidently work on real software projects.",Early Childhood Education,Advanced,120,3,4.11
55,Early Math Concepts,"Practice real-world scenarios and improve your problem-solving skills in Early Childhood Education. Skills covered include best practices, team collaboration, data analysis. You will be prepared for technical interviews and real-world challenges.",Early Childhood Education,Intermediate,90,2,4.15
56,Creative Circle Time | Project-Based Learning (Updated Edition),"Master the basics of Creative Circle Time using simple explanations and interactive exercises. Skills covered include critical thinking, system design, data analysis. You will gain hands-on experience using industry-standard tools.",Early Childhood Education,Beginner,60,1,4.61
57,Creative Circle Time - Advanced | Complete Course (2026 Edition),"Develop enterprise-grade applications using industry standards and modern architectures. Skills covered include critical thinking, system design, project implementation. You will improve your technical and analytical thinking.",Early Childhood Education,Advanced,210,3,4.04
58,Early Childhood Assessment (2026 Edition),"Learn the fundamentals of Early Childhood Assessment from scratch with practical examples and step-by-step explanations. Skills covered include team collaboration, project implementation, software development. You will confidently work on real software projects.",Early Childhood Education,Beginner,30,1,4.83
59,Preschool Classroom Activities | Fundamentals (Updated Edition),"Master advanced concepts in Preschool Classroom Activities through real-world enterprise applications. Skills covered include project implementation, best practices, critical thinking. You will gain hands-on experience using industry-standard tools.",Early Childhood Education,Advanced,210,3,3.95
60,Learning Corners Design - Intermediate | Fundamentals,"Explore intermediate concepts in Learning Corners Design while building portfolio-ready projects. Skills covered include critical thinking, system design, real-world deployment. You will be prepared for technical interviews and real-world challenges.",Early Childhood Education,Intermediate,90,2,4.36
61,Nature Exploration | Fundamentals (2026 Edition),"Develop scalable solutions using modern frameworks and professional development practices. Skills covered include project implementation, problem solving, critical thinking. You will improve your technical and analytical thinking.",Early Childhood Education,Intermediate,150,2,4.48
62,Positive Classroom Environment - Beginner | Bootcamp (2026 Edition),"Perfect for beginners who want to build a strong foundation in Early Childhood Education. Skills covered include software development, problem solving, debugging. You will confidently work on real software projects.",Early Childhood Education,Beginner,45,1,4.39
63,Nature Exploration (2026 Edition),"Improve your technical skills with hands-on labs, assignments, and real-world applications. Skills covered include project implementation, system design, debugging. You will gain hands-on experience using industry-standard tools.",Early Childhood Education,Intermediate,120,2,4.22
64,Creative Circle Time - Beginner | Complete Course (Updated Edition),"Learn the fundamentals of Creative Circle Time from scratch with practical examples and step-by-step explanations. Skills covered include software development, project implementation, team collaboration. You will confidently work on real software projects.",Early Childhood Education,Beginner,30,1,4.24
65,Preschool Classroom Activities | Professional Certificate (Latest Version),"Develop scalable solutions using modern frameworks and professional development practices. Skills covered include data analysis, project implementation, problem solving. You will gain hands-on experience using industry-standard tools.",Early Childhood Education,Intermediate,150,2,3.99
66,Creative Learning for Toddlers | Fundamentals,"Master advanced concepts in Creative Learning for Toddlers through real-world enterprise applications. Skills covered include software development, best practices, team collaboration. You will develop portfolio-ready applications.",Early Childhood Education,Advanced,240,3,4.23
67,Teaching Through Play - Advanced | Hands-on Training (Latest Version),"Build production-ready systems while learning professional development techniques. Skills covered include software development, data analysis, debugging. You will confidently work on real software projects.",Early Childhood Education,Advanced,210,3,3.97
68,Preschool Lesson Planning | Hands-on Training,"Practice real-world scenarios and improve your problem-solving skills in Early Childhood Education. Skills covered include project implementation, data analysis, critical thinking. You will be prepared for technical interviews and real-world challenges.",Early Childhood Education,Intermediate,60,2,4.48
69,Early Science Discovery (Latest Version),"Prepare for senior-level positions by mastering the latest technologies in Early Childhood Education. Skills covered include best practices, problem solving, system design. You will develop portfolio-ready applications.",Early Childhood Education,Advanced,120,3,4.19
70,Creative Circle Time | Professional Certificate (Latest Version),"Learn the fundamentals of Creative Circle Time from scratch with practical examples and step-by-step explanations. Skills covered include real-world deployment, system design, software development. You will develop portfolio-ready applications.",Early Childhood Education,Beginner,30,1,4.72
71,Creative Circle Time - Beginner | Hands-on Training,"Start your learning journey in Early Childhood Education through hands-on projects and real-world examples. Skills covered include best practices, project implementation, team collaboration. You will be prepared for technical interviews and real-world challenges.",Early Childhood Education,Beginner,30,1,4.38
72,Early Math Concepts - Advanced | Masterclass (Latest Version),"Explore optimization, scalability, and best engineering practices in Early Math Concepts. Skills covered include real-world deployment, team collaboration, software development. You will gain hands-on experience using industry-standard tools.",Early Childhood Education,Advanced,210,3,4.13
73,School Readiness Skills | Hands-on Training (Updated Edition),"Prepare for senior-level positions by mastering the latest technologies in Early Childhood Education. Skills covered include software development, best practices, team collaboration. You will understand best practices followed by professional engineers.",Early Childhood Education,Advanced,120,3,4.06
74,Sensory Learning Activities | Essentials (Latest Version),"Improve your technical skills with hands-on labs, assignments, and real-world applications. Skills covered include system design, debugging, real-world deployment. You will be prepared for technical interviews and real-world challenges.",Early Childhood Education,Intermediate,120,2,4.51
75,Play-Based Learning | Project-Based Learning (Latest Version),"Develop your first practical projects while learning the core concepts of Play-Based Learning. Skills covered include critical thinking, best practices, real-world deployment. You will confidently work on real software projects.",Early Childhood Education,Beginner,45,1,4.43
76,Montessori Foundations - Intermediate | Hands-on Training (2026 Edition),"Explore intermediate concepts in Montessori Foundations while building portfolio-ready projects. Skills covered include data analysis, debugging, critical thinking. You will understand best practices followed by professional engineers.",Early Childhood Education,Intermediate,150,2,4.3
77,Creative Circle Time - Beginner | Practical Workshop (Latest Version),"This beginner-friendly course introduces the essential concepts required to succeed in Early Childhood Education. Skills covered include system design, critical thinking, debugging. You will gain hands-on experience using industry-standard tools.",Early Childhood Education,Beginner,90,1,4.82
78,Preschool Classroom Activities - Intermediate | Professional Certificate,"Strengthen your knowledge of Preschool Classroom Activities by solving practical industry-focused projects. Skills covered include project implementation, data analysis, team collaboration. You will be prepared for technical interviews and real-world challenges.",Early Childhood Education,Intermediate,120,2,4.45
79,Early Childhood Curriculum - Beginner | Hands-on Training (2026 Edition),"Master the basics of Early Childhood Curriculum using simple explanations and interactive exercises. Skills covered include best practices, software development, system design. You will confidently work on real software projects.",Early Childhood Education,Beginner,45,1,4.94
80,School Readiness Skills (Latest Version),"Expand your experience in Early Childhood Education using modern tools and best practices. Skills covered include best practices, data analysis, project implementation. You will be prepared for technical interviews and real-world challenges.",Early Childhood Education,Intermediate,90,2,4.54
81,School Readiness Skills | Professional Certificate (2026 Edition),"Practice real-world scenarios and improve your problem-solving skills in Early Childhood Education. Skills covered include real-world deployment, project implementation, team collaboration. You will build real projects throughout the course.",Early Childhood Education,Intermediate,150,2,4.49
82,Learning Corners Design | Fundamentals,"Master the basics of Learning Corners Design using simple explanations and interactive exercises. Skills covered include real-world deployment, data analysis, system design. You will improve your technical and analytical thinking.",Early Childhood Education,Beginner,60,1,4.65
83,Nature Exploration - Beginner | Complete Course,"Develop your first practical projects while learning the core concepts of Nature Exploration. Skills covered include software development, critical thinking, project implementation. You will understand best practices followed by professional engineers.",Early Childhood Education,Beginner,60,1,4.52
84,Child-Centered Teaching | Complete Course (Updated Edition),"This beginner-friendly course introduces the essential concepts required to succeed in Early Childhood Education. Skills covered include best practices, project implementation, data analysis. You will gain hands-on experience using industry-standard tools.",Early Childhood Education,Beginner,45,1,4.44
85,Developing Curiosity | Complete Course (2026 Edition),"Master advanced concepts in Developing Curiosity through real-world enterprise applications. Skills covered include project implementation, team collaboration, critical thinking. You will confidently work on real software projects.",Early Childhood Education,Advanced,240,3,3.81
86,Early Childhood Assessment | Professional Certificate (Latest Version),"Improve your technical skills with hands-on labs, assignments, and real-world applications. Skills covered include best practices, problem solving, data analysis. You will improve your technical and analytical thinking.",Early Childhood Education,Intermediate,60,2,4.63
87,Learning Through Stories | Project-Based Learning (Updated Edition),"Explore intermediate concepts in Learning Through Stories while building portfolio-ready projects. Skills covered include best practices, critical thinking, team collaboration. You will improve your technical and analytical thinking.",Early Childhood Education,Intermediate,60,2,4.69
88,Creative Circle Time | Project-Based Learning (Updated Edition),"Start your learning journey in Early Childhood Education through hands-on projects and real-world examples. Skills covered include debugging, critical thinking, best practices. You will be prepared for technical interviews and real-world challenges.",Early Childhood Education,Beginner,90,1,4.97
89,School Readiness Skills | Practical Workshop (2026 Edition),"Perfect for beginners who want to build a strong foundation in Early Childhood Education. Skills covered include data analysis, team collaboration, real-world deployment. You will build real projects throughout the course.",Early Childhood Education,Beginner,75,1,4.97
90,Learning Corners Design - Beginner | Bootcamp (Latest Version),"Learn the fundamentals of Learning Corners Design from scratch with practical examples and step-by-step explanations. Skills covered include problem solving, data analysis, system design. You will be able to apply your knowledge to practical business scenarios.",Early Childhood Education,Beginner,45,1,4.35
91,Music and Movement - Beginner | Essentials (2026 Edition),"Learn the fundamentals of Music and Movement from scratch with practical examples and step-by-step explanations. Skills covered include project implementation, software development, team collaboration. You will develop portfolio-ready applications.",Early Childhood Education,Beginner,45,1,4.43
92,Teaching Through Play - Beginner (2026 Edition),"Master the basics of Teaching Through Play using simple explanations and interactive exercises. Skills covered include real-world deployment, data analysis, problem solving. You will be able to apply your knowledge to practical business scenarios.",Early Childhood Education,Beginner,60,1,4.62
93,School Readiness Skills - Beginner | Hands-on Training,"Perfect for beginners who want to build a strong foundation in Early Childhood Education. Skills covered include best practices, team collaboration, system design. You will build real projects throughout the course.",Early Childhood Education,Beginner,75,1,4.28
94,Early Science Discovery,"Understand key principles and build confidence through guided exercises and quizzes. Skills covered include critical thinking, best practices, team collaboration. You will gain hands-on experience using industry-standard tools.",Early Childhood Education,Beginner,75,1,4.58
95,Learning Through Stories - Beginner | Complete Course,"Develop your first practical projects while learning the core concepts of Learning Through Stories. Skills covered include debugging, team collaboration, project implementation. You will confidently work on real software projects.",Early Childhood Education,Beginner,60,1,4.26
96,Early Science Discovery - Intermediate | Bootcamp,"Apply your existing knowledge to build complete projects from start to finish. Skills covered include system design, debugging, data analysis. You will confidently work on real software projects.",Early Childhood Education,Intermediate,150,2,4.07
97,Learning Corners Design | Bootcamp (Updated Edition),"Learn advanced workflows and techniques used by professionals working in Early Childhood Education. Skills covered include best practices, critical thinking, team collaboration. You will gain hands-on experience using industry-standard tools.",Early Childhood Education,Intermediate,120,2,4.18
98,Learning Through Stories - Intermediate | Practical Workshop (2026 Edition),"Expand your experience in Early Childhood Education using modern tools and best practices. Skills covered include debugging, data analysis, real-world deployment. You will build real projects throughout the course.",Early Childhood Education,Intermediate,120,2,4.09
99,Preschool Lesson Planning - Intermediate | Practical Workshop,"Expand your experience in Early Childhood Education using modern tools and best practices. Skills covered include data analysis, team collaboration, real-world deployment. You will gain hands-on experience using industry-standard tools.",Early Childhood Education,Intermediate,90,2,4.2
100,School Readiness Skills | Hands-on Training,"Learn advanced workflows and techniques used by professionals working in Early Childhood Education. Skills covered include project implementation, real-world deployment, data analysis. You will understand best practices followed by professional engineers.",Early Childhood Education,Intermediate,60,2,4.15
101,Montessori Foundations - Beginner | Complete Course (Latest Version),"Perfect for beginners who want to build a strong foundation in Early Childhood Education. Skills covered include team collaboration, system design, debugging. You will be prepared for technical interviews and real-world challenges.",Early Childhood Education,Beginner,45,1,4.46
102,Developing Curiosity | Practical Workshop (Updated Edition),"Perfect for beginners who want to build a strong foundation in Early Childhood Education. Skills covered include problem solving, software development, team collaboration. You will build real projects throughout the course.",Early Childhood Education,Beginner,90,1,3.83
103,Learning Through Stories | Hands-on Training (Latest Version),"Perfect for beginners who want to build a strong foundation in Early Childhood Education. Skills covered include data analysis, debugging, critical thinking. You will develop portfolio-ready applications.",Early Childhood Education,Beginner,75,1,4.44
104,Music and Movement - Intermediate | Professional Certificate,"Strengthen your knowledge of Music and Movement by solving practical industry-focused projects. Skills covered include problem solving, system design, project implementation. You will improve your technical and analytical thinking.",Early Childhood Education,Intermediate,150,2,4.71
105,Early Childhood Curriculum - Advanced | Professional Certificate (Updated Edition),"Work with large-scale projects and advanced design strategies in Early Childhood Education. Skills covered include debugging, team collaboration, system design. You will understand best practices followed by professional engineers.",Early Childhood Education,Advanced,120,3,3.83
106,Learning Through Stories - Beginner (Latest Version),"Perfect for beginners who want to build a strong foundation in Early Childhood Education. Skills covered include data analysis, debugging, team collaboration. You will be prepared for technical interviews and real-world challenges.",Early Childhood Education,Beginner,75,1,4.5
107,Preschool Lesson Planning - Beginner (Updated Edition),"Develop your first practical projects while learning the core concepts of Preschool Lesson Planning. Skills covered include critical thinking, debugging, real-world deployment. You will improve your technical and analytical thinking.",Early Childhood Education,Beginner,90,1,4.13
108,Child-Centered Teaching | Essentials,"Practice real-world scenarios and improve your problem-solving skills in Early Childhood Education. Skills covered include system design, data analysis, software development. You will gain hands-on experience using industry-standard tools.",Early Childhood Education,Intermediate,120,2,4.39
109,Early Science Discovery | Essentials (2026 Edition),"Learn advanced workflows and techniques used by professionals working in Early Childhood Education. Skills covered include system design, critical thinking, software development. You will develop portfolio-ready applications.",Early Childhood Education,Intermediate,120,2,4.23
110,Positive Classroom Environment - Beginner | Complete Course,"Gain practical skills in Positive Classroom Environment with real-life case studies and beginner projects. Skills covered include real-world deployment, best practices, data analysis. You will understand best practices followed by professional engineers.",Early Childhood Education,Beginner,75,1,4.04
111,Early Childhood Curriculum | Project-Based Learning (Latest Version),"Expand your experience in Early Childhood Education using modern tools and best practices. Skills covered include project implementation, best practices, team collaboration. You will build real projects throughout the course.",Early Childhood Education,Intermediate,120,2,4.1
112,Play-Based Learning - Beginner | Professional Certificate,"Understand key principles and build confidence through guided exercises and quizzes. Skills covered include best practices, team collaboration, problem solving. You will confidently work on real software projects.",Early Childhood Education,Beginner,90,1,4.37
113,Music and Movement - Intermediate | Practical Workshop (Latest Version),"Practice real-world scenarios and improve your problem-solving skills in Early Childhood Education. Skills covered include critical thinking, team collaboration, software development. You will build real projects throughout the course.",Early Childhood Education,Intermediate,60,2,3.87
114,Creative Learning for Toddlers | Project-Based Learning (2026 Edition),"Explore intermediate concepts in Creative Learning for Toddlers while building portfolio-ready projects. Skills covered include debugging, real-world deployment, data analysis. You will build real projects throughout the course.",Early Childhood Education,Intermediate,120,2,4.44
115,Sensory Learning Activities | Bootcamp (Latest Version),"Start your learning journey in Early Childhood Education through hands-on projects and real-world examples. Skills covered include data analysis, critical thinking, software development. You will understand best practices followed by professional engineers.",Early Childhood Education,Beginner,60,1,4.44
116,Preschool Lesson Planning - Advanced | Hands-on Training (2026 Edition),"Understand advanced implementation techniques used in professional environments. Skills covered include data analysis, software development, critical thinking. You will be prepared for technical interviews and real-world challenges.",Early Childhood Education,Advanced,180,3,3.74
117,Early Science Discovery - Beginner | Practical Workshop (Updated Edition),"Master the basics of Early Science Discovery using simple explanations and interactive exercises. Skills covered include system design, software development, team collaboration. You will gain hands-on experience using industry-standard tools.",Early Childhood Education,Beginner,45,1,4.27
118,Preschool Lesson Planning | Bootcamp,"Work with large-scale projects and advanced design strategies in Early Childhood Education. Skills covered include real-world deployment, debugging, software development. You will be able to apply your knowledge to practical business scenarios.",Early Childhood Education,Advanced,240,3,4.46
119,Teaching Through Play | Fundamentals (2026 Edition),"Explore optimization, scalability, and best engineering practices in Teaching Through Play. Skills covered include best practices, project implementation, real-world deployment. You will improve your technical and analytical thinking.",Early Childhood Education,Advanced,120,3,3.78
120,Creative Circle Time | Project-Based Learning (2026 Edition),"Gain practical skills in Creative Circle Time with real-life case studies and beginner projects. Skills covered include best practices, project implementation, debugging. You will be prepared for technical interviews and real-world challenges.",Early Childhood Education,Beginner,90,1,4.7
121,Teaching Through Play | Fundamentals (2026 Edition),"Build production-ready systems while learning professional development techniques. Skills covered include team collaboration, critical thinking, project implementation. You will gain hands-on experience using industry-standard tools.",Early Childhood Education,Advanced,120,3,3.78
122,Teaching Through Play | Essentials (2026 Edition),"Master the basics of Teaching Through Play using simple explanations and interactive exercises. Skills covered include best practices, data analysis, problem solving. You will be prepared for technical interviews and real-world challenges.",Early Childhood Education,Beginner,30,1,4.11
123,Play-Based Learning | Practical Workshop (2026 Edition),"Perfect for beginners who want to build a strong foundation in Early Childhood Education. Skills covered include data analysis, software development, team collaboration. You will build real projects throughout the course.",Early Childhood Education,Beginner,30,1,4.46
124,Preschool Lesson Planning | Project-Based Learning (2026 Edition),"Master advanced concepts in Preschool Lesson Planning through real-world enterprise applications. Skills covered include critical thinking, problem solving, project implementation. You will improve your technical and analytical thinking.",Early Childhood Education,Advanced,210,3,4.14
125,Early Childhood Curriculum - Intermediate | Fundamentals (Latest Version),"Improve your technical skills with hands-on labs, assignments, and real-world applications. Skills covered include debugging, best practices, critical thinking. You will gain hands-on experience using industry-standard tools.",Early Childhood Education,Intermediate,120,2,4.31
126,Early Math Concepts - Intermediate (2026 Edition),"Develop scalable solutions using modern frameworks and professional development practices. Skills covered include problem solving, data analysis, system design. You will be prepared for technical interviews and real-world challenges.",Early Childhood Education,Intermediate,120,2,4.43
127,Teaching Through Play - Intermediate | Bootcamp (Updated Edition),"Develop scalable solutions using modern frameworks and professional development practices. Skills covered include data analysis, project implementation, problem solving. You will understand best practices followed by professional engineers.",Early Childhood Education,Intermediate,60,2,4.08
128,Learning Through Stories - Beginner | Bootcamp (Updated Edition),"Develop your first practical projects while learning the core concepts of Learning Through Stories. Skills covered include team collaboration, data analysis, software development. You will confidently work on real software projects.",Early Childhood Education,Beginner,30,1,4.68
129,Early Math Concepts | Complete Course,"Improve your technical skills with hands-on labs, assignments, and real-world applications. Skills covered include problem solving, data analysis, project implementation. You will be prepared for technical interviews and real-world challenges.",Early Childhood Education,Intermediate,60,2,4.28
130,Creative Circle Time (2026 Edition),"Strengthen your knowledge of Creative Circle Time by solving practical industry-focused projects. Skills covered include data analysis, project implementation, critical thinking. You will understand best practices followed by professional engineers.",Early Childhood Education,Intermediate,120,2,4.37
131,Child-Centered Teaching | Project-Based Learning (Latest Version),"Develop enterprise-grade applications using industry standards and modern architectures. Skills covered include critical thinking, debugging, real-world deployment. You will be prepared for technical interviews and real-world challenges.",Early Childhood Education,Advanced,150,3,3.81
132,Nature Exploration | Complete Course (Updated Edition),"Build production-ready systems while learning professional development techniques. Skills covered include data analysis, project implementation, team collaboration. You will confidently work on real software projects.",Early Childhood Education,Advanced,120,3,4.11
133,Nature Exploration | Complete Course (Latest Version),"Practice real-world scenarios and improve your problem-solving skills in Early Childhood Education. Skills covered include real-world deployment, debugging, project implementation. You will build real projects throughout the course.",Early Childhood Education,Intermediate,150,2,4.79
134,Learning Through Stories - Intermediate | Hands-on Training (Updated Edition),"Learn advanced workflows and techniques used by professionals working in Early Childhood Education. Skills covered include real-world deployment, best practices, problem solving. You will be able to apply your knowledge to practical business scenarios.",Early Childhood Education,Intermediate,60,2,4.43
135,Learning Through Stories | Practical Workshop (Updated Edition),"Gain practical skills in Learning Through Stories with real-life case studies and beginner projects. Skills covered include data analysis, real-world deployment, best practices. You will gain hands-on experience using industry-standard tools.",Early Childhood Education,Beginner,90,1,4.64
136,Music and Movement | Practical Workshop (Latest Version),"Master the basics of Music and Movement using simple explanations and interactive exercises. Skills covered include critical thinking, problem solving, software development. You will confidently work on real software projects.",Early Childhood Education,Beginner,60,1,4.53
137,Early Science Discovery | Essentials,"This beginner-friendly course introduces the essential concepts required to succeed in Early Childhood Education. Skills covered include best practices, system design, critical thinking. You will be able to apply your knowledge to practical business scenarios.",Early Childhood Education,Beginner,60,1,4.45
138,Learning Through Stories | Project-Based Learning,"Expand your experience in Early Childhood Education using modern tools and best practices. Skills covered include team collaboration, real-world deployment, project implementation. You will develop portfolio-ready applications.",Early Childhood Education,Intermediate,120,2,4.13
139,Teaching Through Play - Intermediate | Complete Course (Updated Edition),"Improve your technical skills with hands-on labs, assignments, and real-world applications. Skills covered include best practices, problem solving, data analysis. You will understand best practices followed by professional engineers.",Early Childhood Education,Intermediate,60,2,4.74
140,Developing Curiosity - Advanced | Essentials (2026 Edition),"Develop enterprise-grade applications using industry standards and modern architectures. Skills covered include debugging, best practices, real-world deployment. You will be prepared for technical interviews and real-world challenges.",Early Childhood Education,Advanced,120,3,4.06
141,Music and Movement | Practical Workshop,"Start your learning journey in Early Childhood Education through hands-on projects and real-world examples. Skills covered include software development, debugging, problem solving. You will gain hands-on experience using industry-standard tools.",Early Childhood Education,Beginner,75,1,4.4
142,Early Science Discovery | Complete Course (2026 Edition),"Develop your first practical projects while learning the core concepts of Early Science Discovery. Skills covered include team collaboration, project implementation, critical thinking. You will develop portfolio-ready applications.",Early Childhood Education,Beginner,45,1,4.29
143,Positive Classroom Environment - Intermediate | Essentials (Updated Edition),"Learn advanced workflows and techniques used by professionals working in Early Childhood Education. Skills covered include real-world deployment, software development, team collaboration. You will understand best practices followed by professional engineers.",Early Childhood Education,Intermediate,120,2,4.22
144,Music and Movement - Beginner,"This beginner-friendly course introduces the essential concepts required to succeed in Early Childhood Education. Skills covered include system design, debugging, problem solving. You will confidently work on real software projects.",Early Childhood Education,Beginner,90,1,4.43
145,Creative Circle Time - Beginner | Professional Certificate (Latest Version),"Learn the fundamentals of Creative Circle Time from scratch with practical examples and step-by-step explanations. Skills covered include software development, best practices, debugging. You will confidently work on real software projects.",Early Childhood Education,Beginner,75,1,4.47
146,Developing Curiosity | Fundamentals (2026 Edition),"Develop your first practical projects while learning the core concepts of Developing Curiosity. Skills covered include debugging, software development, data analysis. You will gain hands-on experience using industry-standard tools.",Early Childhood Education,Beginner,60,1,4.59
147,Sensory Learning Activities | Bootcamp (Updated Edition),"Understand key principles and build confidence through guided exercises and quizzes. Skills covered include real-world deployment, debugging, system design. You will be able to apply your knowledge to practical business scenarios.",Early Childhood Education,Beginner,45,1,4.55
148,Sensory Learning Activities - Advanced | Practical Workshop (2026 Edition),"Prepare for senior-level positions by mastering the latest technologies in Early Childhood Education. Skills covered include best practices, project implementation, real-world deployment. You will build real projects throughout the course.",Early Childhood Education,Advanced,210,3,4.16
149,Learning Through Stories - Advanced | Essentials (Latest Version),"Develop enterprise-grade applications using industry standards and modern architectures. Skills covered include best practices, real-world deployment, project implementation. You will build real projects throughout the course.",Early Childhood Education,Advanced,150,3,4.03
150,Preschool Classroom Activities | Professional Certificate (Updated Edition),"Strengthen your knowledge of Preschool Classroom Activities by solving practical industry-focused projects. Skills covered include debugging, problem solving, system design. You will understand best practices followed by professional engineers.",Early Childhood Education,Intermediate,120,2,4.26
151,Creative Circle Time | Hands-on Training (Latest Version),"Perfect for beginners who want to build a strong foundation in Early Childhood Education. Skills covered include debugging, data analysis, team collaboration. You will understand best practices followed by professional engineers.",Early Childhood Education,Beginner,90,1,4.45
152,Early Childhood Curriculum - Beginner | Essentials (Latest Version),"Learn the fundamentals of Early Childhood Curriculum from scratch with practical examples and step-by-step explanations. Skills covered include software development, data analysis, best practices. You will confidently work on real software projects.",Early Childhood Education,Beginner,30,1,4.39
153,Early Childhood Curriculum | Essentials (2026 Edition),"Explore intermediate concepts in Early Childhood Curriculum while building portfolio-ready projects. Skills covered include real-world deployment, data analysis, best practices. You will develop portfolio-ready applications.",Early Childhood Education,Intermediate,120,2,4.7
154,Early Math Concepts - Advanced | Practical Workshop (Updated Edition),"Develop enterprise-grade applications using industry standards and modern architectures. Skills covered include problem solving, best practices, project implementation. You will improve your technical and analytical thinking.",Early Childhood Education,Advanced,210,3,4.75
155,Play-Based Learning - Intermediate | Complete Course (Latest Version),"Expand your experience in Early Childhood Education using modern tools and best practices. Skills covered include system design, problem solving, best practices. You will understand best practices followed by professional engineers.",Early Childhood Education,Intermediate,90,2,4.9
156,Child-Centered Teaching | Masterclass (Latest Version),"Start your learning journey in Early Childhood Education through hands-on projects and real-world examples. Skills covered include team collaboration, system design, data analysis. You will confidently work on real software projects.",Early Childhood Education,Beginner,30,1,4.62
157,Early Science Discovery | Complete Course (Latest Version),"This beginner-friendly course introduces the essential concepts required to succeed in Early Childhood Education. Skills covered include real-world deployment, best practices, system design. You will improve your technical and analytical thinking.",Early Childhood Education,Beginner,90,1,4.24
158,School Readiness Skills | Masterclass (Updated Edition),"Apply your existing knowledge to build complete projects from start to finish. Skills covered include data analysis, best practices, real-world deployment. You will develop portfolio-ready applications.",Early Childhood Education,Intermediate,90,2,4.64
159,Preschool Lesson Planning | Essentials (Latest Version),"This beginner-friendly course introduces the essential concepts required to succeed in Early Childhood Education. Skills covered include problem solving, project implementation, critical thinking. You will understand best practices followed by professional engineers.",Early Childhood Education,Beginner,60,1,4.93
160,Developing Curiosity - Intermediate | Project-Based Learning (2026 Edition),"Explore intermediate concepts in Developing Curiosity while building portfolio-ready projects. Skills covered include software development, critical thinking, system design. You will improve your technical and analytical thinking.",Early Childhood Education,Intermediate,120,2,4.17
161,Play-Based Learning - Intermediate | Essentials (2026 Edition),"Apply your existing knowledge to build complete projects from start to finish. Skills covered include critical thinking, software development, problem solving. You will be able to apply your knowledge to practical business scenarios.",Early Childhood Education,Intermediate,60,2,4.48
162,Child-Centered Teaching - Intermediate | Project-Based Learning (Latest Version),"Practice real-world scenarios and improve your problem-solving skills in Early Childhood Education. Skills covered include project implementation, problem solving, critical thinking. You will improve your technical and analytical thinking.",Early Childhood Education,Intermediate,120,2,4.43
163,Creative Circle Time (2026 Edition),"Develop scalable solutions using modern frameworks and professional development practices. Skills covered include best practices, software development, project implementation. You will build real projects throughout the course.",Early Childhood Education,Intermediate,90,2,4.36
164,Montessori Foundations | Fundamentals,"Gain practical skills in Montessori Foundations with real-life case studies and beginner projects. Skills covered include team collaboration, real-world deployment, best practices. You will be able to apply your knowledge to practical business scenarios.",Early Childhood Education,Beginner,60,1,4.47
165,Early Science Discovery | Masterclass,"Learn advanced workflows and techniques used by professionals working in Early Childhood Education. Skills covered include problem solving, data analysis, project implementation. You will improve your technical and analytical thinking.",Early Childhood Education,Intermediate,90,2,4.26
166,Teaching Through Play | Hands-on Training (Latest Version),"Develop scalable solutions using modern frameworks and professional development practices. Skills covered include critical thinking, software development, team collaboration. You will confidently work on real software projects.",Early Childhood Education,Intermediate,60,2,3.94
167,Sensory Learning Activities (Updated Edition),"Gain expert-level knowledge through challenging case studies and complex projects. Skills covered include project implementation, problem solving, real-world deployment. You will understand best practices followed by professional engineers.",Early Childhood Education,Advanced,150,3,3.91
168,Creative Learning for Toddlers | Bootcamp (Latest Version),"Understand key principles and build confidence through guided exercises and quizzes. Skills covered include team collaboration, project implementation, critical thinking. You will develop portfolio-ready applications.",Early Childhood Education,Beginner,45,1,4.56
169,Early Childhood Assessment | Masterclass (2026 Edition),"Practice real-world scenarios and improve your problem-solving skills in Early Childhood Education. Skills covered include debugging, team collaboration, best practices. You will improve your technical and analytical thinking.",Early Childhood Education,Intermediate,90,2,3.58
170,Creative Learning for Toddlers | Fundamentals,"Expand your experience in Early Childhood Education using modern tools and best practices. Skills covered include real-world deployment, critical thinking, problem solving. You will improve your technical and analytical thinking.",Early Childhood Education,Intermediate,120,2,4.51
171,Music and Movement | Complete Course (Updated Edition),"Apply your existing knowledge to build complete projects from start to finish. Skills covered include critical thinking, team collaboration, best practices. You will build real projects throughout the course.",Early Childhood Education,Intermediate,60,2,4.13
172,Developing Curiosity - Beginner | Hands-on Training (Latest Version),"Gain practical skills in Developing Curiosity with real-life case studies and beginner projects. Skills covered include project implementation, problem solving, debugging. You will develop portfolio-ready applications.",Early Childhood Education,Beginner,90,1,4.14
173,Montessori Foundations - Intermediate | Fundamentals,"Strengthen your knowledge of Montessori Foundations by solving practical industry-focused projects. Skills covered include critical thinking, best practices, problem solving. You will develop portfolio-ready applications.",Early Childhood Education,Intermediate,150,2,4.25
174,Child-Centered Teaching | Complete Course (Latest Version),"Gain practical skills in Child-Centered Teaching with real-life case studies and beginner projects. Skills covered include debugging, real-world deployment, critical thinking. You will be able to apply your knowledge to practical business scenarios.",Early Childhood Education,Beginner,75,1,4.58
175,Early Childhood Assessment - Beginner | Essentials (Latest Version),"This beginner-friendly course introduces the essential concepts required to succeed in Early Childhood Education. Skills covered include best practices, team collaboration, debugging. You will be prepared for technical interviews and real-world challenges.",Early Childhood Education,Beginner,45,1,4.71
176,Creative Learning for Toddlers | Practical Workshop (2026 Edition),"Perfect for beginners who want to build a strong foundation in Early Childhood Education. Skills covered include problem solving, debugging, real-world deployment. You will improve your technical and analytical thinking.",Early Childhood Education,Beginner,45,1,4.14
177,Positive Classroom Environment | Fundamentals,"Master the basics of Positive Classroom Environment using simple explanations and interactive exercises. Skills covered include problem solving, debugging, best practices. You will improve your technical and analytical thinking.",Early Childhood Education,Beginner,90,1,4.26
178,Creative Circle Time (2026 Edition),"Develop your first practical projects while learning the core concepts of Creative Circle Time. Skills covered include real-world deployment, data analysis, system design. You will develop portfolio-ready applications.",Early Childhood Education,Beginner,45,1,4.05
179,Early Childhood Curriculum | Essentials (2026 Edition),"Work with large-scale projects and advanced design strategies in Early Childhood Education. Skills covered include debugging, team collaboration, best practices. You will build real projects throughout the course.",Early Childhood Education,Advanced,180,3,4.05
180,Early Childhood Assessment | Hands-on Training (Updated Edition),"Work with large-scale projects and advanced design strategies in Early Childhood Education. Skills covered include project implementation, debugging, software development. You will confidently work on real software projects.",Early Childhood Education,Advanced,210,3,4.41
181,Creative Learning for Toddlers | Professional Certificate (2026 Edition),"Work with large-scale projects and advanced design strategies in Early Childhood Education. Skills covered include debugging, system design, project implementation. You will improve your technical and analytical thinking.",Early Childhood Education,Advanced,120,3,3.5
182,Sensory Learning Activities - Intermediate | Project-Based Learning (Updated Edition),"Strengthen your knowledge of Sensory Learning Activities by solving practical industry-focused projects. Skills covered include project implementation, debugging, problem solving. You will gain hands-on experience using industry-standard tools.",Early Childhood Education,Intermediate,90,2,4.05
183,Positive Classroom Environment | Fundamentals (2026 Edition),"Master advanced concepts in Positive Classroom Environment through real-world enterprise applications. Skills covered include system design, real-world deployment, critical thinking. You will confidently work on real software projects.",Early Childhood Education,Advanced,150,3,4.25
184,Creative Learning for Toddlers - Intermediate | Masterclass (Latest Version),"Explore intermediate concepts in Creative Learning for Toddlers while building portfolio-ready projects. Skills covered include debugging, best practices, data analysis. You will develop portfolio-ready applications.",Early Childhood Education,Intermediate,120,2,4.14
185,School Readiness Skills - Beginner | Project-Based Learning (Latest Version),"Master the basics of School Readiness Skills using simple explanations and interactive exercises. Skills covered include data analysis, real-world deployment, debugging. You will build real projects throughout the course.",Early Childhood Education,Beginner,75,1,4.52
186,Music and Movement | Complete Course,"Understand advanced implementation techniques used in professional environments. Skills covered include project implementation, software development, system design. You will understand best practices followed by professional engineers.",Early Childhood Education,Advanced,240,3,3.88
187,Creative Learning for Toddlers | Masterclass (Latest Version),"Gain practical skills in Creative Learning for Toddlers with real-life case studies and beginner projects. Skills covered include best practices, software development, data analysis. You will be able to apply your knowledge to practical business scenarios.",Early Childhood Education,Beginner,60,1,4.52
188,Early Childhood Curriculum - Intermediate | Project-Based Learning (2026 Edition),"Expand your experience in Early Childhood Education using modern tools and best practices. Skills covered include problem solving, real-world deployment, debugging. You will be able to apply your knowledge to practical business scenarios.",Early Childhood Education,Intermediate,60,2,4.01
189,Creative Learning for Toddlers - Beginner | Complete Course,"Gain practical skills in Creative Learning for Toddlers with real-life case studies and beginner projects. Skills covered include best practices, problem solving, team collaboration. You will be prepared for technical interviews and real-world challenges.",Early Childhood Education,Beginner,90,1,4.42
190,Montessori Foundations - Beginner | Professional Certificate (Updated Edition),"Understand key principles and build confidence through guided exercises and quizzes. Skills covered include software development, critical thinking, team collaboration. You will be able to apply your knowledge to practical business scenarios.",Early Childhood Education,Beginner,90,1,4.52
191,Creative Learning for Toddlers | Essentials (Updated Edition),"Understand key principles and build confidence through guided exercises and quizzes. Skills covered include best practices, system design, team collaboration. You will develop portfolio-ready applications.",Early Childhood Education,Beginner,60,1,4.53
192,Learning Through Stories,"Develop scalable solutions using modern frameworks and professional development practices. Skills covered include team collaboration, best practices, problem solving. You will build real projects throughout the course.",Early Childhood Education,Intermediate,150,2,4.2
193,Teaching Through Play - Beginner | Hands-on Training (Updated Edition),"Gain practical skills in Teaching Through Play with real-life case studies and beginner projects. Skills covered include project implementation, problem solving, critical thinking. You will develop portfolio-ready applications.",Early Childhood Education,Beginner,90,1,4.66
194,Creative Circle Time (2026 Edition),"Improve your technical skills with hands-on labs, assignments, and real-world applications. Skills covered include real-world deployment, software development, debugging. You will gain hands-on experience using industry-standard tools.",Early Childhood Education,Intermediate,60,2,4.21
195,Preschool Lesson Planning | Masterclass (Latest Version),"Perfect for beginners who want to build a strong foundation in Early Childhood Education. Skills covered include team collaboration, data analysis, problem solving. You will gain hands-on experience using industry-standard tools.",Early Childhood Education,Beginner,75,1,4.5
196,Child-Centered Teaching | Bootcamp (Updated Edition),"Learn the fundamentals of Child-Centered Teaching from scratch with practical examples and step-by-step explanations. Skills covered include project implementation, best practices, team collaboration. You will improve your technical and analytical thinking.",Early Childhood Education,Beginner,60,1,4.36
197,Early Childhood Assessment - Intermediate | Hands-on Training (Latest Version),"Improve your technical skills with hands-on labs, assignments, and real-world applications. Skills covered include critical thinking, real-world deployment, project implementation. You will be able to apply your knowledge to practical business scenarios.",Early Childhood Education,Intermediate,150,2,4.6
198,Learning Corners Design | Complete Course (Latest Version),"Expand your experience in Early Childhood Education using modern tools and best practices. Skills covered include critical thinking, problem solving, project implementation. You will confidently work on real software projects.",Early Childhood Education,Intermediate,120,2,4.48
199,Early Childhood Assessment - Advanced | Bootcamp (2026 Edition),"Understand advanced implementation techniques used in professional environments. Skills covered include critical thinking, problem solving, real-world deployment. You will understand best practices followed by professional engineers.",Early Childhood Education,Advanced,150,3,3.81
200,Creative Circle Time | Fundamentals (Updated Edition),"This beginner-friendly course introduces the essential concepts required to succeed in Early Childhood Education. Skills covered include debugging, real-world deployment, critical thinking. You will improve your technical and analytical thinking.",Early Childhood Education,Beginner,30,1,4.63
201,Learning Assessment - Intermediate | Hands-on Training (2026 Edition),"Expand your experience in Primary Education using modern tools and best practices. Skills covered include software development, debugging, project implementation. You will be prepared for technical interviews and real-world challenges.",Primary Education,Intermediate,120,2,4.21
202,Creative Lesson Planning | Bootcamp (Updated Edition),"Apply your existing knowledge to build complete projects from start to finish. Skills covered include real-world deployment, system design, best practices. You will gain hands-on experience using industry-standard tools.",Primary Education,Intermediate,90,2,4.58
203,Classroom Management | Hands-on Training (Updated Edition),"Start your learning journey in Primary Education through hands-on projects and real-world examples. Skills covered include project implementation, data analysis, system design. You will confidently work on real software projects.",Primary Education,Beginner,60,1,4.25
204,Problem Solving Skills | Hands-on Training (Updated Edition),"Master the basics of Problem Solving Skills using simple explanations and interactive exercises. Skills covered include data analysis, debugging, project implementation. You will be prepared for technical interviews and real-world challenges.",Primary Education,Beginner,75,1,4.6
205,Interactive Learning - Beginner | Fundamentals (2026 Edition),"Master the basics of Interactive Learning using simple explanations and interactive exercises. Skills covered include best practices, project implementation, critical thinking. You will be prepared for technical interviews and real-world challenges.",Primary Education,Beginner,90,1,4.9
206,Active Learning | Professional Certificate (2026 Edition),"Understand key principles and build confidence through guided exercises and quizzes. Skills covered include debugging, critical thinking, best practices. You will confidently work on real software projects.",Primary Education,Beginner,45,1,4.57
207,Learning Assessment - Intermediate | Essentials (Latest Version),"Expand your experience in Primary Education using modern tools and best practices. Skills covered include critical thinking, system design, data analysis. You will be able to apply your knowledge to practical business scenarios.",Primary Education,Intermediate,120,2,4.16
208,Critical Thinking | Hands-on Training (Updated Edition),"Learn the fundamentals of Critical Thinking from scratch with practical examples and step-by-step explanations. Skills covered include critical thinking, project implementation, system design. You will improve your technical and analytical thinking.",Primary Education,Beginner,30,1,4.06
209,Student Motivation | Project-Based Learning (2026 Edition),"Perfect for beginners who want to build a strong foundation in Primary Education. Skills covered include critical thinking, software development, data analysis. You will develop portfolio-ready applications.",Primary Education,Beginner,30,1,4.29
210,Problem Solving Skills | Masterclass (Latest Version),"Expand your experience in Primary Education using modern tools and best practices. Skills covered include best practices, real-world deployment, data analysis. You will gain hands-on experience using industry-standard tools.",Primary Education,Intermediate,150,2,4.32
211,Creative Lesson Planning | Bootcamp,"Master the basics of Creative Lesson Planning using simple explanations and interactive exercises. Skills covered include team collaboration, software development, real-world deployment. You will understand best practices followed by professional engineers.",Primary Education,Beginner,30,1,4.43
212,Educational Games | Project-Based Learning (2026 Edition),"Learn advanced workflows and techniques used by professionals working in Primary Education. Skills covered include debugging, real-world deployment, problem solving. You will improve your technical and analytical thinking.",Primary Education,Intermediate,90,2,4.17
213,Student Motivation - Intermediate | Hands-on Training,"Expand your experience in Primary Education using modern tools and best practices. Skills covered include real-world deployment, critical thinking, software development. You will understand best practices followed by professional engineers.",Primary Education,Intermediate,90,2,4.23
214,Problem Solving Skills | Bootcamp (Updated Edition),"Develop your first practical projects while learning the core concepts of Problem Solving Skills. Skills covered include real-world deployment, debugging, team collaboration. You will gain hands-on experience using industry-standard tools.",Primary Education,Beginner,90,1,4.88
215,Interactive Learning | Project-Based Learning (2026 Edition),"Develop your first practical projects while learning the core concepts of Interactive Learning. Skills covered include critical thinking, system design, project implementation. You will gain hands-on experience using industry-standard tools.",Primary Education,Beginner,90,1,4.18
216,Digital Learning | Complete Course (Latest Version),"Start your learning journey in Primary Education through hands-on projects and real-world examples. Skills covered include real-world deployment, debugging, team collaboration. You will be able to apply your knowledge to practical business scenarios.",Primary Education,Beginner,90,1,4.3
217,Active Learning | Complete Course (2026 Edition),"Apply your existing knowledge to build complete projects from start to finish. Skills covered include real-world deployment, problem solving, data analysis. You will build real projects throughout the course.",Primary Education,Intermediate,120,2,4.44
218,Active Learning | Hands-on Training (Latest Version),"Understand key principles and build confidence through guided exercises and quizzes. Skills covered include best practices, real-world deployment, software development. You will gain hands-on experience using industry-standard tools.",Primary Education,Beginner,75,1,4.67
219,Learning Assessment - Beginner | Masterclass (Updated Edition),"Gain practical skills in Learning Assessment with real-life case studies and beginner projects. Skills covered include real-world deployment, best practices, critical thinking. You will gain hands-on experience using industry-standard tools.",Primary Education,Beginner,60,1,4.53
220,Teaching English | Practical Workshop,"Explore optimization, scalability, and best engineering practices in Teaching English. Skills covered include debugging, critical thinking, system design. You will develop portfolio-ready applications.",Primary Education,Advanced,240,3,4.3
221,Reading Skills | Practical Workshop,"Practice real-world scenarios and improve your problem-solving skills in Primary Education. Skills covered include real-world deployment, debugging, software development. You will be able to apply your knowledge to practical business scenarios.",Primary Education,Intermediate,60,2,4.33
222,Project Based Learning (Updated Edition),"Work with large-scale projects and advanced design strategies in Primary Education. Skills covered include data analysis, project implementation, team collaboration. You will develop portfolio-ready applications.",Primary Education,Advanced,240,3,3.92
223,Collaborative Learning | Bootcamp (2026 Edition),"Work with large-scale projects and advanced design strategies in Primary Education. Skills covered include software development, system design, real-world deployment. You will understand best practices followed by professional engineers.",Primary Education,Advanced,120,3,4.6
224,Assessment Strategies - Advanced | Hands-on Training (Latest Version),"Develop enterprise-grade applications using industry standards and modern architectures. Skills covered include debugging, real-world deployment, best practices. You will gain hands-on experience using industry-standard tools.",Primary Education,Advanced,240,3,4.08
225,Writing Development | Professional Certificate (Updated Edition),"Expand your experience in Primary Education using modern tools and best practices. Skills covered include best practices, data analysis, critical thinking. You will be prepared for technical interviews and real-world challenges.",Primary Education,Intermediate,150,2,4.29
226,Project Based Learning | Masterclass (Latest Version),"Develop enterprise-grade applications using industry standards and modern architectures. Skills covered include data analysis, team collaboration, software development. You will confidently work on real software projects.",Primary Education,Advanced,180,3,4.12
227,Problem Solving Skills - Advanced,"Work with large-scale projects and advanced design strategies in Primary Education. Skills covered include best practices, real-world deployment, problem solving. You will be prepared for technical interviews and real-world challenges.",Primary Education,Advanced,210,3,4.67
228,Project Based Learning - Advanced | Complete Course (Updated Edition),"Build production-ready systems while learning professional development techniques. Skills covered include data analysis, project implementation, critical thinking. You will understand best practices followed by professional engineers.",Primary Education,Advanced,180,3,4.16
229,Digital Learning | Professional Certificate (2026 Edition),"Gain practical skills in Digital Learning with real-life case studies and beginner projects. Skills covered include critical thinking, software development, system design. You will confidently work on real software projects.",Primary Education,Beginner,30,1,4.5
230,Teaching Mathematics | Practical Workshop,"Gain practical skills in Teaching Mathematics with real-life case studies and beginner projects. Skills covered include critical thinking, system design, debugging. You will gain hands-on experience using industry-standard tools.",Primary Education,Beginner,45,1,4.49
231,Science for Primary Students - Beginner | Practical Workshop (Updated Edition),"Start your learning journey in Primary Education through hands-on projects and real-world examples. Skills covered include software development, critical thinking, problem solving. You will be able to apply your knowledge to practical business scenarios.",Primary Education,Beginner,75,1,4.56
232,Student Motivation | Masterclass (2026 Edition),"Gain practical skills in Student Motivation with real-life case studies and beginner projects. Skills covered include system design, critical thinking, team collaboration. You will be able to apply your knowledge to practical business scenarios.",Primary Education,Beginner,90,1,4.09
233,Science for Primary Students | Hands-on Training (Updated Edition),"Expand your experience in Primary Education using modern tools and best practices. Skills covered include system design, team collaboration, project implementation. You will build real projects throughout the course.",Primary Education,Intermediate,120,2,4.35
234,Creative Lesson Planning | Fundamentals (2026 Edition),"Learn the fundamentals of Creative Lesson Planning from scratch with practical examples and step-by-step explanations. Skills covered include system design, best practices, debugging. You will gain hands-on experience using industry-standard tools.",Primary Education,Beginner,60,1,4.32
235,Assessment Strategies - Intermediate | Fundamentals,"Develop scalable solutions using modern frameworks and professional development practices. Skills covered include data analysis, team collaboration, software development. You will confidently work on real software projects.",Primary Education,Intermediate,120,2,4.42
236,Writing Development | Bootcamp,"Learn the fundamentals of Writing Development from scratch with practical examples and step-by-step explanations. Skills covered include problem solving, debugging, project implementation. You will be prepared for technical interviews and real-world challenges.",Primary Education,Beginner,45,1,4.45
237,Educational Technology | Bootcamp (2026 Edition),"Improve your technical skills with hands-on labs, assignments, and real-world applications. Skills covered include software development, team collaboration, data analysis. You will be prepared for technical interviews and real-world challenges.",Primary Education,Intermediate,60,2,4.19
238,Learning Assessment | Bootcamp (Updated Edition),"Strengthen your knowledge of Learning Assessment by solving practical industry-focused projects. Skills covered include system design, critical thinking, debugging. You will gain hands-on experience using industry-standard tools.",Primary Education,Intermediate,90,2,4.58
239,Student Motivation - Intermediate (Updated Edition),"Strengthen your knowledge of Student Motivation by solving practical industry-focused projects. Skills covered include software development, best practices, data analysis. You will develop portfolio-ready applications.",Primary Education,Intermediate,60,2,4.44
240,Digital Learning - Beginner | Professional Certificate,"Understand key principles and build confidence through guided exercises and quizzes. Skills covered include project implementation, team collaboration, critical thinking. You will develop portfolio-ready applications.",Primary Education,Beginner,60,1,4.51
241,Learning Assessment | Project-Based Learning (Latest Version),"Practice real-world scenarios and improve your problem-solving skills in Primary Education. Skills covered include software development, project implementation, critical thinking. You will gain hands-on experience using industry-standard tools.",Primary Education,Intermediate,60,2,3.98
242,Assessment Strategies - Intermediate,"Strengthen your knowledge of Assessment Strategies by solving practical industry-focused projects. Skills covered include best practices, data analysis, debugging. You will be able to apply your knowledge to practical business scenarios.",Primary Education,Intermediate,90,2,4.3
243,Digital Learning - Advanced (Latest Version),"Gain expert-level knowledge through challenging case studies and complex projects. Skills covered include project implementation, critical thinking, data analysis. You will gain hands-on experience using industry-standard tools.",Primary Education,Advanced,180,3,4.11
244,Collaborative Learning - Intermediate (2026 Edition),"Develop scalable solutions using modern frameworks and professional development practices. Skills covered include critical thinking, best practices, project implementation. You will develop portfolio-ready applications.",Primary Education,Intermediate,60,2,4.86
245,Problem Solving Skills | Project-Based Learning,"Master the basics of Problem Solving Skills using simple explanations and interactive exercises. Skills covered include best practices, data analysis, real-world deployment. You will improve your technical and analytical thinking.",Primary Education,Beginner,45,1,4.39
246,Educational Games - Advanced | Masterclass (2026 Edition),"Master advanced concepts in Educational Games through real-world enterprise applications. Skills covered include system design, team collaboration, data analysis. You will build real projects throughout the course.",Primary Education,Advanced,210,3,4.52
247,Problem Solving Skills - Beginner | Hands-on Training (Updated Edition),"Gain practical skills in Problem Solving Skills with real-life case studies and beginner projects. Skills covered include problem solving, software development, project implementation. You will gain hands-on experience using industry-standard tools.",Primary Education,Beginner,45,1,4.32
248,Reading Skills | Essentials (Latest Version),"Build production-ready systems while learning professional development techniques. Skills covered include real-world deployment, critical thinking, software development. You will be prepared for technical interviews and real-world challenges.",Primary Education,Advanced,210,3,4.07
249,Writing Development - Intermediate (Latest Version),"Develop scalable solutions using modern frameworks and professional development practices. Skills covered include data analysis, real-world deployment, best practices. You will develop portfolio-ready applications.",Primary Education,Intermediate,90,2,4.17
250,Assessment Strategies - Beginner | Masterclass (2026 Edition),"Perfect for beginners who want to build a strong foundation in Primary Education. Skills covered include software development, best practices, team collaboration. You will understand best practices followed by professional engineers.",Primary Education,Beginner,45,1,4.97
251,Educational Technology | Practical Workshop (2026 Edition),"Perfect for beginners who want to build a strong foundation in Primary Education. Skills covered include software development, project implementation, problem solving. You will improve your technical and analytical thinking.",Primary Education,Beginner,60,1,4.02
252,Problem Solving Skills | Masterclass (Updated Edition),"Learn the fundamentals of Problem Solving Skills from scratch with practical examples and step-by-step explanations. Skills covered include project implementation, real-world deployment, software development. You will build real projects throughout the course.",Primary Education,Beginner,90,1,4.61
253,Primary STEM Activities - Advanced | Essentials (2026 Edition),"Build production-ready systems while learning professional development techniques. Skills covered include problem solving, real-world deployment, system design. You will be able to apply your knowledge to practical business scenarios.",Primary Education,Advanced,210,3,4.46
254,Project Based Learning | Practical Workshop,"Master advanced concepts in Project Based Learning through real-world enterprise applications. Skills covered include critical thinking, system design, best practices. You will be able to apply your knowledge to practical business scenarios.",Primary Education,Advanced,120,3,4.37
255,Writing Development - Advanced | Practical Workshop,"Understand advanced implementation techniques used in professional environments. Skills covered include debugging, best practices, problem solving. You will be prepared for technical interviews and real-world challenges.",Primary Education,Advanced,210,3,4.64
256,Educational Technology | Masterclass (2026 Edition),"Gain practical skills in Educational Technology with real-life case studies and beginner projects. Skills covered include software development, problem solving, system design. You will develop portfolio-ready applications.",Primary Education,Beginner,60,1,4.68
257,Active Learning - Intermediate | Essentials (Latest Version),"Improve your technical skills with hands-on labs, assignments, and real-world applications. Skills covered include team collaboration, system design, problem solving. You will be prepared for technical interviews and real-world challenges.",Primary Education,Intermediate,60,2,4.27
258,Interactive Learning | Project-Based Learning (Updated Edition),"Explore intermediate concepts in Interactive Learning while building portfolio-ready projects. Skills covered include software development, problem solving, data analysis. You will improve your technical and analytical thinking.",Primary Education,Intermediate,150,2,4.43
259,Teaching Mathematics | Professional Certificate,"Explore optimization, scalability, and best engineering practices in Teaching Mathematics. Skills covered include software development, critical thinking, system design. You will improve your technical and analytical thinking.",Primary Education,Advanced,240,3,3.89
260,Teaching English (2026 Edition),"Learn advanced workflows and techniques used by professionals working in Primary Education. Skills covered include software development, system design, data analysis. You will understand best practices followed by professional engineers.",Primary Education,Intermediate,120,2,4.56
261,Learning Assessment - Beginner | Practical Workshop (2026 Edition),"Learn the fundamentals of Learning Assessment from scratch with practical examples and step-by-step explanations. Skills covered include critical thinking, problem solving, system design. You will improve your technical and analytical thinking.",Primary Education,Beginner,75,1,4.35
262,Teaching Mathematics - Intermediate (Updated Edition),"Practice real-world scenarios and improve your problem-solving skills in Primary Education. Skills covered include software development, data analysis, problem solving. You will build real projects throughout the course.",Primary Education,Intermediate,90,2,4.26
263,Classroom Management | Complete Course,"Develop scalable solutions using modern frameworks and professional development practices. Skills covered include real-world deployment, critical thinking, data analysis. You will develop portfolio-ready applications.",Primary Education,Intermediate,60,2,3.88
264,Problem Solving Skills | Complete Course (Latest Version),"Start your learning journey in Primary Education through hands-on projects and real-world examples. Skills covered include team collaboration, data analysis, system design. You will be able to apply your knowledge to practical business scenarios.",Primary Education,Beginner,60,1,4.93
265,Primary STEM Activities - Beginner | Professional Certificate (2026 Edition),"Understand key principles and build confidence through guided exercises and quizzes. Skills covered include real-world deployment, problem solving, software development. You will understand best practices followed by professional engineers.",Primary Education,Beginner,30,1,5.0
266,Critical Thinking | Fundamentals,"Develop your first practical projects while learning the core concepts of Critical Thinking. Skills covered include critical thinking, system design, data analysis. You will understand best practices followed by professional engineers.",Primary Education,Beginner,45,1,4.31
267,Digital Learning | Bootcamp (Updated Edition),"Expand your experience in Primary Education using modern tools and best practices. Skills covered include data analysis, project implementation, critical thinking. You will build real projects throughout the course.",Primary Education,Intermediate,60,2,4.28
268,Reading Skills | Hands-on Training (2026 Edition),"Understand key principles and build confidence through guided exercises and quizzes. Skills covered include data analysis, team collaboration, debugging. You will gain hands-on experience using industry-standard tools.",Primary Education,Beginner,75,1,4.69
269,Active Learning - Advanced | Fundamentals (2026 Edition),"Develop enterprise-grade applications using industry standards and modern architectures. Skills covered include problem solving, data analysis, project implementation. You will gain hands-on experience using industry-standard tools.",Primary Education,Advanced,210,3,4.53
270,Writing Development - Beginner | Hands-on Training (2026 Edition),"Perfect for beginners who want to build a strong foundation in Primary Education. Skills covered include data analysis, best practices, problem solving. You will be prepared for technical interviews and real-world challenges.",Primary Education,Beginner,90,1,4.72
271,Digital Learning - Intermediate | Hands-on Training (2026 Edition),"Develop scalable solutions using modern frameworks and professional development practices. Skills covered include team collaboration, real-world deployment, project implementation. You will develop portfolio-ready applications.",Primary Education,Intermediate,60,2,3.97
272,Creative Lesson Planning (Latest Version),"Learn the fundamentals of Creative Lesson Planning from scratch with practical examples and step-by-step explanations. Skills covered include data analysis, problem solving, debugging. You will gain hands-on experience using industry-standard tools.",Primary Education,Beginner,45,1,5.0
273,Creative Lesson Planning - Advanced | Fundamentals (Latest Version),"Develop enterprise-grade applications using industry standards and modern architectures. Skills covered include critical thinking, best practices, real-world deployment. You will develop portfolio-ready applications.",Primary Education,Advanced,120,3,4.25
274,Primary STEM Activities | Professional Certificate,"Practice real-world scenarios and improve your problem-solving skills in Primary Education. Skills covered include debugging, data analysis, software development. You will confidently work on real software projects.",Primary Education,Intermediate,90,2,4.32
275,Reading Skills - Beginner | Project-Based Learning (Updated Edition),"Perfect for beginners who want to build a strong foundation in Primary Education. Skills covered include critical thinking, data analysis, debugging. You will improve your technical and analytical thinking.",Primary Education,Beginner,60,1,4.37
276,Educational Games | Hands-on Training (Latest Version),"Master the basics of Educational Games using simple explanations and interactive exercises. Skills covered include best practices, project implementation, critical thinking. You will be prepared for technical interviews and real-world challenges.",Primary Education,Beginner,90,1,4.44
277,Reading Skills - Intermediate | Essentials (2026 Edition),"Improve your technical skills with hands-on labs, assignments, and real-world applications. Skills covered include system design, software development, problem solving. You will be prepared for technical interviews and real-world challenges.",Primary Education,Intermediate,150,2,4.64
278,Writing Development - Advanced | Hands-on Training (2026 Edition),"Develop enterprise-grade applications using industry standards and modern architectures. Skills covered include data analysis, critical thinking, team collaboration. You will be prepared for technical interviews and real-world challenges.",Primary Education,Advanced,240,3,4.74
279,Educational Games | Practical Workshop (Updated Edition),"Understand key principles and build confidence through guided exercises and quizzes. Skills covered include critical thinking, debugging, software development. You will be able to apply your knowledge to practical business scenarios.",Primary Education,Beginner,30,1,4.58
280,Learning Assessment - Intermediate | Bootcamp,"Practice real-world scenarios and improve your problem-solving skills in Primary Education. Skills covered include debugging, project implementation, real-world deployment. You will confidently work on real software projects.",Primary Education,Intermediate,120,2,3.96
281,Learning Assessment (2026 Edition),"Develop scalable solutions using modern frameworks and professional development practices. Skills covered include problem solving, debugging, data analysis. You will improve your technical and analytical thinking.",Primary Education,Intermediate,150,2,4.51
282,Reading Skills - Intermediate | Professional Certificate (Updated Edition),"Explore intermediate concepts in Reading Skills while building portfolio-ready projects. Skills covered include project implementation, real-world deployment, best practices. You will gain hands-on experience using industry-standard tools.",Primary Education,Intermediate,120,2,4.57
283,Assessment Strategies | Project-Based Learning (Updated Edition),"Gain practical skills in Assessment Strategies with real-life case studies and beginner projects. Skills covered include system design, debugging, best practices. You will understand best practices followed by professional engineers.",Primary Education,Beginner,75,1,4.41
284,Reading Skills | Complete Course,"Learn advanced workflows and techniques used by professionals working in Primary Education. Skills covered include team collaboration, problem solving, software development. You will improve your technical and analytical thinking.",Primary Education,Intermediate,150,2,4.23
285,Project Based Learning | Masterclass,"Develop enterprise-grade applications using industry standards and modern architectures. Skills covered include data analysis, best practices, debugging. You will gain hands-on experience using industry-standard tools.",Primary Education,Advanced,120,3,4.44
286,Teaching Mathematics - Beginner | Project-Based Learning (Latest Version),"Develop your first practical projects while learning the core concepts of Teaching Mathematics. Skills covered include data analysis, software development, project implementation. You will gain hands-on experience using industry-standard tools.",Primary Education,Beginner,75,1,4.31
287,Creative Lesson Planning - Beginner (2026 Edition),"This beginner-friendly course introduces the essential concepts required to succeed in Primary Education. Skills covered include debugging, team collaboration, problem solving. You will build real projects throughout the course.",Primary Education,Beginner,45,1,4.27
288,Active Learning - Advanced | Complete Course,"Develop enterprise-grade applications using industry standards and modern architectures. Skills covered include project implementation, debugging, team collaboration. You will understand best practices followed by professional engineers.",Primary Education,Advanced,180,3,3.8
289,Student Motivation | Project-Based Learning (Updated Edition),"Develop your first practical projects while learning the core concepts of Student Motivation. Skills covered include team collaboration, project implementation, real-world deployment. You will gain hands-on experience using industry-standard tools.",Primary Education,Beginner,90,1,4.74
290,Active Learning | Professional Certificate (Updated Edition),"This beginner-friendly course introduces the essential concepts required to succeed in Primary Education. Skills covered include system design, software development, real-world deployment. You will build real projects throughout the course.",Primary Education,Beginner,60,1,4.68
291,Critical Thinking - Intermediate | Practical Workshop (2026 Edition),"Develop scalable solutions using modern frameworks and professional development practices. Skills covered include debugging, real-world deployment, problem solving. You will improve your technical and analytical thinking.",Primary Education,Intermediate,150,2,4.49
292,Problem Solving Skills | Masterclass (Latest Version),"Learn advanced workflows and techniques used by professionals working in Primary Education. Skills covered include team collaboration, software development, project implementation. You will gain hands-on experience using industry-standard tools.",Primary Education,Intermediate,120,2,4.3
293,Active Learning | Professional Certificate (2026 Edition),"This beginner-friendly course introduces the essential concepts required to succeed in Primary Education. Skills covered include debugging, data analysis, team collaboration. You will develop portfolio-ready applications.",Primary Education,Beginner,30,1,4.53
294,Learning Assessment - Beginner | Bootcamp (Latest Version),"Perfect for beginners who want to build a strong foundation in Primary Education. Skills covered include best practices, system design, critical thinking. You will be prepared for technical interviews and real-world challenges.",Primary Education,Beginner,90,1,4.68
295,Collaborative Learning - Beginner (2026 Edition),"Gain practical skills in Collaborative Learning with real-life case studies and beginner projects. Skills covered include software development, data analysis, real-world deployment. You will gain hands-on experience using industry-standard tools.",Primary Education,Beginner,45,1,4.09
296,Active Learning - Beginner | Complete Course (Updated Edition),"Gain practical skills in Active Learning with real-life case studies and beginner projects. Skills covered include project implementation, system design, software development. You will be able to apply your knowledge to practical business scenarios.",Primary Education,Beginner,30,1,5.0
297,Active Learning | Bootcamp (2026 Edition),"Understand advanced implementation techniques used in professional environments. Skills covered include problem solving, real-world deployment, system design. You will understand best practices followed by professional engineers.",Primary Education,Advanced,210,3,3.57
298,Teaching Mathematics - Advanced | Essentials (2026 Edition),"Explore optimization, scalability, and best engineering practices in Teaching Mathematics. Skills covered include system design, data analysis, project implementation. You will be able to apply your knowledge to practical business scenarios.",Primary Education,Advanced,120,3,4.47
299,Science for Primary Students - Beginner | Fundamentals (Updated Edition),"This beginner-friendly course introduces the essential concepts required to succeed in Primary Education. Skills covered include best practices, team collaboration, data analysis. You will be prepared for technical interviews and real-world challenges.",Primary Education,Beginner,30,1,4.59
300,Classroom Management - Beginner | Project-Based Learning (Updated Edition),"Understand key principles and build confidence through guided exercises and quizzes. Skills covered include problem solving, system design, team collaboration. You will be able to apply your knowledge to practical business scenarios.",Primary Education,Beginner,45,1,4.31
301,Project Based Learning - Intermediate | Fundamentals (2026 Edition),"Develop scalable solutions using modern frameworks and professional development practices. Skills covered include project implementation, team collaboration, problem solving. You will build real projects throughout the course.",Primary Education,Intermediate,120,2,4.19
302,Science for Primary Students - Intermediate,"Apply your existing knowledge to build complete projects from start to finish. Skills covered include debugging, critical thinking, project implementation. You will confidently work on real software projects.",Primary Education,Intermediate,150,2,3.87
303,Classroom Management (Updated Edition),"Start your learning journey in Primary Education through hands-on projects and real-world examples. Skills covered include debugging, critical thinking, team collaboration. You will develop portfolio-ready applications.",Primary Education,Beginner,30,1,4.4
304,Science for Primary Students - Advanced | Project-Based Learning (2026 Edition),"Explore optimization, scalability, and best engineering practices in Science for Primary Students. Skills covered include data analysis, debugging, project implementation. You will be able to apply your knowledge to practical business scenarios.",Primary Education,Advanced,180,3,3.93
305,Reading Skills | Masterclass (Latest Version),"Expand your experience in Primary Education using modern tools and best practices. Skills covered include real-world deployment, best practices, software development. You will gain hands-on experience using industry-standard tools.",Primary Education,Intermediate,90,2,4.67
306,Collaborative Learning - Beginner | Bootcamp (Updated Edition),"This beginner-friendly course introduces the essential concepts required to succeed in Primary Education. Skills covered include project implementation, best practices, problem solving. You will gain hands-on experience using industry-standard tools.",Primary Education,Beginner,75,1,4.51
307,Digital Learning | Professional Certificate (Updated Edition),"Master advanced concepts in Digital Learning through real-world enterprise applications. Skills covered include problem solving, software development, team collaboration. You will understand best practices followed by professional engineers.",Primary Education,Advanced,210,3,4.09
308,Interactive Learning - Advanced | Fundamentals (Updated Edition),"Gain expert-level knowledge through challenging case studies and complex projects. Skills covered include software development, critical thinking, debugging. You will be prepared for technical interviews and real-world challenges.",Primary Education,Advanced,180,3,3.99
309,Student Motivation | Hands-on Training (Latest Version),"Learn the fundamentals of Student Motivation from scratch with practical examples and step-by-step explanations. Skills covered include software development, critical thinking, debugging. You will confidently work on real software projects.",Primary Education,Beginner,45,1,4.79
310,Learning Assessment | Complete Course (Latest Version),"Learn advanced workflows and techniques used by professionals working in Primary Education. Skills covered include best practices, real-world deployment, critical thinking. You will be prepared for technical interviews and real-world challenges.",Primary Education,Intermediate,60,2,4.55
311,Student Motivation - Beginner | Professional Certificate (Updated Edition),"Master the basics of Student Motivation using simple explanations and interactive exercises. Skills covered include data analysis, team collaboration, critical thinking. You will be prepared for technical interviews and real-world challenges.",Primary Education,Beginner,90,1,4.54
312,Assessment Strategies - Intermediate | Hands-on Training (2026 Edition),"Learn advanced workflows and techniques used by professionals working in Primary Education. Skills covered include team collaboration, best practices, real-world deployment. You will be able to apply your knowledge to practical business scenarios.",Primary Education,Intermediate,60,2,3.97
313,Writing Development | Practical Workshop (2026 Edition),"Understand advanced implementation techniques used in professional environments. Skills covered include debugging, system design, critical thinking. You will confidently work on real software projects.",Primary Education,Advanced,180,3,4.27
314,Student Motivation | Project-Based Learning,"Gain expert-level knowledge through challenging case studies and complex projects. Skills covered include critical thinking, best practices, problem solving. You will gain hands-on experience using industry-standard tools.",Primary Education,Advanced,210,3,4.16
315,Primary STEM Activities - Intermediate | Essentials,"Apply your existing knowledge to build complete projects from start to finish. Skills covered include data analysis, real-world deployment, problem solving. You will improve your technical and analytical thinking.",Primary Education,Intermediate,120,2,4.55
316,Student Motivation | Fundamentals (Latest Version),"Perfect for beginners who want to build a strong foundation in Primary Education. Skills covered include critical thinking, system design, problem solving. You will understand best practices followed by professional engineers.",Primary Education,Beginner,75,1,4.3
317,Interactive Learning - Advanced | Professional Certificate (Updated Edition),"Understand advanced implementation techniques used in professional environments. Skills covered include critical thinking, project implementation, system design. You will improve your technical and analytical thinking.",Primary Education,Advanced,120,3,4.33
318,Science for Primary Students | Hands-on Training (2026 Edition),"Gain expert-level knowledge through challenging case studies and complex projects. Skills covered include critical thinking, debugging, problem solving. You will gain hands-on experience using industry-standard tools.",Primary Education,Advanced,150,3,3.92
319,Student Motivation | Fundamentals (2026 Edition),"Develop scalable solutions using modern frameworks and professional development practices. Skills covered include real-world deployment, best practices, software development. You will be able to apply your knowledge to practical business scenarios.",Primary Education,Intermediate,60,2,4.22
320,Classroom Management | Fundamentals (Updated Edition),"Master the basics of Classroom Management using simple explanations and interactive exercises. Skills covered include project implementation, debugging, data analysis. You will develop portfolio-ready applications.",Primary Education,Beginner,75,1,4.49
321,Student Motivation | Complete Course (Latest Version),"Explore optimization, scalability, and best engineering practices in Student Motivation. Skills covered include system design, real-world deployment, project implementation. You will understand best practices followed by professional engineers.",Primary Education,Advanced,240,3,4.35
322,Classroom Management - Advanced | Complete Course (Updated Edition),"Prepare for senior-level positions by mastering the latest technologies in Primary Education. Skills covered include real-world deployment, debugging, project implementation. You will be prepared for technical interviews and real-world challenges.",Primary Education,Advanced,180,3,3.8
323,Teaching Mathematics - Intermediate (Latest Version),"Learn advanced workflows and techniques used by professionals working in Primary Education. Skills covered include project implementation, real-world deployment, software development. You will build real projects throughout the course.",Primary Education,Intermediate,60,2,4.22
324,Creative Lesson Planning | Essentials,"Perfect for beginners who want to build a strong foundation in Primary Education. Skills covered include real-world deployment, team collaboration, system design. You will be prepared for technical interviews and real-world challenges.",Primary Education,Beginner,75,1,4.35
325,Assessment Strategies | Professional Certificate,"Practice real-world scenarios and improve your problem-solving skills in Primary Education. Skills covered include team collaboration, problem solving, real-world deployment. You will develop portfolio-ready applications.",Primary Education,Intermediate,150,2,3.92
326,Project Based Learning | Project-Based Learning (2026 Edition),"Improve your technical skills with hands-on labs, assignments, and real-world applications. Skills covered include project implementation, best practices, software development. You will gain hands-on experience using industry-standard tools.",Primary Education,Intermediate,90,2,4.52
327,Digital Learning | Essentials,"Work with large-scale projects and advanced design strategies in Primary Education. Skills covered include software development, project implementation, problem solving. You will understand best practices followed by professional engineers.",Primary Education,Advanced,120,3,3.81
328,Student Motivation - Intermediate | Complete Course,"Strengthen your knowledge of Student Motivation by solving practical industry-focused projects. Skills covered include real-world deployment, project implementation, best practices. You will understand best practices followed by professional engineers.",Primary Education,Intermediate,120,2,4.44
329,Writing Development - Advanced | Practical Workshop (2026 Edition),"Understand advanced implementation techniques used in professional environments. Skills covered include team collaboration, real-world deployment, debugging. You will gain hands-on experience using industry-standard tools.",Primary Education,Advanced,240,3,4.37
330,Interactive Learning | Masterclass (Updated Edition),"This beginner-friendly course introduces the essential concepts required to succeed in Primary Education. Skills covered include system design, team collaboration, best practices. You will build real projects throughout the course.",Primary Education,Beginner,60,1,4.62
331,Science for Primary Students - Intermediate | Project-Based Learning (2026 Edition),"Expand your experience in Primary Education using modern tools and best practices. Skills covered include debugging, project implementation, team collaboration. You will build real projects throughout the course.",Primary Education,Intermediate,60,2,4.21
332,Collaborative Learning | Practical Workshop (Latest Version),"Develop enterprise-grade applications using industry standards and modern architectures. Skills covered include system design, data analysis, critical thinking. You will gain hands-on experience using industry-standard tools.",Primary Education,Advanced,120,3,3.9
333,Digital Learning - Advanced | Essentials,"Understand advanced implementation techniques used in professional environments. Skills covered include critical thinking, system design, debugging. You will gain hands-on experience using industry-standard tools.",Primary Education,Advanced,150,3,3.89
334,Classroom Management - Beginner | Practical Workshop,"Learn the fundamentals of Classroom Management from scratch with practical examples and step-by-step explanations. Skills covered include software development, project implementation, critical thinking. You will improve your technical and analytical thinking.",Primary Education,Beginner,30,1,4.12
335,Teaching English | Project-Based Learning (Latest Version),"Strengthen your knowledge of Teaching English by solving practical industry-focused projects. Skills covered include real-world deployment, critical thinking, problem solving. You will gain hands-on experience using industry-standard tools.",Primary Education,Intermediate,120,2,4.67
336,Interactive Learning | Bootcamp (Updated Edition),"Build production-ready systems while learning professional development techniques. Skills covered include project implementation, best practices, debugging. You will be prepared for technical interviews and real-world challenges.",Primary Education,Advanced,240,3,4.14
337,Teaching Mathematics - Intermediate | Essentials (2026 Edition),"Explore intermediate concepts in Teaching Mathematics while building portfolio-ready projects. Skills covered include software development, project implementation, data analysis. You will build real projects throughout the course.",Primary Education,Intermediate,150,2,4.44
338,Educational Games - Advanced | Complete Course,"Understand advanced implementation techniques used in professional environments. Skills covered include team collaboration, real-world deployment, critical thinking. You will develop portfolio-ready applications.",Primary Education,Advanced,120,3,3.63
339,Project Based Learning | Practical Workshop (2026 Edition),"Explore intermediate concepts in Project Based Learning while building portfolio-ready projects. Skills covered include system design, critical thinking, software development. You will build real projects throughout the course.",Primary Education,Intermediate,90,2,4.39
340,Educational Games | Essentials,"Explore intermediate concepts in Educational Games while building portfolio-ready projects. Skills covered include critical thinking, system design, best practices. You will understand best practices followed by professional engineers.",Primary Education,Intermediate,60,2,4.45
341,Interactive Learning | Masterclass,"Gain practical skills in Interactive Learning with real-life case studies and beginner projects. Skills covered include best practices, data analysis, project implementation. You will be able to apply your knowledge to practical business scenarios.",Primary Education,Beginner,90,1,4.65
342,Learning Assessment - Intermediate | Practical Workshop (Latest Version),"Practice real-world scenarios and improve your problem-solving skills in Primary Education. Skills covered include system design, real-world deployment, debugging. You will develop portfolio-ready applications.",Primary Education,Intermediate,60,2,4.37
343,Interactive Learning | Practical Workshop (Latest Version),"Perfect for beginners who want to build a strong foundation in Primary Education. Skills covered include software development, critical thinking, project implementation. You will be able to apply your knowledge to practical business scenarios.",Primary Education,Beginner,75,1,4.37
344,Educational Games - Beginner | Bootcamp,"Learn the fundamentals of Educational Games from scratch with practical examples and step-by-step explanations. Skills covered include real-world deployment, debugging, system design. You will build real projects throughout the course.",Primary Education,Beginner,90,1,4.67
345,Educational Games - Beginner | Essentials (Latest Version),"This beginner-friendly course introduces the essential concepts required to succeed in Primary Education. Skills covered include software development, best practices, critical thinking. You will be prepared for technical interviews and real-world challenges.",Primary Education,Beginner,60,1,4.09
346,Interactive Learning - Intermediate | Masterclass (2026 Edition),"Learn advanced workflows and techniques used by professionals working in Primary Education. Skills covered include software development, real-world deployment, best practices. You will understand best practices followed by professional engineers.",Primary Education,Intermediate,150,2,4.63
347,Reading Skills - Beginner | Project-Based Learning (2026 Edition),"Master the basics of Reading Skills using simple explanations and interactive exercises. Skills covered include team collaboration, data analysis, debugging. You will confidently work on real software projects.",Primary Education,Beginner,60,1,4.45
348,Student Motivation - Advanced (Updated Edition),"Develop enterprise-grade applications using industry standards and modern architectures. Skills covered include project implementation, team collaboration, software development. You will be prepared for technical interviews and real-world challenges.",Primary Education,Advanced,240,3,4.15
349,Primary STEM Activities | Bootcamp (Updated Edition),"Develop your first practical projects while learning the core concepts of Primary STEM Activities. Skills covered include best practices, real-world deployment, problem solving. You will be able to apply your knowledge to practical business scenarios.",Primary Education,Beginner,45,1,4.27
350,Student Motivation - Beginner | Bootcamp (Updated Edition),"Start your learning journey in Primary Education through hands-on projects and real-world examples. Skills covered include software development, data analysis, critical thinking. You will improve your technical and analytical thinking.",Primary Education,Beginner,45,1,4.48
351,Educational Technology | Bootcamp (Latest Version),"Understand advanced implementation techniques used in professional environments. Skills covered include problem solving, system design, real-world deployment. You will be able to apply your knowledge to practical business scenarios.",Primary Education,Advanced,210,3,4.14
352,Learning Assessment - Intermediate | Complete Course,"Learn advanced workflows and techniques used by professionals working in Primary Education. Skills covered include project implementation, software development, debugging. You will build real projects throughout the course.",Primary Education,Intermediate,60,2,4.44
353,Creative Lesson Planning | Masterclass (Latest Version),"Work with large-scale projects and advanced design strategies in Primary Education. Skills covered include real-world deployment, software development, project implementation. You will be able to apply your knowledge to practical business scenarios.",Primary Education,Advanced,210,3,4.33
354,Problem Solving Skills - Advanced | Fundamentals,"Understand advanced implementation techniques used in professional environments. Skills covered include software development, critical thinking, problem solving. You will improve your technical and analytical thinking.",Primary Education,Advanced,210,3,4.51
355,Collaborative Learning - Advanced | Essentials (Latest Version),"Master advanced concepts in Collaborative Learning through real-world enterprise applications. Skills covered include team collaboration, real-world deployment, critical thinking. You will gain hands-on experience using industry-standard tools.",Primary Education,Advanced,240,3,4.33
356,Active Learning | Fundamentals,"Practice real-world scenarios and improve your problem-solving skills in Primary Education. Skills covered include problem solving, team collaboration, debugging. You will improve your technical and analytical thinking.",Primary Education,Intermediate,150,2,4.46
357,Active Learning - Advanced | Hands-on Training (Updated Edition),"Explore optimization, scalability, and best engineering practices in Active Learning. Skills covered include critical thinking, project implementation, debugging. You will develop portfolio-ready applications.",Primary Education,Advanced,210,3,4.29
358,Project Based Learning - Beginner,"Master the basics of Project Based Learning using simple explanations and interactive exercises. Skills covered include data analysis, debugging, real-world deployment. You will gain hands-on experience using industry-standard tools.",Primary Education,Beginner,75,1,4.71
359,Classroom Management | Fundamentals (Updated Edition),"Develop scalable solutions using modern frameworks and professional development practices. Skills covered include system design, debugging, best practices. You will be able to apply your knowledge to practical business scenarios.",Primary Education,Intermediate,150,2,3.98
360,Interactive Learning | Project-Based Learning (Updated Edition),"Develop scalable solutions using modern frameworks and professional development practices. Skills covered include software development, critical thinking, system design. You will confidently work on real software projects.",Primary Education,Intermediate,120,2,4.16
361,Digital Learning | Essentials (Latest Version),"Learn the fundamentals of Digital Learning from scratch with practical examples and step-by-step explanations. Skills covered include software development, debugging, problem solving. You will gain hands-on experience using industry-standard tools.",Primary Education,Beginner,90,1,4.21
362,Classroom Management - Intermediate | Fundamentals (Latest Version),"Explore intermediate concepts in Classroom Management while building portfolio-ready projects. Skills covered include system design, data analysis, critical thinking. You will build real projects throughout the course.",Primary Education,Intermediate,60,2,4.05
363,Primary STEM Activities - Advanced | Hands-on Training (Updated Edition),"Explore optimization, scalability, and best engineering practices in Primary STEM Activities. Skills covered include team collaboration, project implementation, system design. You will build real projects throughout the course.",Primary Education,Advanced,150,3,3.93
364,Critical Thinking - Intermediate | Masterclass (2026 Edition),"Improve your technical skills with hands-on labs, assignments, and real-world applications. Skills covered include problem solving, software development, critical thinking. You will develop portfolio-ready applications.",Primary Education,Intermediate,120,2,4.09
365,Primary STEM Activities - Beginner | Hands-on Training (Latest Version),"Perfect for beginners who want to build a strong foundation in Primary Education. Skills covered include team collaboration, project implementation, data analysis. You will understand best practices followed by professional engineers.",Primary Education,Beginner,90,1,4.89
366,Teaching English | Masterclass (Latest Version),"Learn the fundamentals of Teaching English from scratch with practical examples and step-by-step explanations. Skills covered include project implementation, software development, debugging. You will gain hands-on experience using industry-standard tools.",Primary Education,Beginner,90,1,4.54
367,Educational Games - Beginner | Professional Certificate (Updated Edition),"This beginner-friendly course introduces the essential concepts required to succeed in Primary Education. Skills covered include best practices, debugging, real-world deployment. You will improve your technical and analytical thinking.",Primary Education,Beginner,90,1,4.99
368,Problem Solving Skills - Advanced | Project-Based Learning (Latest Version),"Build production-ready systems while learning professional development techniques. Skills covered include project implementation, critical thinking, debugging. You will improve your technical and analytical thinking.",Primary Education,Advanced,210,3,3.96
369,Assessment Strategies - Advanced | Hands-on Training (Updated Edition),"Gain expert-level knowledge through challenging case studies and complex projects. Skills covered include critical thinking, team collaboration, software development. You will confidently work on real software projects.",Primary Education,Advanced,180,3,4.1
370,Problem Solving Skills - Beginner | Fundamentals (Updated Edition),"Gain practical skills in Problem Solving Skills with real-life case studies and beginner projects. Skills covered include system design, real-world deployment, team collaboration. You will develop portfolio-ready applications.",Primary Education,Beginner,45,1,4.61
371,Project Based Learning - Beginner | Masterclass (Updated Edition),"Gain practical skills in Project Based Learning with real-life case studies and beginner projects. Skills covered include real-world deployment, problem solving, team collaboration. You will confidently work on real software projects.",Primary Education,Beginner,30,1,4.57
372,Interactive Learning | Project-Based Learning (Updated Edition),"Explore intermediate concepts in Interactive Learning while building portfolio-ready projects. Skills covered include debugging, system design, software development. You will build real projects throughout the course.",Primary Education,Intermediate,90,2,4.37
373,Collaborative Learning | Project-Based Learning,"Prepare for senior-level positions by mastering the latest technologies in Primary Education. Skills covered include critical thinking, team collaboration, best practices. You will understand best practices followed by professional engineers.",Primary Education,Advanced,210,3,4.38
374,Teaching Mathematics - Beginner | Masterclass (Latest Version),"Develop your first practical projects while learning the core concepts of Teaching Mathematics. Skills covered include real-world deployment, project implementation, software development. You will develop portfolio-ready applications.",Primary Education,Beginner,60,1,4.17
375,Assessment Strategies | Fundamentals (Updated Edition),"Develop your first practical projects while learning the core concepts of Assessment Strategies. Skills covered include data analysis, debugging, project implementation. You will confidently work on real software projects.",Primary Education,Beginner,45,1,4.33
376,Digital Learning - Intermediate | Fundamentals (2026 Edition),"Improve your technical skills with hands-on labs, assignments, and real-world applications. Skills covered include team collaboration, debugging, real-world deployment. You will improve your technical and analytical thinking.",Primary Education,Intermediate,120,2,4.3
377,Classroom Management - Advanced | Complete Course (Latest Version),"Gain expert-level knowledge through challenging case studies and complex projects. Skills covered include best practices, project implementation, team collaboration. You will build real projects throughout the course.",Primary Education,Advanced,150,3,3.98
378,Primary STEM Activities - Beginner | Complete Course,"Gain practical skills in Primary STEM Activities with real-life case studies and beginner projects. Skills covered include critical thinking, best practices, data analysis. You will develop portfolio-ready applications.",Primary Education,Beginner,60,1,4.56
379,Interactive Learning | Essentials (Updated Edition),"Master the basics of Interactive Learning using simple explanations and interactive exercises. Skills covered include real-world deployment, team collaboration, software development. You will develop portfolio-ready applications.",Primary Education,Beginner,30,1,4.3
380,Interactive Learning | Essentials (Latest Version),"Understand key principles and build confidence through guided exercises and quizzes. Skills covered include real-world deployment, project implementation, best practices. You will be able to apply your knowledge to practical business scenarios.",Primary Education,Beginner,30,1,4.62
381,Digital Learning | Practical Workshop (Latest Version),"Practice real-world scenarios and improve your problem-solving skills in Primary Education. Skills covered include data analysis, project implementation, team collaboration. You will be prepared for technical interviews and real-world challenges.",Primary Education,Intermediate,60,2,4.5
382,Teaching English | Practical Workshop (Latest Version),"Work with large-scale projects and advanced design strategies in Primary Education. Skills covered include problem solving, software development, system design. You will develop portfolio-ready applications.",Primary Education,Advanced,150,3,4.21
383,Writing Development - Beginner | Hands-on Training,"Learn the fundamentals of Writing Development from scratch with practical examples and step-by-step explanations. Skills covered include problem solving, debugging, critical thinking. You will gain hands-on experience using industry-standard tools.",Primary Education,Beginner,30,1,4.76
384,Teaching English | Bootcamp (Latest Version),"Improve your technical skills with hands-on labs, assignments, and real-world applications. Skills covered include project implementation, best practices, software development. You will be able to apply your knowledge to practical business scenarios.",Primary Education,Intermediate,90,2,4.19
385,Collaborative Learning,"Develop enterprise-grade applications using industry standards and modern architectures. Skills covered include team collaboration, best practices, software development. You will be able to apply your knowledge to practical business scenarios.",Primary Education,Advanced,180,3,4.28
386,Learning Assessment | Fundamentals (Latest Version),"Apply your existing knowledge to build complete projects from start to finish. Skills covered include team collaboration, system design, critical thinking. You will confidently work on real software projects.",Primary Education,Intermediate,120,2,4.09
387,Creative Lesson Planning | Professional Certificate (2026 Edition),"Start your learning journey in Primary Education through hands-on projects and real-world examples. Skills covered include data analysis, project implementation, best practices. You will build real projects throughout the course.",Primary Education,Beginner,30,1,4.96
388,Active Learning - Advanced | Project-Based Learning (Updated Edition),"Develop enterprise-grade applications using industry standards and modern architectures. Skills covered include real-world deployment, system design, problem solving. You will understand best practices followed by professional engineers.",Primary Education,Advanced,210,3,4.1
389,Project Based Learning | Essentials (Latest Version),"Develop scalable solutions using modern frameworks and professional development practices. Skills covered include debugging, system design, project implementation. You will gain hands-on experience using industry-standard tools.",Primary Education,Intermediate,90,2,4.51
390,Educational Technology | Essentials (Updated Edition),"Develop scalable solutions using modern frameworks and professional development practices. Skills covered include system design, critical thinking, software development. You will be able to apply your knowledge to practical business scenarios.",Primary Education,Intermediate,120,2,4.65
391,Creative Lesson Planning | Project-Based Learning (Latest Version),"Start your learning journey in Primary Education through hands-on projects and real-world examples. Skills covered include problem solving, team collaboration, real-world deployment. You will be able to apply your knowledge to practical business scenarios.",Primary Education,Beginner,90,1,4.28
392,Science for Primary Students - Beginner | Complete Course (Latest Version),"Perfect for beginners who want to build a strong foundation in Primary Education. Skills covered include software development, problem solving, best practices. You will improve your technical and analytical thinking.",Primary Education,Beginner,45,1,4.51
393,Problem Solving Skills | Project-Based Learning (Updated Edition),"Learn advanced workflows and techniques used by professionals working in Primary Education. Skills covered include problem solving, project implementation, debugging. You will gain hands-on experience using industry-standard tools.",Primary Education,Intermediate,60,2,4.07
394,Educational Games | Masterclass (Updated Edition),"Expand your experience in Primary Education using modern tools and best practices. Skills covered include system design, debugging, best practices. You will improve your technical and analytical thinking.",Primary Education,Intermediate,60,2,4.72
395,Reading Skills | Bootcamp (2026 Edition),"Develop your first practical projects while learning the core concepts of Reading Skills. Skills covered include software development, problem solving, critical thinking. You will develop portfolio-ready applications.",Primary Education,Beginner,75,1,4.41
396,Active Learning - Intermediate | Masterclass (Updated Edition),"Expand your experience in Primary Education using modern tools and best practices. Skills covered include system design, debugging, data analysis. You will build real projects throughout the course.",Primary Education,Intermediate,90,2,4.1
397,Digital Learning | Fundamentals,"Prepare for senior-level positions by mastering the latest technologies in Primary Education. Skills covered include real-world deployment, software development, data analysis. You will gain hands-on experience using industry-standard tools.",Primary Education,Advanced,150,3,4.17
398,Assessment Strategies - Beginner | Bootcamp (Updated Edition),"Develop your first practical projects while learning the core concepts of Assessment Strategies. Skills covered include software development, team collaboration, critical thinking. You will be able to apply your knowledge to practical business scenarios.",Primary Education,Beginner,30,1,4.5
399,Active Learning | Essentials (Updated Edition),"Start your learning journey in Primary Education through hands-on projects and real-world examples. Skills covered include project implementation, problem solving, best practices. You will confidently work on real software projects.",Primary Education,Beginner,45,1,4.74
400,Educational Games - Beginner | Project-Based Learning (2026 Edition),"Develop your first practical projects while learning the core concepts of Educational Games. Skills covered include data analysis, best practices, project implementation. You will be able to apply your knowledge to practical business scenarios.",Primary Education,Beginner,90,1,4.53
401,Cognitive Growth | Project-Based Learning (Updated Edition),"Develop scalable solutions using modern frameworks and professional development practices. Skills covered include software development, problem solving, data analysis. You will improve your technical and analytical thinking.",Child Development,Intermediate,120,2,3.89
402,Attachment Theory - Intermediate | Essentials (Latest Version),"Learn advanced workflows and techniques used by professionals working in Child Development. Skills covered include real-world deployment, project implementation, data analysis. You will be prepared for technical interviews and real-world challenges.",Child Development,Intermediate,150,2,4.42
403,Attachment Theory - Beginner | Essentials,"Perfect for beginners who want to build a strong foundation in Child Development. Skills covered include best practices, system design, critical thinking. You will build real projects throughout the course.",Child Development,Beginner,45,1,4.53
404,Development Assessment | Hands-on Training (Latest Version),"Practice real-world scenarios and improve your problem-solving skills in Child Development. Skills covered include system design, critical thinking, problem solving. You will improve your technical and analytical thinking.",Child Development,Intermediate,60,2,4.36
405,Growth Monitoring - Advanced | Bootcamp (Latest Version),"Understand advanced implementation techniques used in professional environments. Skills covered include data analysis, problem solving, project implementation. You will build real projects throughout the course.",Child Development,Advanced,180,3,3.55
406,Cognitive Growth - Advanced | Bootcamp (2026 Edition),"Explore optimization, scalability, and best engineering practices in Cognitive Growth. Skills covered include team collaboration, debugging, system design. You will improve your technical and analytical thinking.",Child Development,Advanced,120,3,3.89
407,Self Regulation | Fundamentals (2026 Edition),"Apply your existing knowledge to build complete projects from start to finish. Skills covered include debugging, critical thinking, software development. You will be able to apply your knowledge to practical business scenarios.",Child Development,Intermediate,60,2,4.33
408,Early Intervention | Practical Workshop (2026 Edition),"Practice real-world scenarios and improve your problem-solving skills in Child Development. Skills covered include team collaboration, data analysis, real-world deployment. You will be prepared for technical interviews and real-world challenges.",Child Development,Intermediate,120,2,3.97
409,Family Engagement - Advanced | Practical Workshop (2026 Edition),"Develop enterprise-grade applications using industry standards and modern architectures. Skills covered include data analysis, best practices, team collaboration. You will be prepared for technical interviews and real-world challenges.",Child Development,Advanced,210,3,4.16
410,Child Psychology - Intermediate | Professional Certificate,"Strengthen your knowledge of Child Psychology by solving practical industry-focused projects. Skills covered include project implementation, system design, team collaboration. You will understand best practices followed by professional engineers.",Child Development,Intermediate,120,2,3.73
411,Child Psychology - Advanced | Professional Certificate (2026 Edition),"Develop enterprise-grade applications using industry standards and modern architectures. Skills covered include data analysis, system design, team collaboration. You will develop portfolio-ready applications.",Child Development,Advanced,120,3,3.96
412,Healthy Childhood - Beginner | Hands-on Training (2026 Edition),"Gain practical skills in Healthy Childhood with real-life case studies and beginner projects. Skills covered include software development, best practices, critical thinking. You will develop portfolio-ready applications.",Child Development,Beginner,60,1,4.54
413,Brain Development - Intermediate | Fundamentals (Latest Version),"Develop scalable solutions using modern frameworks and professional development practices. Skills covered include debugging, critical thinking, system design. You will build real projects throughout the course.",Child Development,Intermediate,60,2,4.5
414,Observation Techniques | Essentials,"Start your learning journey in Child Development through hands-on projects and real-world examples. Skills covered include data analysis, team collaboration, system design. You will be able to apply your knowledge to practical business scenarios.",Child Development,Beginner,90,1,4.39
415,Brain Development - Intermediate | Hands-on Training (Latest Version),"Learn advanced workflows and techniques used by professionals working in Child Development. Skills covered include software development, data analysis, critical thinking. You will confidently work on real software projects.",Child Development,Intermediate,90,2,3.9
416,Development Assessment | Essentials (Latest Version),"Develop scalable solutions using modern frameworks and professional development practices. Skills covered include team collaboration, debugging, software development. You will be able to apply your knowledge to practical business scenarios.",Child Development,Intermediate,60,2,4.48
417,Growth Monitoring - Intermediate | Project-Based Learning (Latest Version),"Develop scalable solutions using modern frameworks and professional development practices. Skills covered include data analysis, critical thinking, team collaboration. You will be prepared for technical interviews and real-world challenges.",Child Development,Intermediate,90,2,4.31
418,Family Engagement | Masterclass (Updated Edition),"Learn the fundamentals of Family Engagement from scratch with practical examples and step-by-step explanations. Skills covered include project implementation, software development, data analysis. You will confidently work on real software projects.",Child Development,Beginner,90,1,4.7
419,Parent Collaboration - Beginner (2026 Edition),"Perfect for beginners who want to build a strong foundation in Child Development. Skills covered include critical thinking, problem solving, system design. You will be able to apply your knowledge to practical business scenarios.",Child Development,Beginner,60,1,4.72
420,Healthy Childhood | Bootcamp (Updated Edition),"Learn the fundamentals of Healthy Childhood from scratch with practical examples and step-by-step explanations. Skills covered include data analysis, system design, team collaboration. You will improve your technical and analytical thinking.",Child Development,Beginner,75,1,4.84
421,Early Intervention - Intermediate | Professional Certificate (Latest Version),"Strengthen your knowledge of Early Intervention by solving practical industry-focused projects. Skills covered include project implementation, software development, problem solving. You will develop portfolio-ready applications.",Child Development,Intermediate,60,2,3.91
422,Behavior Management - Advanced | Fundamentals (Updated Edition),"Master advanced concepts in Behavior Management through real-world enterprise applications. Skills covered include critical thinking, debugging, project implementation. You will understand best practices followed by professional engineers.",Child Development,Advanced,210,3,4.48
423,Language Development | Hands-on Training (2026 Edition),"Develop your first practical projects while learning the core concepts of Language Development. Skills covered include best practices, team collaboration, critical thinking. You will be able to apply your knowledge to practical business scenarios.",Child Development,Beginner,90,1,4.61
424,Behavior Management - Intermediate | Project-Based Learning,"Explore intermediate concepts in Behavior Management while building portfolio-ready projects. Skills covered include data analysis, best practices, debugging. You will be able to apply your knowledge to practical business scenarios.",Child Development,Intermediate,90,2,4.28
425,Child Psychology | Practical Workshop (Updated Edition),"This beginner-friendly course introduces the essential concepts required to succeed in Child Development. Skills covered include problem solving, project implementation, debugging. You will build real projects throughout the course.",Child Development,Beginner,45,1,5.0
426,Early Intervention | Masterclass (2026 Edition),"Work with large-scale projects and advanced design strategies in Child Development. Skills covered include critical thinking, debugging, system design. You will be prepared for technical interviews and real-world challenges.",Child Development,Advanced,210,3,4.08
427,Learning Through Play | Hands-on Training (Updated Edition),"Learn advanced workflows and techniques used by professionals working in Child Development. Skills covered include real-world deployment, team collaboration, system design. You will be able to apply your knowledge to practical business scenarios.",Child Development,Intermediate,150,2,4.14
428,Healthy Childhood | Essentials (2026 Edition),"Learn advanced workflows and techniques used by professionals working in Child Development. Skills covered include data analysis, critical thinking, team collaboration. You will be able to apply your knowledge to practical business scenarios.",Child Development,Intermediate,90,2,4.26
429,Attachment Theory | Complete Course,"Develop enterprise-grade applications using industry standards and modern architectures. Skills covered include software development, system design, critical thinking. You will be able to apply your knowledge to practical business scenarios.",Child Development,Advanced,210,3,4.31
430,Social Development - Beginner | Fundamentals (Updated Edition),"Master the basics of Social Development using simple explanations and interactive exercises. Skills covered include system design, problem solving, data analysis. You will gain hands-on experience using industry-standard tools.",Child Development,Beginner,90,1,4.45
431,Growth Monitoring | Fundamentals (Latest Version),"Start your learning journey in Child Development through hands-on projects and real-world examples. Skills covered include software development, system design, team collaboration. You will build real projects throughout the course.",Child Development,Beginner,45,1,4.67
432,Family Engagement (Updated Edition),"Explore optimization, scalability, and best engineering practices in Family Engagement. Skills covered include system design, critical thinking, software development. You will confidently work on real software projects.",Child Development,Advanced,150,3,3.87
433,Parent Collaboration - Intermediate | Practical Workshop (Latest Version),"Develop scalable solutions using modern frameworks and professional development practices. Skills covered include data analysis, debugging, problem solving. You will gain hands-on experience using industry-standard tools.",Child Development,Intermediate,150,2,4.24
434,Child Wellbeing (2026 Edition),"Develop scalable solutions using modern frameworks and professional development practices. Skills covered include team collaboration, problem solving, system design. You will develop portfolio-ready applications.",Child Development,Intermediate,60,2,4.34
435,Child Wellbeing | Professional Certificate (Updated Edition),"Learn the fundamentals of Child Wellbeing from scratch with practical examples and step-by-step explanations. Skills covered include team collaboration, software development, best practices. You will confidently work on real software projects.",Child Development,Beginner,45,1,4.2
436,Cognitive Growth - Intermediate | Bootcamp (2026 Edition),"Develop scalable solutions using modern frameworks and professional development practices. Skills covered include data analysis, best practices, problem solving. You will be able to apply your knowledge to practical business scenarios.",Child Development,Intermediate,150,2,4.46
437,Child Wellbeing - Intermediate | Masterclass (Latest Version),"Learn advanced workflows and techniques used by professionals working in Child Development. Skills covered include critical thinking, real-world deployment, team collaboration. You will confidently work on real software projects.",Child Development,Intermediate,120,2,4.14
438,Positive Discipline | Hands-on Training (2026 Edition),"Understand key principles and build confidence through guided exercises and quizzes. Skills covered include problem solving, software development, data analysis. You will be able to apply your knowledge to practical business scenarios.",Child Development,Beginner,90,1,4.82
439,Social Development | Complete Course,"Prepare for senior-level positions by mastering the latest technologies in Child Development. Skills covered include project implementation, software development, critical thinking. You will be able to apply your knowledge to practical business scenarios.",Child Development,Advanced,180,3,3.94
440,Behavior Management | Professional Certificate,"Gain practical skills in Behavior Management with real-life case studies and beginner projects. Skills covered include team collaboration, problem solving, best practices. You will improve your technical and analytical thinking.",Child Development,Beginner,75,1,4.9
441,Behavior Management | Project-Based Learning (Latest Version),"Improve your technical skills with hands-on labs, assignments, and real-world applications. Skills covered include team collaboration, project implementation, system design. You will build real projects throughout the course.",Child Development,Intermediate,150,2,4.6
442,Social Development - Beginner | Practical Workshop,"This beginner-friendly course introduces the essential concepts required to succeed in Child Development. Skills covered include data analysis, critical thinking, problem solving. You will gain hands-on experience using industry-standard tools.",Child Development,Beginner,30,1,4.66
443,Family Engagement - Advanced | Complete Course (Updated Edition),"Master advanced concepts in Family Engagement through real-world enterprise applications. Skills covered include critical thinking, project implementation, data analysis. You will understand best practices followed by professional engineers.",Child Development,Advanced,210,3,4.1
444,Observation Techniques | Hands-on Training,"Work with large-scale projects and advanced design strategies in Child Development. Skills covered include critical thinking, project implementation, data analysis. You will be prepared for technical interviews and real-world challenges.",Child Development,Advanced,210,3,3.86
445,Self Regulation - Beginner | Masterclass,"Perfect for beginners who want to build a strong foundation in Child Development. Skills covered include best practices, project implementation, debugging. You will understand best practices followed by professional engineers.",Child Development,Beginner,90,1,4.46
446,Developmental Milestones - Intermediate | Fundamentals (Updated Edition),"Apply your existing knowledge to build complete projects from start to finish. Skills covered include best practices, software development, system design. You will develop portfolio-ready applications.",Child Development,Intermediate,150,2,3.95
447,Behavior Management - Beginner (Latest Version),"Understand key principles and build confidence through guided exercises and quizzes. Skills covered include problem solving, data analysis, team collaboration. You will improve your technical and analytical thinking.",Child Development,Beginner,45,1,4.78
448,Child Psychology - Intermediate | Professional Certificate (Updated Edition),"Explore intermediate concepts in Child Psychology while building portfolio-ready projects. Skills covered include team collaboration, real-world deployment, data analysis. You will build real projects throughout the course.",Child Development,Intermediate,120,2,3.5
449,Language Development - Intermediate | Practical Workshop (Latest Version),"Apply your existing knowledge to build complete projects from start to finish. Skills covered include best practices, problem solving, software development. You will confidently work on real software projects.",Child Development,Intermediate,90,2,4.46
450,Emotional Development | Essentials (Updated Edition),"Strengthen your knowledge of Emotional Development by solving practical industry-focused projects. Skills covered include team collaboration, project implementation, data analysis. You will build real projects throughout the course.",Child Development,Intermediate,150,2,4.74
451,Behavior Management - Intermediate | Practical Workshop (Updated Edition),"Develop scalable solutions using modern frameworks and professional development practices. Skills covered include team collaboration, software development, debugging. You will be able to apply your knowledge to practical business scenarios.",Child Development,Intermediate,90,2,4.29
452,Parent Collaboration - Beginner | Professional Certificate (Updated Edition),"Understand key principles and build confidence through guided exercises and quizzes. Skills covered include critical thinking, best practices, system design. You will understand best practices followed by professional engineers.",Child Development,Beginner,60,1,4.56
453,Child Wellbeing | Professional Certificate (2026 Edition),"Explore optimization, scalability, and best engineering practices in Child Wellbeing. Skills covered include critical thinking, best practices, problem solving. You will confidently work on real software projects.",Child Development,Advanced,150,3,4.43
454,Self Regulation | Practical Workshop (Latest Version),"Start your learning journey in Child Development through hands-on projects and real-world examples. Skills covered include critical thinking, team collaboration, software development. You will improve your technical and analytical thinking.",Child Development,Beginner,60,1,4.78
455,Brain Development - Intermediate | Essentials,"Expand your experience in Child Development using modern tools and best practices. Skills covered include data analysis, best practices, problem solving. You will gain hands-on experience using industry-standard tools.",Child Development,Intermediate,120,2,4.65
456,Self Regulation | Professional Certificate,"Gain expert-level knowledge through challenging case studies and complex projects. Skills covered include system design, real-world deployment, project implementation. You will develop portfolio-ready applications.",Child Development,Advanced,150,3,3.94
457,Early Intervention | Project-Based Learning,"Perfect for beginners who want to build a strong foundation in Child Development. Skills covered include system design, team collaboration, data analysis. You will understand best practices followed by professional engineers.",Child Development,Beginner,45,1,4.57
458,Developmental Milestones - Beginner | Professional Certificate (2026 Edition),"This beginner-friendly course introduces the essential concepts required to succeed in Child Development. Skills covered include real-world deployment, data analysis, best practices. You will build real projects throughout the course.",Child Development,Beginner,30,1,4.6
459,Emotional Development,"Gain practical skills in Emotional Development with real-life case studies and beginner projects. Skills covered include real-world deployment, data analysis, project implementation. You will understand best practices followed by professional engineers.",Child Development,Beginner,30,1,4.71
460,Behavior Management | Essentials,"Expand your experience in Child Development using modern tools and best practices. Skills covered include best practices, critical thinking, real-world deployment. You will develop portfolio-ready applications.",Child Development,Intermediate,90,2,4.43
461,Child Wellbeing | Masterclass (2026 Edition),"Practice real-world scenarios and improve your problem-solving skills in Child Development. Skills covered include data analysis, best practices, team collaboration. You will build real projects throughout the course.",Child Development,Intermediate,120,2,4.0
462,Cognitive Growth | Practical Workshop (Latest Version),"Explore intermediate concepts in Cognitive Growth while building portfolio-ready projects. Skills covered include data analysis, software development, critical thinking. You will be prepared for technical interviews and real-world challenges.",Child Development,Intermediate,90,2,4.54
463,Language Development | Bootcamp (Updated Edition),"Master the basics of Language Development using simple explanations and interactive exercises. Skills covered include team collaboration, software development, best practices. You will be prepared for technical interviews and real-world challenges.",Child Development,Beginner,75,1,4.34
464,Cognitive Growth | Fundamentals (Latest Version),"Develop your first practical projects while learning the core concepts of Cognitive Growth. Skills covered include team collaboration, system design, software development. You will gain hands-on experience using industry-standard tools.",Child Development,Beginner,90,1,4.4
465,Development Assessment | Bootcamp (Latest Version),"Develop enterprise-grade applications using industry standards and modern architectures. Skills covered include debugging, critical thinking, team collaboration. You will be prepared for technical interviews and real-world challenges.",Child Development,Advanced,240,3,4.32
466,Attachment Theory - Intermediate,"Strengthen your knowledge of Attachment Theory by solving practical industry-focused projects. Skills covered include software development, real-world deployment, best practices. You will develop portfolio-ready applications.",Child Development,Intermediate,90,2,4.46
467,Observation Techniques - Intermediate | Project-Based Learning (2026 Edition),"Explore intermediate concepts in Observation Techniques while building portfolio-ready projects. Skills covered include debugging, data analysis, critical thinking. You will build real projects throughout the course.",Child Development,Intermediate,120,2,4.16
468,Parent Collaboration | Hands-on Training (2026 Edition),"Gain expert-level knowledge through challenging case studies and complex projects. Skills covered include team collaboration, problem solving, real-world deployment. You will understand best practices followed by professional engineers.",Child Development,Advanced,120,3,4.52
469,Language Development (2026 Edition),"Understand advanced implementation techniques used in professional environments. Skills covered include debugging, real-world deployment, team collaboration. You will improve your technical and analytical thinking.",Child Development,Advanced,240,3,3.93
470,Social Development | Masterclass (Latest Version),"Learn advanced workflows and techniques used by professionals working in Child Development. Skills covered include project implementation, software development, team collaboration. You will build real projects throughout the course.",Child Development,Intermediate,150,2,4.43
471,Cognitive Growth | Complete Course (Latest Version),"Develop scalable solutions using modern frameworks and professional development practices. Skills covered include best practices, debugging, software development. You will confidently work on real software projects.",Child Development,Intermediate,90,2,4.61
472,Self Regulation | Project-Based Learning (Latest Version),"Learn advanced workflows and techniques used by professionals working in Child Development. Skills covered include debugging, problem solving, best practices. You will improve your technical and analytical thinking.",Child Development,Intermediate,90,2,4.48
473,Self Regulation - Beginner | Essentials (Updated Edition),"Perfect for beginners who want to build a strong foundation in Child Development. Skills covered include real-world deployment, best practices, critical thinking. You will be able to apply your knowledge to practical business scenarios.",Child Development,Beginner,30,1,4.14
474,Self Regulation - Advanced | Professional Certificate (Latest Version),"Build production-ready systems while learning professional development techniques. Skills covered include system design, best practices, critical thinking. You will develop portfolio-ready applications.",Child Development,Advanced,240,3,3.94
475,Parent Collaboration | Practical Workshop,"Develop your first practical projects while learning the core concepts of Parent Collaboration. Skills covered include debugging, data analysis, project implementation. You will develop portfolio-ready applications.",Child Development,Beginner,75,1,4.22
476,Social Development | Fundamentals (Updated Edition),"Gain practical skills in Social Development with real-life case studies and beginner projects. Skills covered include real-world deployment, software development, problem solving. You will develop portfolio-ready applications.",Child Development,Beginner,30,1,4.48
477,Parent Collaboration - Beginner | Project-Based Learning,"This beginner-friendly course introduces the essential concepts required to succeed in Child Development. Skills covered include software development, project implementation, team collaboration. You will develop portfolio-ready applications.",Child Development,Beginner,90,1,4.89
478,Child Psychology - Intermediate | Fundamentals (2026 Edition),"Practice real-world scenarios and improve your problem-solving skills in Child Development. Skills covered include software development, project implementation, system design. You will confidently work on real software projects.",Child Development,Intermediate,150,2,4.5
479,Social Development - Advanced (Updated Edition),"Prepare for senior-level positions by mastering the latest technologies in Child Development. Skills covered include debugging, real-world deployment, system design. You will confidently work on real software projects.",Child Development,Advanced,150,3,3.72
480,Social Development | Practical Workshop,"Learn the fundamentals of Social Development from scratch with practical examples and step-by-step explanations. Skills covered include software development, best practices, debugging. You will confidently work on real software projects.",Child Development,Beginner,30,1,4.24
481,Healthy Childhood | Essentials (2026 Edition),"Develop scalable solutions using modern frameworks and professional development practices. Skills covered include problem solving, project implementation, best practices. You will be prepared for technical interviews and real-world challenges.",Child Development,Intermediate,150,2,4.16
482,Attachment Theory,"Develop enterprise-grade applications using industry standards and modern architectures. Skills covered include data analysis, project implementation, team collaboration. You will gain hands-on experience using industry-standard tools.",Child Development,Advanced,210,3,4.12
483,Developmental Milestones - Intermediate | Hands-on Training (Latest Version),"Learn advanced workflows and techniques used by professionals working in Child Development. Skills covered include data analysis, team collaboration, problem solving. You will build real projects throughout the course.",Child Development,Intermediate,90,2,3.93
484,Cognitive Growth | Bootcamp,"Master the basics of Cognitive Growth using simple explanations and interactive exercises. Skills covered include project implementation, real-world deployment, system design. You will build real projects throughout the course.",Child Development,Beginner,60,1,4.45
485,Child Psychology - Intermediate (2026 Edition),"Develop scalable solutions using modern frameworks and professional development practices. Skills covered include real-world deployment, software development, critical thinking. You will be able to apply your knowledge to practical business scenarios.",Child Development,Intermediate,60,2,4.59
486,Developmental Milestones | Bootcamp (Latest Version),"Develop your first practical projects while learning the core concepts of Developmental Milestones. Skills covered include project implementation, software development, critical thinking. You will develop portfolio-ready applications.",Child Development,Beginner,75,1,4.68
487,Brain Development | Practical Workshop,"Master the basics of Brain Development using simple explanations and interactive exercises. Skills covered include real-world deployment, debugging, software development. You will confidently work on real software projects.",Child Development,Beginner,60,1,4.54
488,Language Development - Beginner | Hands-on Training (2026 Edition),"This beginner-friendly course introduces the essential concepts required to succeed in Child Development. Skills covered include critical thinking, problem solving, real-world deployment. You will gain hands-on experience using industry-standard tools.",Child Development,Beginner,75,1,4.59
489,Development Assessment | Project-Based Learning,"Strengthen your knowledge of Development Assessment by solving practical industry-focused projects. Skills covered include debugging, project implementation, software development. You will understand best practices followed by professional engineers.",Child Development,Intermediate,90,2,4.29
490,Observation Techniques | Essentials (Latest Version),"Develop scalable solutions using modern frameworks and professional development practices. Skills covered include critical thinking, team collaboration, system design. You will build real projects throughout the course.",Child Development,Intermediate,150,2,4.29
491,Observation Techniques | Project-Based Learning,"Build production-ready systems while learning professional development techniques. Skills covered include data analysis, team collaboration, real-world deployment. You will gain hands-on experience using industry-standard tools.",Child Development,Advanced,180,3,3.99
492,Child Wellbeing - Advanced | Professional Certificate (2026 Edition),"Master advanced concepts in Child Wellbeing through real-world enterprise applications. Skills covered include debugging, system design, project implementation. You will be prepared for technical interviews and real-world challenges.",Child Development,Advanced,240,3,3.87
493,Language Development - Intermediate | Practical Workshop (Latest Version),"Improve your technical skills with hands-on labs, assignments, and real-world applications. Skills covered include problem solving, system design, best practices. You will be prepared for technical interviews and real-world challenges.",Child Development,Intermediate,150,2,4.29
494,Cognitive Growth | Professional Certificate (Latest Version),"Master advanced concepts in Cognitive Growth through real-world enterprise applications. Skills covered include data analysis, problem solving, real-world deployment. You will build real projects throughout the course.",Child Development,Advanced,120,3,3.96
495,Observation Techniques - Beginner | Essentials (Latest Version),"Start your learning journey in Child Development through hands-on projects and real-world examples. Skills covered include best practices, problem solving, real-world deployment. You will build real projects throughout the course.",Child Development,Beginner,90,1,4.51
496,Learning Through Play - Intermediate | Complete Course,"Explore intermediate concepts in Learning Through Play while building portfolio-ready projects. Skills covered include critical thinking, best practices, software development. You will gain hands-on experience using industry-standard tools.",Child Development,Intermediate,60,2,4.4
497,Language Development - Beginner | Fundamentals (2026 Edition),"Understand key principles and build confidence through guided exercises and quizzes. Skills covered include data analysis, critical thinking, software development. You will understand best practices followed by professional engineers.",Child Development,Beginner,45,1,4.09
498,Behavior Management | Fundamentals (2026 Edition),"Build production-ready systems while learning professional development techniques. Skills covered include project implementation, software development, debugging. You will be able to apply your knowledge to practical business scenarios.",Child Development,Advanced,120,3,4.3
499,Positive Discipline - Intermediate | Project-Based Learning (2026 Edition),"Develop scalable solutions using modern frameworks and professional development practices. Skills covered include software development, problem solving, best practices. You will gain hands-on experience using industry-standard tools.",Child Development,Intermediate,90,2,4.69
500,Child Psychology | Bootcamp (Updated Edition),"Start your learning journey in Child Development through hands-on projects and real-world examples. Skills covered include system design, software development, project implementation. You will confidently work on real software projects.",Child Development,Beginner,75,1,4.78
501,Family Engagement - Beginner | Complete Course,"This beginner-friendly course introduces the essential concepts required to succeed in Child Development. Skills covered include data analysis, debugging, problem solving. You will improve your technical and analytical thinking.",Child Development,Beginner,75,1,4.42
502,Behavior Management | Essentials,"Master the basics of Behavior Management using simple explanations and interactive exercises. Skills covered include best practices, system design, project implementation. You will build real projects throughout the course.",Child Development,Beginner,90,1,4.43
503,Behavior Management | Complete Course (Latest Version),"Learn the fundamentals of Behavior Management from scratch with practical examples and step-by-step explanations. Skills covered include data analysis, project implementation, system design. You will be prepared for technical interviews and real-world challenges.",Child Development,Beginner,45,1,4.8
504,Developmental Milestones - Beginner | Project-Based Learning,"Start your learning journey in Child Development through hands-on projects and real-world examples. Skills covered include software development, problem solving, best practices. You will gain hands-on experience using industry-standard tools.",Child Development,Beginner,30,1,4.98
505,Cognitive Growth | Project-Based Learning (Updated Edition),"Explore optimization, scalability, and best engineering practices in Cognitive Growth. Skills covered include critical thinking, data analysis, system design. You will gain hands-on experience using industry-standard tools.",Child Development,Advanced,150,3,4.09
506,Learning Through Play - Intermediate | Masterclass (Latest Version),"Apply your existing knowledge to build complete projects from start to finish. Skills covered include real-world deployment, best practices, problem solving. You will be prepared for technical interviews and real-world challenges.",Child Development,Intermediate,60,2,3.77
507,Emotional Development - Beginner | Fundamentals (Latest Version),"Master the basics of Emotional Development using simple explanations and interactive exercises. Skills covered include data analysis, project implementation, system design. You will understand best practices followed by professional engineers.",Child Development,Beginner,75,1,4.31
508,Emotional Development | Fundamentals,"Perfect for beginners who want to build a strong foundation in Child Development. Skills covered include best practices, real-world deployment, debugging. You will be able to apply your knowledge to practical business scenarios.",Child Development,Beginner,45,1,4.7
509,Attachment Theory - Beginner | Professional Certificate (2026 Edition),"Perfect for beginners who want to build a strong foundation in Child Development. Skills covered include debugging, team collaboration, best practices. You will improve your technical and analytical thinking.",Child Development,Beginner,90,1,4.98
510,Development Assessment - Intermediate | Project-Based Learning (Updated Edition),"Improve your technical skills with hands-on labs, assignments, and real-world applications. Skills covered include system design, data analysis, debugging. You will improve your technical and analytical thinking.",Child Development,Intermediate,150,2,4.21
511,Development Assessment | Fundamentals,"Master advanced concepts in Development Assessment through real-world enterprise applications. Skills covered include debugging, team collaboration, real-world deployment. You will confidently work on real software projects.",Child Development,Advanced,120,3,4.37
512,Language Development - Intermediate | Masterclass,"Improve your technical skills with hands-on labs, assignments, and real-world applications. Skills covered include software development, data analysis, project implementation. You will improve your technical and analytical thinking.",Child Development,Intermediate,150,2,4.37
513,Cognitive Growth | Professional Certificate (2026 Edition),"Gain practical skills in Cognitive Growth with real-life case studies and beginner projects. Skills covered include best practices, software development, debugging. You will be able to apply your knowledge to practical business scenarios.",Child Development,Beginner,90,1,4.5
514,Positive Discipline,"Strengthen your knowledge of Positive Discipline by solving practical industry-focused projects. Skills covered include project implementation, debugging, real-world deployment. You will improve your technical and analytical thinking.",Child Development,Intermediate,120,2,4.24
515,Cognitive Growth | Practical Workshop,"Strengthen your knowledge of Cognitive Growth by solving practical industry-focused projects. Skills covered include data analysis, real-world deployment, software development. You will gain hands-on experience using industry-standard tools.",Child Development,Intermediate,60,2,4.48
516,Early Intervention | Masterclass (2026 Edition),"Expand your experience in Child Development using modern tools and best practices. Skills covered include best practices, system design, team collaboration. You will understand best practices followed by professional engineers.",Child Development,Intermediate,90,2,4.45
517,Positive Discipline | Essentials (Latest Version),"Prepare for senior-level positions by mastering the latest technologies in Child Development. Skills covered include team collaboration, real-world deployment, critical thinking. You will confidently work on real software projects.",Child Development,Advanced,120,3,4.31
518,Early Intervention | Essentials (Updated Edition),"Expand your experience in Child Development using modern tools and best practices. Skills covered include system design, best practices, critical thinking. You will gain hands-on experience using industry-standard tools.",Child Development,Intermediate,120,2,4.39
519,Observation Techniques - Advanced | Professional Certificate,"Prepare for senior-level positions by mastering the latest technologies in Child Development. Skills covered include software development, system design, problem solving. You will develop portfolio-ready applications.",Child Development,Advanced,150,3,4.04
520,Family Engagement | Essentials (2026 Edition),"Understand advanced implementation techniques used in professional environments. Skills covered include best practices, problem solving, project implementation. You will improve your technical and analytical thinking.",Child Development,Advanced,180,3,4.48
521,Cognitive Growth | Masterclass (Updated Edition),"Develop your first practical projects while learning the core concepts of Cognitive Growth. Skills covered include best practices, team collaboration, real-world deployment. You will confidently work on real software projects.",Child Development,Beginner,90,1,4.3
522,Healthy Childhood | Professional Certificate (2026 Edition),"Apply your existing knowledge to build complete projects from start to finish. Skills covered include data analysis, project implementation, problem solving. You will be able to apply your knowledge to practical business scenarios.",Child Development,Intermediate,90,2,4.6
523,Positive Discipline | Complete Course (2026 Edition),"Start your learning journey in Child Development through hands-on projects and real-world examples. Skills covered include software development, system design, critical thinking. You will build real projects throughout the course.",Child Development,Beginner,45,1,4.97
524,Attachment Theory | Project-Based Learning (Updated Edition),"Improve your technical skills with hands-on labs, assignments, and real-world applications. Skills covered include team collaboration, problem solving, data analysis. You will understand best practices followed by professional engineers.",Child Development,Intermediate,90,2,4.22
525,Emotional Development | Essentials (2026 Edition),"Gain practical skills in Emotional Development with real-life case studies and beginner projects. Skills covered include software development, best practices, data analysis. You will be able to apply your knowledge to practical business scenarios.",Child Development,Beginner,30,1,4.72
526,Child Psychology | Essentials (Updated Edition),"Develop enterprise-grade applications using industry standards and modern architectures. Skills covered include real-world deployment, software development, best practices. You will understand best practices followed by professional engineers.",Child Development,Advanced,210,3,3.98
527,Language Development - Intermediate (2026 Edition),"Improve your technical skills with hands-on labs, assignments, and real-world applications. Skills covered include best practices, data analysis, critical thinking. You will understand best practices followed by professional engineers.",Child Development,Intermediate,120,2,4.64
528,Brain Development | Masterclass (2026 Edition),"Strengthen your knowledge of Brain Development by solving practical industry-focused projects. Skills covered include critical thinking, team collaboration, best practices. You will gain hands-on experience using industry-standard tools.",Child Development,Intermediate,90,2,4.35
529,Self Regulation - Beginner | Project-Based Learning (Updated Edition),"Understand key principles and build confidence through guided exercises and quizzes. Skills covered include data analysis, debugging, real-world deployment. You will build real projects throughout the course.",Child Development,Beginner,60,1,4.18
530,Healthy Childhood - Beginner | Professional Certificate (Latest Version),"Gain practical skills in Healthy Childhood with real-life case studies and beginner projects. Skills covered include debugging, best practices, project implementation. You will be able to apply your knowledge to practical business scenarios.",Child Development,Beginner,45,1,4.74
531,Family Engagement - Intermediate | Hands-on Training (2026 Edition),"Practice real-world scenarios and improve your problem-solving skills in Child Development. Skills covered include critical thinking, debugging, real-world deployment. You will build real projects throughout the course.",Child Development,Intermediate,90,2,4.37
532,Family Engagement - Intermediate | Professional Certificate (Latest Version),"Learn advanced workflows and techniques used by professionals working in Child Development. Skills covered include system design, software development, debugging. You will develop portfolio-ready applications.",Child Development,Intermediate,150,2,4.57
533,Early Intervention | Professional Certificate (Updated Edition),"Learn advanced workflows and techniques used by professionals working in Child Development. Skills covered include project implementation, real-world deployment, best practices. You will gain hands-on experience using industry-standard tools.",Child Development,Intermediate,150,2,4.37
534,Healthy Childhood - Intermediate | Project-Based Learning (2026 Edition),"Explore intermediate concepts in Healthy Childhood while building portfolio-ready projects. Skills covered include best practices, critical thinking, data analysis. You will confidently work on real software projects.",Child Development,Intermediate,60,2,4.74
535,Development Assessment - Intermediate | Professional Certificate (Latest Version),"Explore intermediate concepts in Development Assessment while building portfolio-ready projects. Skills covered include software development, problem solving, real-world deployment. You will understand best practices followed by professional engineers.",Child Development,Intermediate,120,2,3.97
536,Child Wellbeing - Advanced | Complete Course (Updated Edition),"Develop enterprise-grade applications using industry standards and modern architectures. Skills covered include data analysis, debugging, real-world deployment. You will build real projects throughout the course.",Child Development,Advanced,120,3,4.07
537,Healthy Childhood - Beginner | Bootcamp (2026 Edition),"Develop your first practical projects while learning the core concepts of Healthy Childhood. Skills covered include data analysis, project implementation, team collaboration. You will understand best practices followed by professional engineers.",Child Development,Beginner,30,1,4.38
538,Language Development - Intermediate | Practical Workshop (2026 Edition),"Explore intermediate concepts in Language Development while building portfolio-ready projects. Skills covered include data analysis, best practices, debugging. You will understand best practices followed by professional engineers.",Child Development,Intermediate,90,2,4.21
539,Social Development - Beginner | Complete Course (2026 Edition),"Perfect for beginners who want to build a strong foundation in Child Development. Skills covered include debugging, best practices, critical thinking. You will gain hands-on experience using industry-standard tools.",Child Development,Beginner,90,1,4.14
540,Emotional Development | Project-Based Learning (Updated Edition),"Work with large-scale projects and advanced design strategies in Child Development. Skills covered include best practices, team collaboration, data analysis. You will be able to apply your knowledge to practical business scenarios.",Child Development,Advanced,180,3,3.79
541,Healthy Childhood - Beginner | Bootcamp (2026 Edition),"Master the basics of Healthy Childhood using simple explanations and interactive exercises. Skills covered include software development, critical thinking, debugging. You will gain hands-on experience using industry-standard tools.",Child Development,Beginner,45,1,4.42
542,Cognitive Growth - Beginner | Project-Based Learning (Latest Version),"Perfect for beginners who want to build a strong foundation in Child Development. Skills covered include problem solving, team collaboration, real-world deployment. You will confidently work on real software projects.",Child Development,Beginner,45,1,4.3
543,Language Development,"Explore optimization, scalability, and best engineering practices in Language Development. Skills covered include real-world deployment, system design, software development. You will understand best practices followed by professional engineers.",Child Development,Advanced,120,3,4.11
544,Child Psychology | Professional Certificate (Updated Edition),"Master the basics of Child Psychology using simple explanations and interactive exercises. Skills covered include team collaboration, critical thinking, real-world deployment. You will build real projects throughout the course.",Child Development,Beginner,45,1,4.06
545,Self Regulation - Beginner | Masterclass (Updated Edition),"Master the basics of Self Regulation using simple explanations and interactive exercises. Skills covered include team collaboration, best practices, data analysis. You will be able to apply your knowledge to practical business scenarios.",Child Development,Beginner,90,1,4.9
546,Child Wellbeing | Bootcamp (2026 Edition),"Develop scalable solutions using modern frameworks and professional development practices. Skills covered include system design, team collaboration, real-world deployment. You will be prepared for technical interviews and real-world challenges.",Child Development,Intermediate,150,2,4.31
547,Language Development | Practical Workshop,"Gain expert-level knowledge through challenging case studies and complex projects. Skills covered include project implementation, team collaboration, problem solving. You will gain hands-on experience using industry-standard tools.",Child Development,Advanced,120,3,3.81
548,Attachment Theory | Hands-on Training (Updated Edition),"Apply your existing knowledge to build complete projects from start to finish. Skills covered include system design, team collaboration, debugging. You will develop portfolio-ready applications.",Child Development,Intermediate,120,2,4.26
549,Family Engagement | Bootcamp (Latest Version),"Perfect for beginners who want to build a strong foundation in Child Development. Skills covered include debugging, best practices, critical thinking. You will gain hands-on experience using industry-standard tools.",Child Development,Beginner,45,1,4.87
550,Emotional Development - Beginner | Fundamentals,"Develop your first practical projects while learning the core concepts of Emotional Development. Skills covered include system design, data analysis, real-world deployment. You will be prepared for technical interviews and real-world challenges.",Child Development,Beginner,30,1,4.53
551,Language Development | Hands-on Training (Latest Version),"Understand key principles and build confidence through guided exercises and quizzes. Skills covered include data analysis, best practices, debugging. You will confidently work on real software projects.",Child Development,Beginner,90,1,4.15
552,Self Regulation - Beginner | Project-Based Learning,"Gain practical skills in Self Regulation with real-life case studies and beginner projects. Skills covered include best practices, system design, software development. You will build real projects throughout the course.",Child Development,Beginner,60,1,4.27
553,Language Development - Intermediate | Bootcamp (Latest Version),"Learn advanced workflows and techniques used by professionals working in Child Development. Skills covered include project implementation, critical thinking, team collaboration. You will confidently work on real software projects.",Child Development,Intermediate,90,2,4.02
554,Child Wellbeing | Project-Based Learning (Latest Version),"Develop your first practical projects while learning the core concepts of Child Wellbeing. Skills covered include team collaboration, real-world deployment, problem solving. You will build real projects throughout the course.",Child Development,Beginner,90,1,4.75
555,Family Engagement | Bootcamp (Latest Version),"Master advanced concepts in Family Engagement through real-world enterprise applications. Skills covered include problem solving, software development, project implementation. You will be able to apply your knowledge to practical business scenarios.",Child Development,Advanced,180,3,4.26
556,Growth Monitoring | Professional Certificate (Latest Version),"Apply your existing knowledge to build complete projects from start to finish. Skills covered include team collaboration, real-world deployment, best practices. You will confidently work on real software projects.",Child Development,Intermediate,60,2,4.08
557,Early Intervention | Essentials,"Gain expert-level knowledge through challenging case studies and complex projects. Skills covered include project implementation, data analysis, problem solving. You will build real projects throughout the course.",Child Development,Advanced,180,3,3.5
558,Development Assessment - Beginner | Practical Workshop (Updated Edition),"Understand key principles and build confidence through guided exercises and quizzes. Skills covered include critical thinking, debugging, data analysis. You will understand best practices followed by professional engineers.",Child Development,Beginner,60,1,4.52
559,Family Engagement - Beginner | Masterclass (2026 Edition),"Perfect for beginners who want to build a strong foundation in Child Development. Skills covered include project implementation, critical thinking, data analysis. You will be able to apply your knowledge to practical business scenarios.",Child Development,Beginner,60,1,4.04
560,Child Psychology (Latest Version),"Explore intermediate concepts in Child Psychology while building portfolio-ready projects. Skills covered include problem solving, best practices, real-world deployment. You will understand best practices followed by professional engineers.",Child Development,Intermediate,150,2,4.0
561,Observation Techniques | Practical Workshop,"Apply your existing knowledge to build complete projects from start to finish. Skills covered include team collaboration, data analysis, software development. You will develop portfolio-ready applications.",Child Development,Intermediate,60,2,4.24
562,Positive Discipline - Advanced | Masterclass (Latest Version),"Explore optimization, scalability, and best engineering practices in Positive Discipline. Skills covered include project implementation, real-world deployment, problem solving. You will develop portfolio-ready applications.",Child Development,Advanced,240,3,3.94
563,Development Assessment - Intermediate | Masterclass,"Apply your existing knowledge to build complete projects from start to finish. Skills covered include debugging, system design, data analysis. You will gain hands-on experience using industry-standard tools.",Child Development,Intermediate,120,2,4.25
564,Healthy Childhood | Professional Certificate (Latest Version),"Develop scalable solutions using modern frameworks and professional development practices. Skills covered include debugging, project implementation, best practices. You will be able to apply your knowledge to practical business scenarios.",Child Development,Intermediate,90,2,4.62
565,Child Psychology | Essentials (2026 Edition),"Apply your existing knowledge to build complete projects from start to finish. Skills covered include project implementation, team collaboration, debugging. You will build real projects throughout the course.",Child Development,Intermediate,90,2,4.05
566,Self Regulation - Beginner | Project-Based Learning (2026 Edition),"This beginner-friendly course introduces the essential concepts required to succeed in Child Development. Skills covered include debugging, real-world deployment, data analysis. You will gain hands-on experience using industry-standard tools.",Child Development,Beginner,45,1,4.11
567,Behavior Management - Advanced | Professional Certificate (Updated Edition),"Explore optimization, scalability, and best engineering practices in Behavior Management. Skills covered include critical thinking, software development, system design. You will build real projects throughout the course.",Child Development,Advanced,180,3,4.03
568,Learning Through Play | Professional Certificate (Latest Version),"Understand advanced implementation techniques used in professional environments. Skills covered include debugging, problem solving, system design. You will be able to apply your knowledge to practical business scenarios.",Child Development,Advanced,240,3,3.93
569,Developmental Milestones - Beginner | Professional Certificate (Updated Edition),"Learn the fundamentals of Developmental Milestones from scratch with practical examples and step-by-step explanations. Skills covered include problem solving, critical thinking, data analysis. You will develop portfolio-ready applications.",Child Development,Beginner,30,1,4.78
570,Cognitive Growth - Advanced | Hands-on Training (Updated Edition),"Work with large-scale projects and advanced design strategies in Child Development. Skills covered include system design, critical thinking, team collaboration. You will develop portfolio-ready applications.",Child Development,Advanced,210,3,4.03
571,Growth Monitoring | Masterclass,"Explore optimization, scalability, and best engineering practices in Growth Monitoring. Skills covered include debugging, system design, software development. You will gain hands-on experience using industry-standard tools.",Child Development,Advanced,180,3,4.3
572,Social Development | Professional Certificate (Latest Version),"Learn the fundamentals of Social Development from scratch with practical examples and step-by-step explanations. Skills covered include best practices, team collaboration, data analysis. You will gain hands-on experience using industry-standard tools.",Child Development,Beginner,60,1,4.14
573,Attachment Theory | Project-Based Learning (2026 Edition),"Explore intermediate concepts in Attachment Theory while building portfolio-ready projects. Skills covered include problem solving, real-world deployment, team collaboration. You will improve your technical and analytical thinking.",Child Development,Intermediate,90,2,4.04
574,Developmental Milestones - Intermediate | Professional Certificate (Updated Edition),"Apply your existing knowledge to build complete projects from start to finish. Skills covered include debugging, problem solving, real-world deployment. You will develop portfolio-ready applications.",Child Development,Intermediate,90,2,4.6
575,Healthy Childhood - Beginner | Masterclass (Updated Edition),"Understand key principles and build confidence through guided exercises and quizzes. Skills covered include problem solving, project implementation, critical thinking. You will confidently work on real software projects.",Child Development,Beginner,45,1,4.81
576,Growth Monitoring - Intermediate | Practical Workshop (Latest Version),"Explore intermediate concepts in Growth Monitoring while building portfolio-ready projects. Skills covered include team collaboration, critical thinking, data analysis. You will be prepared for technical interviews and real-world challenges.",Child Development,Intermediate,90,2,4.12
577,Parent Collaboration | Essentials (Updated Edition),"Learn advanced workflows and techniques used by professionals working in Child Development. Skills covered include best practices, software development, problem solving. You will be prepared for technical interviews and real-world challenges.",Child Development,Intermediate,60,2,4.33
578,Behavior Management - Intermediate | Practical Workshop,"Improve your technical skills with hands-on labs, assignments, and real-world applications. Skills covered include team collaboration, software development, debugging. You will understand best practices followed by professional engineers.",Child Development,Intermediate,90,2,3.94
579,Child Wellbeing - Intermediate | Complete Course (Updated Edition),"Develop scalable solutions using modern frameworks and professional development practices. Skills covered include data analysis, software development, debugging. You will be prepared for technical interviews and real-world challenges.",Child Development,Intermediate,120,2,4.35
580,Development Assessment - Beginner (2026 Edition),"Master the basics of Development Assessment using simple explanations and interactive exercises. Skills covered include project implementation, software development, problem solving. You will be prepared for technical interviews and real-world challenges.",Child Development,Beginner,75,1,4.34
581,Parent Collaboration - Intermediate | Professional Certificate (2026 Edition),"Strengthen your knowledge of Parent Collaboration by solving practical industry-focused projects. Skills covered include team collaboration, debugging, best practices. You will confidently work on real software projects.",Child Development,Intermediate,120,2,4.46
582,Language Development | Masterclass (2026 Edition),"Gain practical skills in Language Development with real-life case studies and beginner projects. Skills covered include debugging, software development, real-world deployment. You will improve your technical and analytical thinking.",Child Development,Beginner,60,1,4.78
583,Parent Collaboration | Professional Certificate (2026 Edition),"This beginner-friendly course introduces the essential concepts required to succeed in Child Development. Skills covered include project implementation, system design, best practices. You will improve your technical and analytical thinking.",Child Development,Beginner,45,1,4.38
584,Positive Discipline - Intermediate | Project-Based Learning,"Learn advanced workflows and techniques used by professionals working in Child Development. Skills covered include data analysis, debugging, system design. You will be prepared for technical interviews and real-world challenges.",Child Development,Intermediate,150,2,4.38
585,Family Engagement - Intermediate | Professional Certificate,"Apply your existing knowledge to build complete projects from start to finish. Skills covered include data analysis, problem solving, team collaboration. You will develop portfolio-ready applications.",Child Development,Intermediate,60,2,4.85
586,Self Regulation | Professional Certificate (Latest Version),"Strengthen your knowledge of Self Regulation by solving practical industry-focused projects. Skills covered include real-world deployment, software development, project implementation. You will be able to apply your knowledge to practical business scenarios.",Child Development,Intermediate,90,2,4.49
587,Self Regulation - Intermediate | Practical Workshop (Latest Version),"Learn advanced workflows and techniques used by professionals working in Child Development. Skills covered include project implementation, critical thinking, data analysis. You will build real projects throughout the course.",Child Development,Intermediate,60,2,4.17
588,Emotional Development | Professional Certificate (Updated Edition),"Explore intermediate concepts in Emotional Development while building portfolio-ready projects. Skills covered include real-world deployment, project implementation, data analysis. You will be prepared for technical interviews and real-world challenges.",Child Development,Intermediate,120,2,4.58
589,Social Development | Project-Based Learning (2026 Edition),"Start your learning journey in Child Development through hands-on projects and real-world examples. Skills covered include problem solving, best practices, project implementation. You will be able to apply your knowledge to practical business scenarios.",Child Development,Beginner,30,1,4.53
590,Child Wellbeing | Project-Based Learning,"Apply your existing knowledge to build complete projects from start to finish. Skills covered include best practices, real-world deployment, critical thinking. You will be able to apply your knowledge to practical business scenarios.",Child Development,Intermediate,120,2,4.38
591,Language Development - Beginner | Masterclass (Updated Edition),"Master the basics of Language Development using simple explanations and interactive exercises. Skills covered include real-world deployment, problem solving, software development. You will be prepared for technical interviews and real-world challenges.",Child Development,Beginner,45,1,4.5
592,Cognitive Growth | Project-Based Learning,"This beginner-friendly course introduces the essential concepts required to succeed in Child Development. Skills covered include critical thinking, debugging, data analysis. You will gain hands-on experience using industry-standard tools.",Child Development,Beginner,30,1,4.04
593,Attachment Theory | Bootcamp (Latest Version),"Learn the fundamentals of Attachment Theory from scratch with practical examples and step-by-step explanations. Skills covered include data analysis, problem solving, best practices. You will understand best practices followed by professional engineers.",Child Development,Beginner,75,1,4.36
594,Development Assessment (Updated Edition),"Perfect for beginners who want to build a strong foundation in Child Development. Skills covered include team collaboration, debugging, critical thinking. You will be prepared for technical interviews and real-world challenges.",Child Development,Beginner,30,1,4.36
595,Developmental Milestones - Beginner | Hands-on Training,"This beginner-friendly course introduces the essential concepts required to succeed in Child Development. Skills covered include software development, critical thinking, project implementation. You will confidently work on real software projects.",Child Development,Beginner,45,1,4.73
596,Family Engagement | Professional Certificate (2026 Edition),"Practice real-world scenarios and improve your problem-solving skills in Child Development. Skills covered include team collaboration, system design, best practices. You will confidently work on real software projects.",Child Development,Intermediate,60,2,4.67
597,Observation Techniques - Intermediate | Fundamentals (Latest Version),"Develop scalable solutions using modern frameworks and professional development practices. Skills covered include debugging, critical thinking, problem solving. You will understand best practices followed by professional engineers.",Child Development,Intermediate,150,2,4.43
598,Child Wellbeing - Intermediate | Complete Course (Latest Version),"Apply your existing knowledge to build complete projects from start to finish. Skills covered include debugging, critical thinking, best practices. You will develop portfolio-ready applications.",Child Development,Intermediate,120,2,3.98
599,Emotional Development | Professional Certificate (2026 Edition),"Master advanced concepts in Emotional Development through real-world enterprise applications. Skills covered include team collaboration, critical thinking, debugging. You will be prepared for technical interviews and real-world challenges.",Child Development,Advanced,180,3,3.81
600,Language Development | Fundamentals (Updated Edition),"Expand your experience in Child Development using modern tools and best practices. Skills covered include team collaboration, problem solving, critical thinking. You will confidently work on real software projects.",Child Development,Intermediate,120,2,4.17
601,Engineering Challenges - Advanced | Hands-on Training,"Prepare for senior-level positions by mastering the latest technologies in STEM for Kids. Skills covered include best practices, project implementation, data analysis. You will be able to apply your knowledge to practical business scenarios.",STEM for Kids,Advanced,210,3,4.25
602,Artificial Intelligence - Beginner | Fundamentals (Updated Edition),"Learn the fundamentals of Artificial Intelligence from scratch with practical examples and step-by-step explanations. Skills covered include problem solving, debugging, critical thinking. You will build real projects throughout the course.",STEM for Kids,Beginner,75,1,4.35
603,Engineering Challenges | Project-Based Learning (Latest Version),"Practice real-world scenarios and improve your problem-solving skills in STEM for Kids. Skills covered include debugging, project implementation, critical thinking. You will be able to apply your knowledge to practical business scenarios.",STEM for Kids,Intermediate,120,2,3.8
604,Math Games - Beginner | Bootcamp,"Master the basics of Math Games using simple explanations and interactive exercises. Skills covered include best practices, software development, system design. You will be prepared for technical interviews and real-world challenges.",STEM for Kids,Beginner,30,1,4.04
605,Problem Solving - Beginner | Professional Certificate (Latest Version),"Start your learning journey in STEM for Kids through hands-on projects and real-world examples. Skills covered include best practices, real-world deployment, team collaboration. You will build real projects throughout the course.",STEM for Kids,Beginner,75,1,4.39
606,Machine Learning Basics | Masterclass (Updated Edition),"Practice real-world scenarios and improve your problem-solving skills in STEM for Kids. Skills covered include problem solving, critical thinking, debugging. You will be prepared for technical interviews and real-world challenges.",STEM for Kids,Intermediate,60,2,4.36
607,Future Technologies - Intermediate | Fundamentals (Updated Edition),"Apply your existing knowledge to build complete projects from start to finish. Skills covered include system design, problem solving, team collaboration. You will be prepared for technical interviews and real-world challenges.",STEM for Kids,Intermediate,150,2,4.06
608,Computational Thinking | Bootcamp (Updated Edition),"Perfect for beginners who want to build a strong foundation in STEM for Kids. Skills covered include best practices, data analysis, real-world deployment. You will be prepared for technical interviews and real-world challenges.",STEM for Kids,Beginner,75,1,4.68
609,Scratch Programming | Masterclass (Latest Version),"Develop your first practical projects while learning the core concepts of Scratch Programming. Skills covered include real-world deployment, best practices, software development. You will develop portfolio-ready applications.",STEM for Kids,Beginner,75,1,4.52
610,Innovation Lab - Advanced | Practical Workshop (Latest Version),"Explore optimization, scalability, and best engineering practices in Innovation Lab. Skills covered include project implementation, critical thinking, best practices. You will be able to apply your knowledge to practical business scenarios.",STEM for Kids,Advanced,240,3,4.27
611,Engineering Challenges - Beginner | Fundamentals (Latest Version),"Master the basics of Engineering Challenges using simple explanations and interactive exercises. Skills covered include system design, team collaboration, problem solving. You will build real projects throughout the course.",STEM for Kids,Beginner,75,1,4.77
612,STEM Projects - Advanced | Practical Workshop (2026 Edition),"Master advanced concepts in STEM Projects through real-world enterprise applications. Skills covered include critical thinking, data analysis, debugging. You will gain hands-on experience using industry-standard tools.",STEM for Kids,Advanced,240,3,4.0
613,Young Inventors | Essentials (2026 Edition),"Learn the fundamentals of Young Inventors from scratch with practical examples and step-by-step explanations. Skills covered include team collaboration, project implementation, software development. You will gain hands-on experience using industry-standard tools.",STEM for Kids,Beginner,60,1,4.94
614,Python for Kids - Advanced | Project-Based Learning (Latest Version),"Build production-ready systems while learning professional development techniques. Skills covered include team collaboration, problem solving, critical thinking. You will be able to apply your knowledge to practical business scenarios.",STEM for Kids,Advanced,120,3,4.08
615,Fun Science Experiments | Practical Workshop (2026 Edition),"Build production-ready systems while learning professional development techniques. Skills covered include software development, data analysis, team collaboration. You will be able to apply your knowledge to practical business scenarios.",STEM for Kids,Advanced,210,3,4.12
616,Fun Science Experiments - Advanced | Project-Based Learning (Latest Version),"Prepare for senior-level positions by mastering the latest technologies in STEM for Kids. Skills covered include data analysis, project implementation, software development. You will gain hands-on experience using industry-standard tools.",STEM for Kids,Advanced,150,3,3.81
617,Astronomy for Kids - Beginner | Hands-on Training (Updated Edition),"Master the basics of Astronomy for Kids using simple explanations and interactive exercises. Skills covered include software development, debugging, team collaboration. You will be prepared for technical interviews and real-world challenges.",STEM for Kids,Beginner,45,1,4.51
618,Machine Learning Basics - Advanced | Essentials (Updated Edition),"Work with large-scale projects and advanced design strategies in STEM for Kids. Skills covered include problem solving, team collaboration, critical thinking. You will gain hands-on experience using industry-standard tools.",STEM for Kids,Advanced,210,3,3.79
619,Coding Adventures - Beginner | Complete Course (Latest Version),"Start your learning journey in STEM for Kids through hands-on projects and real-world examples. Skills covered include real-world deployment, problem solving, project implementation. You will be prepared for technical interviews and real-world challenges.",STEM for Kids,Beginner,75,1,4.52
620,Innovation Lab | Essentials (Updated Edition),"Master advanced concepts in Innovation Lab through real-world enterprise applications. Skills covered include project implementation, team collaboration, software development. You will be prepared for technical interviews and real-world challenges.",STEM for Kids,Advanced,180,3,3.73
621,Machine Learning Basics | Essentials (Latest Version),"Expand your experience in STEM for Kids using modern tools and best practices. Skills covered include problem solving, team collaboration, data analysis. You will be prepared for technical interviews and real-world challenges.",STEM for Kids,Intermediate,150,2,4.38
622,Math Games - Intermediate | Essentials (Updated Edition),"Explore intermediate concepts in Math Games while building portfolio-ready projects. Skills covered include team collaboration, data analysis, software development. You will build real projects throughout the course.",STEM for Kids,Intermediate,60,2,3.79
623,Scratch Programming - Advanced | Essentials (Updated Edition),"Build production-ready systems while learning professional development techniques. Skills covered include problem solving, data analysis, project implementation. You will understand best practices followed by professional engineers.",STEM for Kids,Advanced,180,3,3.99
624,Fun Science Experiments | Bootcamp (Latest Version),"Learn the fundamentals of Fun Science Experiments from scratch with practical examples and step-by-step explanations. Skills covered include best practices, data analysis, system design. You will improve your technical and analytical thinking.",STEM for Kids,Beginner,90,1,3.77
625,STEM Projects | Fundamentals (2026 Edition),"Master the basics of STEM Projects using simple explanations and interactive exercises. Skills covered include data analysis, best practices, critical thinking. You will be able to apply your knowledge to practical business scenarios.",STEM for Kids,Beginner,90,1,4.49
626,Game Development - Advanced | Bootcamp,"Work with large-scale projects and advanced design strategies in STEM for Kids. Skills covered include best practices, system design, real-world deployment. You will gain hands-on experience using industry-standard tools.",STEM for Kids,Advanced,210,3,3.98
627,STEM Projects | Hands-on Training (Latest Version),"Apply your existing knowledge to build complete projects from start to finish. Skills covered include debugging, software development, team collaboration. You will be able to apply your knowledge to practical business scenarios.",STEM for Kids,Intermediate,150,2,3.75
628,Future Technologies - Intermediate | Complete Course,"Apply your existing knowledge to build complete projects from start to finish. Skills covered include problem solving, software development, data analysis. You will gain hands-on experience using industry-standard tools.",STEM for Kids,Intermediate,150,2,3.66
629,Young Inventors | Bootcamp,"Build production-ready systems while learning professional development techniques. Skills covered include data analysis, project implementation, real-world deployment. You will develop portfolio-ready applications.",STEM for Kids,Advanced,240,3,4.03
630,LEGO Engineering | Complete Course (2026 Edition),"Explore intermediate concepts in LEGO Engineering while building portfolio-ready projects. Skills covered include project implementation, system design, software development. You will confidently work on real software projects.",STEM for Kids,Intermediate,60,2,4.59
631,Scratch Programming - Beginner | Practical Workshop,"Gain practical skills in Scratch Programming with real-life case studies and beginner projects. Skills covered include data analysis, debugging, best practices. You will be able to apply your knowledge to practical business scenarios.",STEM for Kids,Beginner,75,1,4.29
632,Math Games | Project-Based Learning (Latest Version),"Practice real-world scenarios and improve your problem-solving skills in STEM for Kids. Skills covered include critical thinking, debugging, team collaboration. You will improve your technical and analytical thinking.",STEM for Kids,Intermediate,90,2,4.33
633,Innovation Lab (Latest Version),"This beginner-friendly course introduces the essential concepts required to succeed in STEM for Kids. Skills covered include team collaboration, critical thinking, real-world deployment. You will improve your technical and analytical thinking.",STEM for Kids,Beginner,30,1,4.76
634,Young Inventors (2026 Edition),"Expand your experience in STEM for Kids using modern tools and best practices. Skills covered include team collaboration, software development, problem solving. You will develop portfolio-ready applications.",STEM for Kids,Intermediate,60,2,4.01
635,Artificial Intelligence - Beginner | Fundamentals (Latest Version),"Learn the fundamentals of Artificial Intelligence from scratch with practical examples and step-by-step explanations. Skills covered include best practices, problem solving, data analysis. You will be prepared for technical interviews and real-world challenges.",STEM for Kids,Beginner,90,1,4.3
636,Engineering Challenges | Essentials (Updated Edition),"Expand your experience in STEM for Kids using modern tools and best practices. Skills covered include critical thinking, real-world deployment, software development. You will develop portfolio-ready applications.",STEM for Kids,Intermediate,120,2,4.14
637,Math Games | Bootcamp (2026 Edition),"Develop your first practical projects while learning the core concepts of Math Games. Skills covered include software development, problem solving, team collaboration. You will develop portfolio-ready applications.",STEM for Kids,Beginner,75,1,4.46
638,Innovation Lab | Complete Course (Latest Version),"Understand key principles and build confidence through guided exercises and quizzes. Skills covered include critical thinking, problem solving, system design. You will improve your technical and analytical thinking.",STEM for Kids,Beginner,60,1,4.42
639,Young Inventors - Intermediate | Project-Based Learning (Latest Version),"Develop scalable solutions using modern frameworks and professional development practices. Skills covered include critical thinking, best practices, problem solving. You will be prepared for technical interviews and real-world challenges.",STEM for Kids,Intermediate,120,2,4.56
640,Electronics Basics - Advanced (Updated Edition),"Work with large-scale projects and advanced design strategies in STEM for Kids. Skills covered include project implementation, debugging, best practices. You will gain hands-on experience using industry-standard tools.",STEM for Kids,Advanced,150,3,4.2
641,Digital Creativity - Beginner | Complete Course (Updated Edition),"Gain practical skills in Digital Creativity with real-life case studies and beginner projects. Skills covered include problem solving, real-world deployment, best practices. You will develop portfolio-ready applications.",STEM for Kids,Beginner,45,1,4.24
642,Engineering Challenges | Project-Based Learning (Updated Edition),"Develop your first practical projects while learning the core concepts of Engineering Challenges. Skills covered include system design, team collaboration, project implementation. You will build real projects throughout the course.",STEM for Kids,Beginner,75,1,4.44
643,Engineering Challenges | Fundamentals,"Learn advanced workflows and techniques used by professionals working in STEM for Kids. Skills covered include team collaboration, project implementation, debugging. You will improve your technical and analytical thinking.",STEM for Kids,Intermediate,60,2,4.2
644,Young Inventors | Practical Workshop (Updated Edition),"Explore intermediate concepts in Young Inventors while building portfolio-ready projects. Skills covered include system design, data analysis, team collaboration. You will improve your technical and analytical thinking.",STEM for Kids,Intermediate,150,2,4.38
645,Machine Learning Basics - Advanced | Practical Workshop,"Master advanced concepts in Machine Learning Basics through real-world enterprise applications. Skills covered include software development, debugging, best practices. You will be prepared for technical interviews and real-world challenges.",STEM for Kids,Advanced,120,3,4.08
646,Problem Solving | Bootcamp,"Develop your first practical projects while learning the core concepts of Problem Solving. Skills covered include debugging, data analysis, real-world deployment. You will be able to apply your knowledge to practical business scenarios.",STEM for Kids,Beginner,30,1,4.49
647,Scratch Programming | Practical Workshop (2026 Edition),"This beginner-friendly course introduces the essential concepts required to succeed in STEM for Kids. Skills covered include data analysis, system design, critical thinking. You will develop portfolio-ready applications.",STEM for Kids,Beginner,30,1,4.51
648,Electronics Basics - Beginner | Project-Based Learning (Updated Edition),"Gain practical skills in Electronics Basics with real-life case studies and beginner projects. Skills covered include real-world deployment, system design, problem solving. You will improve your technical and analytical thinking.",STEM for Kids,Beginner,60,1,4.55
649,Innovation Lab - Beginner | Professional Certificate (Latest Version),"Start your learning journey in STEM for Kids through hands-on projects and real-world examples. Skills covered include critical thinking, software development, real-world deployment. You will be able to apply your knowledge to practical business scenarios.",STEM for Kids,Beginner,90,1,4.64
650,Astronomy for Kids - Advanced | Masterclass (Updated Edition),"Develop enterprise-grade applications using industry standards and modern architectures. Skills covered include team collaboration, best practices, problem solving. You will be prepared for technical interviews and real-world challenges.",STEM for Kids,Advanced,120,3,4.48
651,Python for Kids | Practical Workshop (Latest Version),"Prepare for senior-level positions by mastering the latest technologies in STEM for Kids. Skills covered include data analysis, team collaboration, problem solving. You will improve your technical and analytical thinking.",STEM for Kids,Advanced,180,3,4.32
652,Python for Kids | Hands-on Training (Latest Version),"Understand key principles and build confidence through guided exercises and quizzes. Skills covered include system design, data analysis, critical thinking. You will build real projects throughout the course.",STEM for Kids,Beginner,30,1,4.71
653,Electronics Basics - Advanced | Hands-on Training,"Build production-ready systems while learning professional development techniques. Skills covered include problem solving, best practices, debugging. You will build real projects throughout the course.",STEM for Kids,Advanced,150,3,4.21
654,Computational Thinking - Advanced | Practical Workshop (Updated Edition),"Prepare for senior-level positions by mastering the latest technologies in STEM for Kids. Skills covered include system design, data analysis, problem solving. You will understand best practices followed by professional engineers.",STEM for Kids,Advanced,120,3,4.29
655,Digital Creativity - Advanced | Bootcamp (Latest Version),"Master advanced concepts in Digital Creativity through real-world enterprise applications. Skills covered include problem solving, debugging, data analysis. You will gain hands-on experience using industry-standard tools.",STEM for Kids,Advanced,210,3,4.01
656,Math Games | Project-Based Learning,"Understand key principles and build confidence through guided exercises and quizzes. Skills covered include critical thinking, real-world deployment, problem solving. You will build real projects throughout the course.",STEM for Kids,Beginner,90,1,4.45
657,LEGO Engineering | Hands-on Training,"Master advanced concepts in LEGO Engineering through real-world enterprise applications. Skills covered include best practices, debugging, real-world deployment. You will be prepared for technical interviews and real-world challenges.",STEM for Kids,Advanced,150,3,4.39
658,Young Inventors | Practical Workshop,"Improve your technical skills with hands-on labs, assignments, and real-world applications. Skills covered include critical thinking, real-world deployment, problem solving. You will gain hands-on experience using industry-standard tools.",STEM for Kids,Intermediate,120,2,3.97
659,Computational Thinking | Masterclass (2026 Edition),"Prepare for senior-level positions by mastering the latest technologies in STEM for Kids. Skills covered include software development, system design, real-world deployment. You will build real projects throughout the course.",STEM for Kids,Advanced,180,3,3.75
660,Python for Kids | Fundamentals (Latest Version),"Start your learning journey in STEM for Kids through hands-on projects and real-world examples. Skills covered include software development, best practices, project implementation. You will understand best practices followed by professional engineers.",STEM for Kids,Beginner,60,1,4.69
661,LEGO Engineering - Beginner (2026 Edition),"Learn the fundamentals of LEGO Engineering from scratch with practical examples and step-by-step explanations. Skills covered include debugging, data analysis, system design. You will improve your technical and analytical thinking.",STEM for Kids,Beginner,45,1,4.03
662,Artificial Intelligence | Practical Workshop (2026 Edition),"Gain expert-level knowledge through challenging case studies and complex projects. Skills covered include real-world deployment, data analysis, project implementation. You will be prepared for technical interviews and real-world challenges.",STEM for Kids,Advanced,210,3,4.08
663,Coding Adventures | Project-Based Learning,"Master the basics of Coding Adventures using simple explanations and interactive exercises. Skills covered include best practices, system design, team collaboration. You will confidently work on real software projects.",STEM for Kids,Beginner,45,1,4.81
664,Coding Adventures | Hands-on Training (2026 Edition),"Master advanced concepts in Coding Adventures through real-world enterprise applications. Skills covered include data analysis, problem solving, critical thinking. You will understand best practices followed by professional engineers.",STEM for Kids,Advanced,150,3,3.93
665,Scratch Programming | Complete Course (Updated Edition),"Practice real-world scenarios and improve your problem-solving skills in STEM for Kids. Skills covered include problem solving, real-world deployment, system design. You will improve your technical and analytical thinking.",STEM for Kids,Intermediate,90,2,3.93
666,LEGO Engineering | Professional Certificate (2026 Edition),"Master the basics of LEGO Engineering using simple explanations and interactive exercises. Skills covered include software development, system design, problem solving. You will be able to apply your knowledge to practical business scenarios.",STEM for Kids,Beginner,90,1,4.09
667,Astronomy for Kids (2026 Edition),"Prepare for senior-level positions by mastering the latest technologies in STEM for Kids. Skills covered include system design, data analysis, team collaboration. You will be able to apply your knowledge to practical business scenarios.",STEM for Kids,Advanced,120,3,4.01
668,Digital Creativity - Advanced | Fundamentals (Latest Version),"Work with large-scale projects and advanced design strategies in STEM for Kids. Skills covered include software development, system design, team collaboration. You will be prepared for technical interviews and real-world challenges.",STEM for Kids,Advanced,120,3,4.25
669,STEM Projects - Beginner | Hands-on Training (2026 Edition),"This beginner-friendly course introduces the essential concepts required to succeed in STEM for Kids. Skills covered include software development, data analysis, system design. You will build real projects throughout the course.",STEM for Kids,Beginner,90,1,4.08
670,Astronomy for Kids - Advanced | Essentials (Latest Version),"Prepare for senior-level positions by mastering the latest technologies in STEM for Kids. Skills covered include real-world deployment, critical thinking, software development. You will be prepared for technical interviews and real-world challenges.",STEM for Kids,Advanced,120,3,3.84
671,Digital Creativity - Beginner | Essentials (Latest Version),"Gain practical skills in Digital Creativity with real-life case studies and beginner projects. Skills covered include best practices, real-world deployment, project implementation. You will be prepared for technical interviews and real-world challenges.",STEM for Kids,Beginner,60,1,4.43
672,Computational Thinking - Intermediate | Masterclass (2026 Edition),"Improve your technical skills with hands-on labs, assignments, and real-world applications. Skills covered include debugging, system design, project implementation. You will be prepared for technical interviews and real-world challenges.",STEM for Kids,Intermediate,150,2,4.0
673,Innovation Lab - Intermediate | Practical Workshop (Updated Edition),"Practice real-world scenarios and improve your problem-solving skills in STEM for Kids. Skills covered include system design, problem solving, best practices. You will understand best practices followed by professional engineers.",STEM for Kids,Intermediate,90,2,4.3
674,Game Development | Hands-on Training (Latest Version),"Practice real-world scenarios and improve your problem-solving skills in STEM for Kids. Skills covered include project implementation, debugging, problem solving. You will be able to apply your knowledge to practical business scenarios.",STEM for Kids,Intermediate,150,2,4.09
675,Machine Learning Basics - Beginner | Bootcamp (Updated Edition),"Perfect for beginners who want to build a strong foundation in STEM for Kids. Skills covered include project implementation, system design, critical thinking. You will gain hands-on experience using industry-standard tools.",STEM for Kids,Beginner,60,1,4.66
676,Kids Robotics | Essentials (2026 Edition),"Develop your first practical projects while learning the core concepts of Kids Robotics. Skills covered include project implementation, real-world deployment, team collaboration. You will improve your technical and analytical thinking.",STEM for Kids,Beginner,45,1,4.25
677,Young Inventors - Advanced | Essentials (Updated Edition),"Understand advanced implementation techniques used in professional environments. Skills covered include debugging, problem solving, best practices. You will be able to apply your knowledge to practical business scenarios.",STEM for Kids,Advanced,180,3,4.05
678,Innovation Lab - Beginner | Masterclass (Latest Version),"Gain practical skills in Innovation Lab with real-life case studies and beginner projects. Skills covered include best practices, data analysis, critical thinking. You will understand best practices followed by professional engineers.",STEM for Kids,Beginner,90,1,4.73
679,Artificial Intelligence | Hands-on Training (2026 Edition),"Learn advanced workflows and techniques used by professionals working in STEM for Kids. Skills covered include real-world deployment, software development, project implementation. You will build real projects throughout the course.",STEM for Kids,Intermediate,150,2,4.34
680,Future Technologies - Advanced | Practical Workshop (Updated Edition),"Understand advanced implementation techniques used in professional environments. Skills covered include debugging, team collaboration, project implementation. You will understand best practices followed by professional engineers.",STEM for Kids,Advanced,210,3,4.05
681,Computational Thinking - Beginner (2026 Edition),"Understand key principles and build confidence through guided exercises and quizzes. Skills covered include debugging, system design, real-world deployment. You will gain hands-on experience using industry-standard tools.",STEM for Kids,Beginner,60,1,4.09
682,Problem Solving | Project-Based Learning,"Gain practical skills in Problem Solving with real-life case studies and beginner projects. Skills covered include project implementation, critical thinking, software development. You will gain hands-on experience using industry-standard tools.",STEM for Kids,Beginner,90,1,4.31
683,Problem Solving - Beginner | Fundamentals (Latest Version),"Understand key principles and build confidence through guided exercises and quizzes. Skills covered include project implementation, system design, team collaboration. You will develop portfolio-ready applications.",STEM for Kids,Beginner,45,1,4.67
684,Digital Creativity - Beginner (Updated Edition),"Develop your first practical projects while learning the core concepts of Digital Creativity. Skills covered include debugging, real-world deployment, software development. You will gain hands-on experience using industry-standard tools.",STEM for Kids,Beginner,45,1,5.0
685,Math Games | Project-Based Learning,"Develop scalable solutions using modern frameworks and professional development practices. Skills covered include best practices, software development, project implementation. You will improve your technical and analytical thinking.",STEM for Kids,Intermediate,90,2,4.42
686,Digital Creativity - Intermediate | Project-Based Learning (Updated Edition),"Learn advanced workflows and techniques used by professionals working in STEM for Kids. Skills covered include best practices, critical thinking, debugging. You will improve your technical and analytical thinking.",STEM for Kids,Intermediate,60,2,4.42
687,Digital Creativity | Fundamentals (Latest Version),"This beginner-friendly course introduces the essential concepts required to succeed in STEM for Kids. Skills covered include best practices, data analysis, project implementation. You will be prepared for technical interviews and real-world challenges.",STEM for Kids,Beginner,75,1,4.14
688,Young Inventors - Advanced | Complete Course (Latest Version),"Understand advanced implementation techniques used in professional environments. Skills covered include best practices, debugging, software development. You will gain hands-on experience using industry-standard tools.",STEM for Kids,Advanced,150,3,3.91
689,Innovation Lab - Intermediate (2026 Edition),"Expand your experience in STEM for Kids using modern tools and best practices. Skills covered include system design, best practices, debugging. You will gain hands-on experience using industry-standard tools.",STEM for Kids,Intermediate,120,2,4.53
690,STEM Projects | Bootcamp (Updated Edition),"Start your learning journey in STEM for Kids through hands-on projects and real-world examples. Skills covered include project implementation, system design, problem solving. You will confidently work on real software projects.",STEM for Kids,Beginner,75,1,4.29
691,Scratch Programming | Project-Based Learning (Latest Version),"Learn the fundamentals of Scratch Programming from scratch with practical examples and step-by-step explanations. Skills covered include project implementation, critical thinking, software development. You will understand best practices followed by professional engineers.",STEM for Kids,Beginner,75,1,4.65
692,Machine Learning Basics - Intermediate | Bootcamp,"Learn advanced workflows and techniques used by professionals working in STEM for Kids. Skills covered include best practices, project implementation, software development. You will be able to apply your knowledge to practical business scenarios.",STEM for Kids,Intermediate,150,2,4.1
693,Scratch Programming - Intermediate | Complete Course (Updated Edition),"Strengthen your knowledge of Scratch Programming by solving practical industry-focused projects. Skills covered include project implementation, software development, best practices. You will understand best practices followed by professional engineers.",STEM for Kids,Intermediate,150,2,4.48
694,Engineering Challenges (2026 Edition),"Perfect for beginners who want to build a strong foundation in STEM for Kids. Skills covered include debugging, project implementation, best practices. You will build real projects throughout the course.",STEM for Kids,Beginner,30,1,4.83
695,Young Inventors - Beginner | Hands-on Training (2026 Edition),"Learn the fundamentals of Young Inventors from scratch with practical examples and step-by-step explanations. Skills covered include debugging, problem solving, team collaboration. You will understand best practices followed by professional engineers.",STEM for Kids,Beginner,60,1,4.64
696,Artificial Intelligence - Intermediate | Bootcamp (2026 Edition),"Learn advanced workflows and techniques used by professionals working in STEM for Kids. Skills covered include problem solving, debugging, critical thinking. You will understand best practices followed by professional engineers.",STEM for Kids,Intermediate,90,2,4.21
697,Coding Adventures | Masterclass (2026 Edition),"Practice real-world scenarios and improve your problem-solving skills in STEM for Kids. Skills covered include data analysis, software development, problem solving. You will be prepared for technical interviews and real-world challenges.",STEM for Kids,Intermediate,150,2,4.43
698,Coding Adventures - Beginner | Masterclass (Latest Version),"This beginner-friendly course introduces the essential concepts required to succeed in STEM for Kids. Skills covered include real-world deployment, data analysis, problem solving. You will gain hands-on experience using industry-standard tools.",STEM for Kids,Beginner,30,1,4.62
699,Artificial Intelligence - Intermediate | Fundamentals (Latest Version),"Practice real-world scenarios and improve your problem-solving skills in STEM for Kids. Skills covered include debugging, software development, data analysis. You will be able to apply your knowledge to practical business scenarios.",STEM for Kids,Intermediate,90,2,4.3
700,Coding Adventures | Project-Based Learning,"Prepare for senior-level positions by mastering the latest technologies in STEM for Kids. Skills covered include debugging, team collaboration, system design. You will build real projects throughout the course.",STEM for Kids,Advanced,120,3,4.21
701,Electronics Basics - Beginner | Bootcamp (Updated Edition),"Learn the fundamentals of Electronics Basics from scratch with practical examples and step-by-step explanations. Skills covered include software development, data analysis, best practices. You will develop portfolio-ready applications.",STEM for Kids,Beginner,75,1,4.52
702,Artificial Intelligence - Beginner | Masterclass,"Gain practical skills in Artificial Intelligence with real-life case studies and beginner projects. Skills covered include data analysis, software development, project implementation. You will understand best practices followed by professional engineers.",STEM for Kids,Beginner,90,1,4.15
703,Python for Kids - Intermediate | Hands-on Training (Updated Edition),"Improve your technical skills with hands-on labs, assignments, and real-world applications. Skills covered include system design, team collaboration, problem solving. You will improve your technical and analytical thinking.",STEM for Kids,Intermediate,90,2,4.43
704,Electronics Basics - Intermediate | Hands-on Training (Updated Edition),"Strengthen your knowledge of Electronics Basics by solving practical industry-focused projects. Skills covered include critical thinking, best practices, real-world deployment. You will improve your technical and analytical thinking.",STEM for Kids,Intermediate,150,2,4.12
705,Python for Kids - Intermediate | Complete Course (2026 Edition),"Improve your technical skills with hands-on labs, assignments, and real-world applications. Skills covered include system design, team collaboration, critical thinking. You will be prepared for technical interviews and real-world challenges.",STEM for Kids,Intermediate,60,2,4.45
706,Machine Learning Basics | Masterclass (2026 Edition),"Master the basics of Machine Learning Basics using simple explanations and interactive exercises. Skills covered include project implementation, real-world deployment, best practices. You will improve your technical and analytical thinking.",STEM for Kids,Beginner,45,1,4.78
707,Astronomy for Kids | Project-Based Learning,"Understand advanced implementation techniques used in professional environments. Skills covered include team collaboration, debugging, software development. You will confidently work on real software projects.",STEM for Kids,Advanced,210,3,3.9
708,Scratch Programming | Hands-on Training,"Work with large-scale projects and advanced design strategies in STEM for Kids. Skills covered include team collaboration, software development, project implementation. You will be prepared for technical interviews and real-world challenges.",STEM for Kids,Advanced,240,3,4.3
709,Machine Learning Basics | Professional Certificate (Latest Version),"Master the basics of Machine Learning Basics using simple explanations and interactive exercises. Skills covered include software development, system design, problem solving. You will build real projects throughout the course.",STEM for Kids,Beginner,30,1,4.3
710,Digital Creativity | Practical Workshop (Latest Version),"Develop scalable solutions using modern frameworks and professional development practices. Skills covered include data analysis, debugging, best practices. You will develop portfolio-ready applications.",STEM for Kids,Intermediate,150,2,4.64
711,Computational Thinking,"This beginner-friendly course introduces the essential concepts required to succeed in STEM for Kids. Skills covered include data analysis, team collaboration, best practices. You will understand best practices followed by professional engineers.",STEM for Kids,Beginner,90,1,4.72
712,Python for Kids - Intermediate | Hands-on Training (2026 Edition),"Strengthen your knowledge of Python for Kids by solving practical industry-focused projects. Skills covered include data analysis, problem solving, software development. You will develop portfolio-ready applications.",STEM for Kids,Intermediate,150,2,4.66
713,Young Inventors - Intermediate | Complete Course (Updated Edition),"Develop scalable solutions using modern frameworks and professional development practices. Skills covered include debugging, critical thinking, system design. You will be prepared for technical interviews and real-world challenges.",STEM for Kids,Intermediate,90,2,4.73
714,Engineering Challenges | Professional Certificate (Updated Edition),"Develop enterprise-grade applications using industry standards and modern architectures. Skills covered include debugging, critical thinking, team collaboration. You will understand best practices followed by professional engineers.",STEM for Kids,Advanced,240,3,4.13
715,Math Games | Masterclass (Latest Version),"Learn the fundamentals of Math Games from scratch with practical examples and step-by-step explanations. Skills covered include critical thinking, real-world deployment, debugging. You will be prepared for technical interviews and real-world challenges.",STEM for Kids,Beginner,30,1,4.96
716,LEGO Engineering | Complete Course (2026 Edition),"Learn advanced workflows and techniques used by professionals working in STEM for Kids. Skills covered include system design, best practices, software development. You will gain hands-on experience using industry-standard tools.",STEM for Kids,Intermediate,90,2,4.26
717,Machine Learning Basics - Intermediate | Masterclass (2026 Edition),"Improve your technical skills with hands-on labs, assignments, and real-world applications. Skills covered include project implementation, debugging, best practices. You will gain hands-on experience using industry-standard tools.",STEM for Kids,Intermediate,60,2,4.3
718,Engineering Challenges - Beginner | Bootcamp (Latest Version),"Perfect for beginners who want to build a strong foundation in STEM for Kids. Skills covered include data analysis, problem solving, system design. You will confidently work on real software projects.",STEM for Kids,Beginner,60,1,4.04
719,Future Technologies - Intermediate | Bootcamp,"Strengthen your knowledge of Future Technologies by solving practical industry-focused projects. Skills covered include critical thinking, system design, problem solving. You will be prepared for technical interviews and real-world challenges.",STEM for Kids,Intermediate,120,2,4.3
720,Young Inventors | Professional Certificate (Latest Version),"Develop scalable solutions using modern frameworks and professional development practices. Skills covered include data analysis, real-world deployment, team collaboration. You will understand best practices followed by professional engineers.",STEM for Kids,Intermediate,120,2,4.27
721,Electronics Basics - Advanced | Hands-on Training (Latest Version),"Master advanced concepts in Electronics Basics through real-world enterprise applications. Skills covered include best practices, debugging, software development. You will build real projects throughout the course.",STEM for Kids,Advanced,180,3,4.42
722,Young Inventors - Beginner | Essentials (Updated Edition),"Gain practical skills in Young Inventors with real-life case studies and beginner projects. Skills covered include real-world deployment, best practices, debugging. You will improve your technical and analytical thinking.",STEM for Kids,Beginner,60,1,4.18
723,Scratch Programming | Practical Workshop,"Prepare for senior-level positions by mastering the latest technologies in STEM for Kids. Skills covered include system design, best practices, debugging. You will gain hands-on experience using industry-standard tools.",STEM for Kids,Advanced,120,3,4.5
724,STEM Projects | Project-Based Learning,"Improve your technical skills with hands-on labs, assignments, and real-world applications. Skills covered include software development, team collaboration, problem solving. You will be able to apply your knowledge to practical business scenarios.",STEM for Kids,Intermediate,120,2,4.22
725,Future Technologies - Advanced | Professional Certificate (Latest Version),"Explore optimization, scalability, and best engineering practices in Future Technologies. Skills covered include system design, real-world deployment, software development. You will gain hands-on experience using industry-standard tools.",STEM for Kids,Advanced,210,3,4.38
726,Fun Science Experiments (2026 Edition),"Explore intermediate concepts in Fun Science Experiments while building portfolio-ready projects. Skills covered include system design, project implementation, best practices. You will gain hands-on experience using industry-standard tools.",STEM for Kids,Intermediate,150,2,4.22
727,Math Games | Project-Based Learning,"Build production-ready systems while learning professional development techniques. Skills covered include data analysis, debugging, team collaboration. You will be prepared for technical interviews and real-world challenges.",STEM for Kids,Advanced,150,3,4.49
728,Electronics Basics - Beginner | Bootcamp (Updated Edition),"Perfect for beginners who want to build a strong foundation in STEM for Kids. Skills covered include data analysis, system design, critical thinking. You will understand best practices followed by professional engineers.",STEM for Kids,Beginner,30,1,4.32
729,Math Games | Hands-on Training,"Understand advanced implementation techniques used in professional environments. Skills covered include debugging, data analysis, team collaboration. You will be able to apply your knowledge to practical business scenarios.",STEM for Kids,Advanced,120,3,3.96
730,Digital Creativity - Intermediate | Fundamentals (2026 Edition),"Strengthen your knowledge of Digital Creativity by solving practical industry-focused projects. Skills covered include team collaboration, best practices, data analysis. You will be able to apply your knowledge to practical business scenarios.",STEM for Kids,Intermediate,150,2,4.21
731,LEGO Engineering - Advanced | Project-Based Learning (Latest Version),"Master advanced concepts in LEGO Engineering through real-world enterprise applications. Skills covered include real-world deployment, data analysis, project implementation. You will gain hands-on experience using industry-standard tools.",STEM for Kids,Advanced,240,3,4.01
732,Astronomy for Kids - Advanced | Fundamentals (Latest Version),"Develop enterprise-grade applications using industry standards and modern architectures. Skills covered include debugging, problem solving, data analysis. You will be able to apply your knowledge to practical business scenarios.",STEM for Kids,Advanced,210,3,4.51
733,Artificial Intelligence - Advanced | Masterclass,"Work with large-scale projects and advanced design strategies in STEM for Kids. Skills covered include problem solving, team collaboration, debugging. You will understand best practices followed by professional engineers.",STEM for Kids,Advanced,210,3,4.07
734,Game Development | Practical Workshop (Latest Version),"Explore intermediate concepts in Game Development while building portfolio-ready projects. Skills covered include project implementation, system design, debugging. You will gain hands-on experience using industry-standard tools.",STEM for Kids,Intermediate,60,2,4.09
735,Math Games | Fundamentals,"Gain practical skills in Math Games with real-life case studies and beginner projects. Skills covered include best practices, project implementation, software development. You will improve your technical and analytical thinking.",STEM for Kids,Beginner,75,1,4.32
736,Artificial Intelligence | Masterclass,"Build production-ready systems while learning professional development techniques. Skills covered include software development, debugging, team collaboration. You will be able to apply your knowledge to practical business scenarios.",STEM for Kids,Advanced,240,3,3.83
737,Python for Kids - Beginner | Project-Based Learning (2026 Edition),"Understand key principles and build confidence through guided exercises and quizzes. Skills covered include software development, debugging, system design. You will build real projects throughout the course.",STEM for Kids,Beginner,30,1,4.86
738,Fun Science Experiments - Beginner | Project-Based Learning (Updated Edition),"Perfect for beginners who want to build a strong foundation in STEM for Kids. Skills covered include best practices, debugging, project implementation. You will confidently work on real software projects.",STEM for Kids,Beginner,75,1,4.46
739,STEM Projects - Beginner | Bootcamp,"Master the basics of STEM Projects using simple explanations and interactive exercises. Skills covered include problem solving, best practices, project implementation. You will gain hands-on experience using industry-standard tools.",STEM for Kids,Beginner,75,1,4.16
740,Computational Thinking | Project-Based Learning (Latest Version),"Start your learning journey in STEM for Kids through hands-on projects and real-world examples. Skills covered include critical thinking, data analysis, real-world deployment. You will be able to apply your knowledge to practical business scenarios.",STEM for Kids,Beginner,90,1,4.08
741,Innovation Lab (Latest Version),"Build production-ready systems while learning professional development techniques. Skills covered include system design, critical thinking, software development. You will be able to apply your knowledge to practical business scenarios.",STEM for Kids,Advanced,120,3,3.77
742,Scratch Programming - Intermediate | Practical Workshop,"Improve your technical skills with hands-on labs, assignments, and real-world applications. Skills covered include software development, critical thinking, project implementation. You will build real projects throughout the course.",STEM for Kids,Intermediate,90,2,4.26
743,Kids Robotics | Essentials (Updated Edition),"Master advanced concepts in Kids Robotics through real-world enterprise applications. Skills covered include system design, project implementation, problem solving. You will develop portfolio-ready applications.",STEM for Kids,Advanced,240,3,4.42
744,Problem Solving | Fundamentals (Latest Version),"Improve your technical skills with hands-on labs, assignments, and real-world applications. Skills covered include critical thinking, problem solving, system design. You will build real projects throughout the course.",STEM for Kids,Intermediate,120,2,4.91
745,Artificial Intelligence - Beginner | Masterclass (2026 Edition),"Understand key principles and build confidence through guided exercises and quizzes. Skills covered include critical thinking, team collaboration, project implementation. You will develop portfolio-ready applications.",STEM for Kids,Beginner,90,1,4.42
746,Innovation Lab | Complete Course (Latest Version),"Explore intermediate concepts in Innovation Lab while building portfolio-ready projects. Skills covered include debugging, software development, system design. You will gain hands-on experience using industry-standard tools.",STEM for Kids,Intermediate,60,2,4.4
747,Astronomy for Kids - Advanced | Masterclass (Updated Edition),"Understand advanced implementation techniques used in professional environments. Skills covered include debugging, problem solving, system design. You will gain hands-on experience using industry-standard tools.",STEM for Kids,Advanced,210,3,4.19
748,Astronomy for Kids - Beginner | Bootcamp (Latest Version),"Perfect for beginners who want to build a strong foundation in STEM for Kids. Skills covered include data analysis, real-world deployment, project implementation. You will be able to apply your knowledge to practical business scenarios.",STEM for Kids,Beginner,60,1,4.3
749,Electronics Basics - Beginner | Bootcamp (Latest Version),"Perfect for beginners who want to build a strong foundation in STEM for Kids. Skills covered include software development, team collaboration, project implementation. You will confidently work on real software projects.",STEM for Kids,Beginner,75,1,4.92
750,Fun Science Experiments | Fundamentals (Updated Edition),"Strengthen your knowledge of Fun Science Experiments by solving practical industry-focused projects. Skills covered include software development, data analysis, debugging. You will be able to apply your knowledge to practical business scenarios.",STEM for Kids,Intermediate,60,2,4.17
751,STEM Projects | Essentials (Latest Version),"Work with large-scale projects and advanced design strategies in STEM for Kids. Skills covered include software development, real-world deployment, debugging. You will develop portfolio-ready applications.",STEM for Kids,Advanced,240,3,4.12
752,Python for Kids | Practical Workshop (2026 Edition),"Work with large-scale projects and advanced design strategies in STEM for Kids. Skills covered include best practices, data analysis, real-world deployment. You will develop portfolio-ready applications.",STEM for Kids,Advanced,210,3,4.12
753,Astronomy for Kids | Essentials (2026 Edition),"Gain expert-level knowledge through challenging case studies and complex projects. Skills covered include critical thinking, real-world deployment, team collaboration. You will improve your technical and analytical thinking.",STEM for Kids,Advanced,120,3,4.34
754,Kids Robotics,"Gain practical skills in Kids Robotics with real-life case studies and beginner projects. Skills covered include problem solving, debugging, software development. You will confidently work on real software projects.",STEM for Kids,Beginner,90,1,4.42
755,Future Technologies | Essentials,"Strengthen your knowledge of Future Technologies by solving practical industry-focused projects. Skills covered include debugging, team collaboration, data analysis. You will improve your technical and analytical thinking.",STEM for Kids,Intermediate,60,2,3.89
756,Digital Creativity - Intermediate (Latest Version),"Learn advanced workflows and techniques used by professionals working in STEM for Kids. Skills covered include critical thinking, data analysis, software development. You will understand best practices followed by professional engineers.",STEM for Kids,Intermediate,90,2,3.93
757,Python for Kids | Hands-on Training (2026 Edition),"Expand your experience in STEM for Kids using modern tools and best practices. Skills covered include project implementation, real-world deployment, best practices. You will develop portfolio-ready applications.",STEM for Kids,Intermediate,60,2,4.1
758,Astronomy for Kids - Beginner | Fundamentals (Latest Version),"Learn the fundamentals of Astronomy for Kids from scratch with practical examples and step-by-step explanations. Skills covered include best practices, real-world deployment, problem solving. You will understand best practices followed by professional engineers.",STEM for Kids,Beginner,60,1,4.82
759,Scratch Programming | Practical Workshop (Updated Edition),"Learn advanced workflows and techniques used by professionals working in STEM for Kids. Skills covered include debugging, data analysis, problem solving. You will gain hands-on experience using industry-standard tools.",STEM for Kids,Intermediate,60,2,4.83
760,Game Development | Bootcamp (2026 Edition),"Apply your existing knowledge to build complete projects from start to finish. Skills covered include problem solving, software development, project implementation. You will improve your technical and analytical thinking.",STEM for Kids,Intermediate,60,2,4.32
761,Future Technologies | Professional Certificate (Updated Edition),"Gain practical skills in Future Technologies with real-life case studies and beginner projects. Skills covered include best practices, software development, team collaboration. You will understand best practices followed by professional engineers.",STEM for Kids,Beginner,45,1,4.31
762,Game Development - Beginner | Masterclass,"Learn the fundamentals of Game Development from scratch with practical examples and step-by-step explanations. Skills covered include software development, debugging, team collaboration. You will understand best practices followed by professional engineers.",STEM for Kids,Beginner,60,1,4.46
763,Python for Kids | Masterclass (Latest Version),"Start your learning journey in STEM for Kids through hands-on projects and real-world examples. Skills covered include data analysis, debugging, team collaboration. You will be able to apply your knowledge to practical business scenarios.",STEM for Kids,Beginner,30,1,4.22
764,Fun Science Experiments - Advanced (2026 Edition),"Master advanced concepts in Fun Science Experiments through real-world enterprise applications. Skills covered include system design, problem solving, data analysis. You will be prepared for technical interviews and real-world challenges.",STEM for Kids,Advanced,180,3,4.25
765,Young Inventors | Hands-on Training (Latest Version),"Improve your technical skills with hands-on labs, assignments, and real-world applications. Skills covered include real-world deployment, software development, team collaboration. You will improve your technical and analytical thinking.",STEM for Kids,Intermediate,120,2,3.88
766,Astronomy for Kids | Professional Certificate (2026 Edition),"Prepare for senior-level positions by mastering the latest technologies in STEM for Kids. Skills covered include critical thinking, team collaboration, software development. You will improve your technical and analytical thinking.",STEM for Kids,Advanced,150,3,4.14
767,Computational Thinking - Intermediate | Complete Course (2026 Edition),"Improve your technical skills with hands-on labs, assignments, and real-world applications. Skills covered include software development, debugging, problem solving. You will improve your technical and analytical thinking.",STEM for Kids,Intermediate,90,2,4.14
768,Kids Robotics | Hands-on Training (Latest Version),"Explore optimization, scalability, and best engineering practices in Kids Robotics. Skills covered include data analysis, debugging, best practices. You will build real projects throughout the course.",STEM for Kids,Advanced,150,3,4.22
769,Digital Creativity - Intermediate (Updated Edition),"Develop scalable solutions using modern frameworks and professional development practices. Skills covered include system design, data analysis, problem solving. You will be able to apply your knowledge to practical business scenarios.",STEM for Kids,Intermediate,120,2,3.91
770,Python for Kids | Practical Workshop (2026 Edition),"This beginner-friendly course introduces the essential concepts required to succeed in STEM for Kids. Skills covered include real-world deployment, critical thinking, debugging. You will be able to apply your knowledge to practical business scenarios.",STEM for Kids,Beginner,75,1,4.95
771,Astronomy for Kids | Practical Workshop (Updated Edition),"Work with large-scale projects and advanced design strategies in STEM for Kids. Skills covered include data analysis, real-world deployment, team collaboration. You will understand best practices followed by professional engineers.",STEM for Kids,Advanced,120,3,4.13
772,Electronics Basics - Intermediate | Masterclass (Latest Version),"Learn advanced workflows and techniques used by professionals working in STEM for Kids. Skills covered include real-world deployment, critical thinking, problem solving. You will improve your technical and analytical thinking.",STEM for Kids,Intermediate,60,2,4.32
773,Artificial Intelligence | Bootcamp,"Improve your technical skills with hands-on labs, assignments, and real-world applications. Skills covered include team collaboration, software development, problem solving. You will be able to apply your knowledge to practical business scenarios.",STEM for Kids,Intermediate,120,2,4.18
774,Artificial Intelligence | Professional Certificate (Updated Edition),"Expand your experience in STEM for Kids using modern tools and best practices. Skills covered include debugging, critical thinking, best practices. You will be prepared for technical interviews and real-world challenges.",STEM for Kids,Intermediate,150,2,3.55
775,Digital Creativity - Advanced | Essentials,"Develop enterprise-grade applications using industry standards and modern architectures. Skills covered include problem solving, real-world deployment, system design. You will be prepared for technical interviews and real-world challenges.",STEM for Kids,Advanced,240,3,4.0
776,Future Technologies - Intermediate | Essentials,"Develop scalable solutions using modern frameworks and professional development practices. Skills covered include team collaboration, debugging, real-world deployment. You will develop portfolio-ready applications.",STEM for Kids,Intermediate,150,2,4.95
777,Artificial Intelligence - Beginner | Complete Course (2026 Edition),"This beginner-friendly course introduces the essential concepts required to succeed in STEM for Kids. Skills covered include project implementation, system design, real-world deployment. You will develop portfolio-ready applications.",STEM for Kids,Beginner,90,1,4.12
778,Problem Solving - Beginner | Masterclass,"Learn the fundamentals of Problem Solving from scratch with practical examples and step-by-step explanations. Skills covered include software development, project implementation, real-world deployment. You will develop portfolio-ready applications.",STEM for Kids,Beginner,60,1,4.61
779,Python for Kids - Intermediate | Masterclass (2026 Edition),"Practice real-world scenarios and improve your problem-solving skills in STEM for Kids. Skills covered include data analysis, critical thinking, project implementation. You will be able to apply your knowledge to practical business scenarios.",STEM for Kids,Intermediate,60,2,4.09
780,Game Development - Advanced | Professional Certificate (Updated Edition),"Gain expert-level knowledge through challenging case studies and complex projects. Skills covered include system design, project implementation, software development. You will develop portfolio-ready applications.",STEM for Kids,Advanced,120,3,3.82
781,Scratch Programming | Fundamentals,"Improve your technical skills with hands-on labs, assignments, and real-world applications. Skills covered include best practices, system design, data analysis. You will develop portfolio-ready applications.",STEM for Kids,Intermediate,120,2,4.54
782,Artificial Intelligence | Hands-on Training (2026 Edition),"Develop scalable solutions using modern frameworks and professional development practices. Skills covered include data analysis, software development, best practices. You will gain hands-on experience using industry-standard tools.",STEM for Kids,Intermediate,90,2,4.04
783,Future Technologies - Beginner | Complete Course (2026 Edition),"This beginner-friendly course introduces the essential concepts required to succeed in STEM for Kids. Skills covered include problem solving, project implementation, software development. You will be able to apply your knowledge to practical business scenarios.",STEM for Kids,Beginner,90,1,4.1
784,Innovation Lab - Intermediate | Masterclass,"Develop scalable solutions using modern frameworks and professional development practices. Skills covered include system design, best practices, debugging. You will gain hands-on experience using industry-standard tools.",STEM for Kids,Intermediate,60,2,4.32
785,Digital Creativity,"Learn the fundamentals of Digital Creativity from scratch with practical examples and step-by-step explanations. Skills covered include software development, system design, critical thinking. You will develop portfolio-ready applications.",STEM for Kids,Beginner,75,1,4.96
786,Math Games - Advanced | Fundamentals,"Gain expert-level knowledge through challenging case studies and complex projects. Skills covered include critical thinking, system design, software development. You will confidently work on real software projects.",STEM for Kids,Advanced,120,3,4.16
787,Computational Thinking | Complete Course (Updated Edition),"Develop enterprise-grade applications using industry standards and modern architectures. Skills covered include team collaboration, critical thinking, problem solving. You will build real projects throughout the course.",STEM for Kids,Advanced,210,3,4.15
788,Fun Science Experiments - Intermediate | Bootcamp (Latest Version),"Improve your technical skills with hands-on labs, assignments, and real-world applications. Skills covered include problem solving, system design, debugging. You will be prepared for technical interviews and real-world challenges.",STEM for Kids,Intermediate,60,2,4.37
789,Math Games | Professional Certificate (2026 Edition),"Master the basics of Math Games using simple explanations and interactive exercises. Skills covered include critical thinking, project implementation, data analysis. You will gain hands-on experience using industry-standard tools.",STEM for Kids,Beginner,30,1,3.74
790,Young Inventors - Beginner | Practical Workshop,"Start your learning journey in STEM for Kids through hands-on projects and real-world examples. Skills covered include software development, debugging, data analysis. You will be able to apply your knowledge to practical business scenarios.",STEM for Kids,Beginner,90,1,4.54
791,Game Development | Professional Certificate (Updated Edition),"Develop your first practical projects while learning the core concepts of Game Development. Skills covered include project implementation, critical thinking, problem solving. You will be able to apply your knowledge to practical business scenarios.",STEM for Kids,Beginner,30,1,4.46
792,Math Games | Hands-on Training (Latest Version),"Perfect for beginners who want to build a strong foundation in STEM for Kids. Skills covered include real-world deployment, debugging, project implementation. You will be able to apply your knowledge to practical business scenarios.",STEM for Kids,Beginner,30,1,4.79
793,Kids Robotics | Complete Course (2026 Edition),"Understand key principles and build confidence through guided exercises and quizzes. Skills covered include real-world deployment, data analysis, software development. You will improve your technical and analytical thinking.",STEM for Kids,Beginner,60,1,4.39
794,Innovation Lab - Intermediate | Project-Based Learning (Latest Version),"Expand your experience in STEM for Kids using modern tools and best practices. Skills covered include real-world deployment, debugging, system design. You will gain hands-on experience using industry-standard tools.",STEM for Kids,Intermediate,150,2,4.54
795,Electronics Basics | Masterclass,"Perfect for beginners who want to build a strong foundation in STEM for Kids. Skills covered include problem solving, data analysis, team collaboration. You will be able to apply your knowledge to practical business scenarios.",STEM for Kids,Beginner,90,1,4.37
796,LEGO Engineering - Intermediate | Essentials (Latest Version),"Improve your technical skills with hands-on labs, assignments, and real-world applications. Skills covered include problem solving, software development, critical thinking. You will be able to apply your knowledge to practical business scenarios.",STEM for Kids,Intermediate,90,2,4.32
797,Innovation Lab - Intermediate | Hands-on Training (Updated Edition),"Learn advanced workflows and techniques used by professionals working in STEM for Kids. Skills covered include problem solving, software development, data analysis. You will be able to apply your knowledge to practical business scenarios.",STEM for Kids,Intermediate,60,2,4.25
798,Kids Robotics - Beginner (Latest Version),"Gain practical skills in Kids Robotics with real-life case studies and beginner projects. Skills covered include software development, team collaboration, project implementation. You will confidently work on real software projects.",STEM for Kids,Beginner,45,1,4.42
799,Game Development | Project-Based Learning,"Strengthen your knowledge of Game Development by solving practical industry-focused projects. Skills covered include real-world deployment, software development, team collaboration. You will build real projects throughout the course.",STEM for Kids,Intermediate,60,2,4.59
800,Innovation Lab | Project-Based Learning (Updated Edition),"Understand advanced implementation techniques used in professional environments. Skills covered include software development, project implementation, critical thinking. You will be prepared for technical interviews and real-world challenges.",STEM for Kids,Advanced,150,3,4.53
801,Creative Storytelling - Intermediate | Hands-on Training,"Expand your experience in Arts & Creativity using modern tools and best practices. Skills covered include best practices, real-world deployment, data analysis. You will be prepared for technical interviews and real-world challenges.",Arts & Creativity,Intermediate,150,2,4.47
802,Art Appreciation - Beginner | Practical Workshop (Latest Version),"Perfect for beginners who want to build a strong foundation in Arts & Creativity. Skills covered include critical thinking, real-world deployment, data analysis. You will understand best practices followed by professional engineers.",Arts & Creativity,Beginner,60,1,4.88
803,Drawing Basics - Beginner | Complete Course,"This beginner-friendly course introduces the essential concepts required to succeed in Arts & Creativity. Skills covered include system design, team collaboration, real-world deployment. You will build real projects throughout the course.",Arts & Creativity,Beginner,45,1,4.16
804,Photography Basics | Fundamentals,"Learn the fundamentals of Photography Basics from scratch with practical examples and step-by-step explanations. Skills covered include data analysis, critical thinking, project implementation. You will build real projects throughout the course.",Arts & Creativity,Beginner,30,1,4.26
805,Clay Modeling | Hands-on Training (2026 Edition),"Build production-ready systems while learning professional development techniques. Skills covered include data analysis, debugging, critical thinking. You will be able to apply your knowledge to practical business scenarios.",Arts & Creativity,Advanced,210,3,4.0
806,Drawing Basics - Intermediate | Hands-on Training (Latest Version),"Learn advanced workflows and techniques used by professionals working in Arts & Creativity. Skills covered include software development, best practices, critical thinking. You will gain hands-on experience using industry-standard tools.",Arts & Creativity,Intermediate,120,2,3.63
807,Photography Basics | Complete Course (2026 Edition),"Gain expert-level knowledge through challenging case studies and complex projects. Skills covered include real-world deployment, debugging, problem solving. You will be prepared for technical interviews and real-world challenges.",Arts & Creativity,Advanced,210,3,4.15
808,Photography Basics - Beginner | Fundamentals,"Gain practical skills in Photography Basics with real-life case studies and beginner projects. Skills covered include critical thinking, problem solving, software development. You will develop portfolio-ready applications.",Arts & Creativity,Beginner,90,1,4.28
809,Theater Skills - Advanced | Bootcamp (Latest Version),"Work with large-scale projects and advanced design strategies in Arts & Creativity. Skills covered include critical thinking, project implementation, data analysis. You will understand best practices followed by professional engineers.",Arts & Creativity,Advanced,210,3,3.87
810,Craft Projects | Project-Based Learning (Updated Edition),"Gain practical skills in Craft Projects with real-life case studies and beginner projects. Skills covered include software development, critical thinking, best practices. You will build real projects throughout the course.",Arts & Creativity,Beginner,60,1,5.0
811,Clay Modeling - Advanced | Hands-on Training (Latest Version),"Gain expert-level knowledge through challenging case studies and complex projects. Skills covered include data analysis, critical thinking, debugging. You will confidently work on real software projects.",Arts & Creativity,Advanced,210,3,3.78
812,Digital Art - Advanced,"Master advanced concepts in Digital Art through real-world enterprise applications. Skills covered include software development, critical thinking, project implementation. You will be prepared for technical interviews and real-world challenges.",Arts & Creativity,Advanced,240,3,4.46
813,Drama Activities | Bootcamp (2026 Edition),"Apply your existing knowledge to build complete projects from start to finish. Skills covered include team collaboration, best practices, critical thinking. You will gain hands-on experience using industry-standard tools.",Arts & Creativity,Intermediate,150,2,4.19
814,Drama Activities - Intermediate | Hands-on Training (Latest Version),"Practice real-world scenarios and improve your problem-solving skills in Arts & Creativity. Skills covered include critical thinking, data analysis, team collaboration. You will confidently work on real software projects.",Arts & Creativity,Intermediate,150,2,4.1
815,Dance and Movement | Project-Based Learning,"Apply your existing knowledge to build complete projects from start to finish. Skills covered include software development, system design, data analysis. You will build real projects throughout the course.",Arts & Creativity,Intermediate,150,2,4.44
816,Creative Expression (Updated Edition),"Explore optimization, scalability, and best engineering practices in Creative Expression. Skills covered include problem solving, system design, real-world deployment. You will be prepared for technical interviews and real-world challenges.",Arts & Creativity,Advanced,210,3,4.13
817,Digital Art - Beginner | Complete Course,"Gain practical skills in Digital Art with real-life case studies and beginner projects. Skills covered include debugging, team collaboration, system design. You will develop portfolio-ready applications.",Arts & Creativity,Beginner,30,1,4.48
818,Drama Activities | Bootcamp (Latest Version),"Work with large-scale projects and advanced design strategies in Arts & Creativity. Skills covered include system design, data analysis, debugging. You will confidently work on real software projects.",Arts & Creativity,Advanced,180,3,4.2
819,Creative Design | Complete Course (Latest Version),"Improve your technical skills with hands-on labs, assignments, and real-world applications. Skills covered include critical thinking, software development, data analysis. You will understand best practices followed by professional engineers.",Arts & Creativity,Intermediate,150,2,4.44
820,Drawing Basics | Project-Based Learning (2026 Edition),"Perfect for beginners who want to build a strong foundation in Arts & Creativity. Skills covered include debugging, project implementation, problem solving. You will confidently work on real software projects.",Arts & Creativity,Beginner,60,1,4.21
821,Creative Storytelling - Intermediate | Fundamentals,"Learn advanced workflows and techniques used by professionals working in Arts & Creativity. Skills covered include real-world deployment, debugging, system design. You will understand best practices followed by professional engineers.",Arts & Creativity,Intermediate,90,2,4.3
822,Dance and Movement | Fundamentals,"Master advanced concepts in Dance and Movement through real-world enterprise applications. Skills covered include project implementation, real-world deployment, critical thinking. You will confidently work on real software projects.",Arts & Creativity,Advanced,180,3,3.94
823,Sketching Skills | Practical Workshop (Updated Edition),"Develop scalable solutions using modern frameworks and professional development practices. Skills covered include data analysis, software development, team collaboration. You will be prepared for technical interviews and real-world challenges.",Arts & Creativity,Intermediate,120,2,4.42
824,Art Appreciation - Beginner | Hands-on Training (Updated Edition),"Perfect for beginners who want to build a strong foundation in Arts & Creativity. Skills covered include critical thinking, problem solving, debugging. You will gain hands-on experience using industry-standard tools.",Arts & Creativity,Beginner,30,1,4.6
825,Creative Design | Fundamentals,"Improve your technical skills with hands-on labs, assignments, and real-world applications. Skills covered include system design, best practices, debugging. You will gain hands-on experience using industry-standard tools.",Arts & Creativity,Intermediate,60,2,4.06
826,Dance and Movement | Bootcamp (Updated Edition),"Understand advanced implementation techniques used in professional environments. Skills covered include problem solving, data analysis, system design. You will develop portfolio-ready applications.",Arts & Creativity,Advanced,210,3,3.68
827,Digital Art | Professional Certificate (Updated Edition),"Master advanced concepts in Digital Art through real-world enterprise applications. Skills covered include problem solving, real-world deployment, software development. You will understand best practices followed by professional engineers.",Arts & Creativity,Advanced,150,3,4.65
828,Music Production | Fundamentals (Updated Edition),"Understand advanced implementation techniques used in professional environments. Skills covered include system design, team collaboration, debugging. You will improve your technical and analytical thinking.",Arts & Creativity,Advanced,150,3,4.11
829,Creative Expression - Intermediate (Latest Version),"Practice real-world scenarios and improve your problem-solving skills in Arts & Creativity. Skills covered include team collaboration, software development, debugging. You will improve your technical and analytical thinking.",Arts & Creativity,Intermediate,150,2,4.45
830,Music for Kids | Complete Course,"Learn advanced workflows and techniques used by professionals working in Arts & Creativity. Skills covered include data analysis, system design, critical thinking. You will gain hands-on experience using industry-standard tools.",Arts & Creativity,Intermediate,120,2,4.28
831,Drawing Basics - Intermediate | Fundamentals (2026 Edition),"Learn advanced workflows and techniques used by professionals working in Arts & Creativity. Skills covered include best practices, data analysis, software development. You will improve your technical and analytical thinking.",Arts & Creativity,Intermediate,60,2,4.25
832,Photography Basics | Essentials (2026 Edition),"Learn the fundamentals of Photography Basics from scratch with practical examples and step-by-step explanations. Skills covered include project implementation, critical thinking, software development. You will build real projects throughout the course.",Arts & Creativity,Beginner,60,1,4.48
833,Animation Basics - Advanced | Bootcamp (Latest Version),"Work with large-scale projects and advanced design strategies in Arts & Creativity. Skills covered include critical thinking, real-world deployment, best practices. You will understand best practices followed by professional engineers.",Arts & Creativity,Advanced,120,3,4.22
834,Dance and Movement | Project-Based Learning,"Gain practical skills in Dance and Movement with real-life case studies and beginner projects. Skills covered include critical thinking, system design, debugging. You will be prepared for technical interviews and real-world challenges.",Arts & Creativity,Beginner,30,1,4.65
835,Paper Crafts - Intermediate | Project-Based Learning (2026 Edition),"Strengthen your knowledge of Paper Crafts by solving practical industry-focused projects. Skills covered include critical thinking, data analysis, team collaboration. You will confidently work on real software projects.",Arts & Creativity,Intermediate,120,2,4.46
836,Creative Expression (2026 Edition),"Improve your technical skills with hands-on labs, assignments, and real-world applications. Skills covered include real-world deployment, problem solving, team collaboration. You will be able to apply your knowledge to practical business scenarios.",Arts & Creativity,Intermediate,60,2,4.31
837,Dance and Movement - Advanced | Bootcamp (2026 Edition),"Work with large-scale projects and advanced design strategies in Arts & Creativity. Skills covered include project implementation, real-world deployment, best practices. You will improve your technical and analytical thinking.",Arts & Creativity,Advanced,180,3,4.17
838,Craft Projects | Essentials (Updated Edition),"Understand key principles and build confidence through guided exercises and quizzes. Skills covered include team collaboration, debugging, system design. You will develop portfolio-ready applications.",Arts & Creativity,Beginner,75,1,4.58
839,Drama Activities - Beginner | Professional Certificate (Latest Version),"Start your learning journey in Arts & Creativity through hands-on projects and real-world examples. Skills covered include system design, best practices, debugging. You will confidently work on real software projects.",Arts & Creativity,Beginner,90,1,4.59
840,Color Theory - Intermediate | Professional Certificate (Updated Edition),"Develop scalable solutions using modern frameworks and professional development practices. Skills covered include system design, data analysis, team collaboration. You will gain hands-on experience using industry-standard tools.",Arts & Creativity,Intermediate,150,2,3.98
841,Sketching Skills (Updated Edition),"Develop your first practical projects while learning the core concepts of Sketching Skills. Skills covered include debugging, problem solving, critical thinking. You will be able to apply your knowledge to practical business scenarios.",Arts & Creativity,Beginner,60,1,4.09
842,Paper Crafts - Intermediate | Complete Course (Updated Edition),"Improve your technical skills with hands-on labs, assignments, and real-world applications. Skills covered include data analysis, real-world deployment, software development. You will understand best practices followed by professional engineers.",Arts & Creativity,Intermediate,60,2,3.99
843,Music for Kids - Beginner (Updated Edition),"Master the basics of Music for Kids using simple explanations and interactive exercises. Skills covered include team collaboration, critical thinking, debugging. You will develop portfolio-ready applications.",Arts & Creativity,Beginner,75,1,4.3
844,Creative Expression | Masterclass,"Perfect for beginners who want to build a strong foundation in Arts & Creativity. Skills covered include real-world deployment, debugging, team collaboration. You will understand best practices followed by professional engineers.",Arts & Creativity,Beginner,90,1,4.41
845,Paper Crafts (Latest Version),"Perfect for beginners who want to build a strong foundation in Arts & Creativity. Skills covered include best practices, software development, data analysis. You will be prepared for technical interviews and real-world challenges.",Arts & Creativity,Beginner,30,1,4.76
846,Photography Basics - Intermediate | Professional Certificate,"Explore intermediate concepts in Photography Basics while building portfolio-ready projects. Skills covered include software development, debugging, problem solving. You will build real projects throughout the course.",Arts & Creativity,Intermediate,150,2,4.28
847,Paper Crafts - Intermediate | Bootcamp (Latest Version),"Practice real-world scenarios and improve your problem-solving skills in Arts & Creativity. Skills covered include debugging, critical thinking, data analysis. You will confidently work on real software projects.",Arts & Creativity,Intermediate,150,2,4.27
848,Creative Expression | Professional Certificate (Latest Version),"Develop your first practical projects while learning the core concepts of Creative Expression. Skills covered include real-world deployment, critical thinking, problem solving. You will improve your technical and analytical thinking.",Arts & Creativity,Beginner,30,1,4.3
849,Painting Techniques | Complete Course,"Gain expert-level knowledge through challenging case studies and complex projects. Skills covered include team collaboration, problem solving, real-world deployment. You will develop portfolio-ready applications.",Arts & Creativity,Advanced,210,3,4.12
850,Painting Techniques | Professional Certificate,"Understand key principles and build confidence through guided exercises and quizzes. Skills covered include project implementation, software development, team collaboration. You will confidently work on real software projects.",Arts & Creativity,Beginner,60,1,4.61
851,Music for Kids | Complete Course (Latest Version),"Gain practical skills in Music for Kids with real-life case studies and beginner projects. Skills covered include best practices, project implementation, data analysis. You will confidently work on real software projects.",Arts & Creativity,Beginner,30,1,4.32
852,Photography Basics | Professional Certificate,"Master the basics of Photography Basics using simple explanations and interactive exercises. Skills covered include system design, critical thinking, team collaboration. You will confidently work on real software projects.",Arts & Creativity,Beginner,90,1,4.47
853,Painting Techniques | Masterclass (Latest Version),"Develop your first practical projects while learning the core concepts of Painting Techniques. Skills covered include project implementation, best practices, software development. You will gain hands-on experience using industry-standard tools.",Arts & Creativity,Beginner,45,1,4.27
854,Creative Storytelling | Practical Workshop (Latest Version),"Master the basics of Creative Storytelling using simple explanations and interactive exercises. Skills covered include debugging, system design, critical thinking. You will develop portfolio-ready applications.",Arts & Creativity,Beginner,90,1,4.52
855,Color Theory - Beginner | Professional Certificate,"Master the basics of Color Theory using simple explanations and interactive exercises. Skills covered include problem solving, best practices, software development. You will develop portfolio-ready applications.",Arts & Creativity,Beginner,75,1,4.79
856,Drawing Basics | Essentials (Latest Version),"Expand your experience in Arts & Creativity using modern tools and best practices. Skills covered include team collaboration, critical thinking, data analysis. You will be prepared for technical interviews and real-world challenges.",Arts & Creativity,Intermediate,120,2,4.01
857,Dance and Movement | Essentials (Latest Version),"Learn the fundamentals of Dance and Movement from scratch with practical examples and step-by-step explanations. Skills covered include debugging, real-world deployment, system design. You will develop portfolio-ready applications.",Arts & Creativity,Beginner,30,1,4.28
858,Dance and Movement | Fundamentals (Updated Edition),"Expand your experience in Arts & Creativity using modern tools and best practices. Skills covered include problem solving, system design, critical thinking. You will improve your technical and analytical thinking.",Arts & Creativity,Intermediate,150,2,4.39
859,Music for Kids - Beginner (Updated Edition),"Understand key principles and build confidence through guided exercises and quizzes. Skills covered include debugging, real-world deployment, critical thinking. You will improve your technical and analytical thinking.",Arts & Creativity,Beginner,30,1,4.3
860,Digital Art | Complete Course (2026 Edition),"Explore intermediate concepts in Digital Art while building portfolio-ready projects. Skills covered include problem solving, critical thinking, software development. You will confidently work on real software projects.",Arts & Creativity,Intermediate,120,2,4.26
861,Creative Thinking | Masterclass (2026 Edition),"Prepare for senior-level positions by mastering the latest technologies in Arts & Creativity. Skills covered include software development, problem solving, best practices. You will be prepared for technical interviews and real-world challenges.",Arts & Creativity,Advanced,120,3,4.21
862,Paper Crafts - Beginner | Professional Certificate,"Develop your first practical projects while learning the core concepts of Paper Crafts. Skills covered include best practices, problem solving, real-world deployment. You will improve your technical and analytical thinking.",Arts & Creativity,Beginner,30,1,4.69
863,Creative Design - Beginner (Updated Edition),"Perfect for beginners who want to build a strong foundation in Arts & Creativity. Skills covered include critical thinking, project implementation, data analysis. You will confidently work on real software projects.",Arts & Creativity,Beginner,90,1,4.08
864,Creative Design | Essentials (Updated Edition),"Practice real-world scenarios and improve your problem-solving skills in Arts & Creativity. Skills covered include best practices, problem solving, data analysis. You will develop portfolio-ready applications.",Arts & Creativity,Intermediate,120,2,4.29
865,Paper Crafts - Advanced | Fundamentals (Latest Version),"Master advanced concepts in Paper Crafts through real-world enterprise applications. Skills covered include software development, debugging, system design. You will be able to apply your knowledge to practical business scenarios.",Arts & Creativity,Advanced,180,3,3.94
866,Clay Modeling | Masterclass (Latest Version),"Expand your experience in Arts & Creativity using modern tools and best practices. Skills covered include system design, debugging, critical thinking. You will develop portfolio-ready applications.",Arts & Creativity,Intermediate,90,2,3.93
867,Theater Skills | Project-Based Learning (2026 Edition),"Understand advanced implementation techniques used in professional environments. Skills covered include project implementation, real-world deployment, system design. You will build real projects throughout the course.",Arts & Creativity,Advanced,180,3,4.29
868,Animation Basics | Practical Workshop,"Practice real-world scenarios and improve your problem-solving skills in Arts & Creativity. Skills covered include project implementation, critical thinking, problem solving. You will confidently work on real software projects.",Arts & Creativity,Intermediate,150,2,4.14
869,Creative Storytelling - Intermediate | Complete Course (Updated Edition),"Explore intermediate concepts in Creative Storytelling while building portfolio-ready projects. Skills covered include problem solving, best practices, real-world deployment. You will improve your technical and analytical thinking.",Arts & Creativity,Intermediate,120,2,4.21
870,Creative Thinking | Bootcamp,"Master advanced concepts in Creative Thinking through real-world enterprise applications. Skills covered include debugging, data analysis, problem solving. You will build real projects throughout the course.",Arts & Creativity,Advanced,180,3,4.11
871,Digital Art - Beginner | Professional Certificate (2026 Edition),"Understand key principles and build confidence through guided exercises and quizzes. Skills covered include real-world deployment, critical thinking, project implementation. You will improve your technical and analytical thinking.",Arts & Creativity,Beginner,60,1,4.75
872,Painting Techniques | Practical Workshop (2026 Edition),"Develop scalable solutions using modern frameworks and professional development practices. Skills covered include critical thinking, project implementation, team collaboration. You will develop portfolio-ready applications.",Arts & Creativity,Intermediate,150,2,4.62
873,Drama Activities - Intermediate | Practical Workshop (2026 Edition),"Explore intermediate concepts in Drama Activities while building portfolio-ready projects. Skills covered include project implementation, critical thinking, real-world deployment. You will confidently work on real software projects.",Arts & Creativity,Intermediate,120,2,4.51
874,Theater Skills - Beginner | Hands-on Training,"Gain practical skills in Theater Skills with real-life case studies and beginner projects. Skills covered include data analysis, team collaboration, real-world deployment. You will confidently work on real software projects.",Arts & Creativity,Beginner,90,1,4.74
875,Clay Modeling | Hands-on Training (Latest Version),"Develop scalable solutions using modern frameworks and professional development practices. Skills covered include critical thinking, software development, project implementation. You will improve your technical and analytical thinking.",Arts & Creativity,Intermediate,60,2,4.35
876,Animation Basics - Intermediate | Complete Course (Updated Edition),"Learn advanced workflows and techniques used by professionals working in Arts & Creativity. Skills covered include debugging, problem solving, best practices. You will confidently work on real software projects.",Arts & Creativity,Intermediate,150,2,4.27
877,Painting Techniques | Professional Certificate,"Gain practical skills in Painting Techniques with real-life case studies and beginner projects. Skills covered include data analysis, problem solving, critical thinking. You will build real projects throughout the course.",Arts & Creativity,Beginner,90,1,4.67
878,Dance and Movement - Intermediate | Essentials (Latest Version),"Learn advanced workflows and techniques used by professionals working in Arts & Creativity. Skills covered include project implementation, real-world deployment, problem solving. You will confidently work on real software projects.",Arts & Creativity,Intermediate,90,2,4.42
879,Creative Expression - Intermediate | Bootcamp,"Expand your experience in Arts & Creativity using modern tools and best practices. Skills covered include system design, real-world deployment, critical thinking. You will confidently work on real software projects.",Arts & Creativity,Intermediate,90,2,4.2
880,Drawing Basics - Advanced | Project-Based Learning (Latest Version),"Develop enterprise-grade applications using industry standards and modern architectures. Skills covered include debugging, best practices, software development. You will improve your technical and analytical thinking.",Arts & Creativity,Advanced,120,3,4.02
881,Theater Skills - Beginner | Fundamentals (Latest Version),"Start your learning journey in Arts & Creativity through hands-on projects and real-world examples. Skills covered include system design, software development, real-world deployment. You will confidently work on real software projects.",Arts & Creativity,Beginner,75,1,4.53
882,Creative Design | Bootcamp (Latest Version),"Understand key principles and build confidence through guided exercises and quizzes. Skills covered include debugging, critical thinking, best practices. You will be prepared for technical interviews and real-world challenges.",Arts & Creativity,Beginner,60,1,4.54
883,Color Theory - Beginner | Professional Certificate (Latest Version),"Learn the fundamentals of Color Theory from scratch with practical examples and step-by-step explanations. Skills covered include real-world deployment, best practices, problem solving. You will understand best practices followed by professional engineers.",Arts & Creativity,Beginner,90,1,4.25
884,Creative Storytelling - Intermediate | Project-Based Learning (Updated Edition),"Practice real-world scenarios and improve your problem-solving skills in Arts & Creativity. Skills covered include team collaboration, real-world deployment, system design. You will understand best practices followed by professional engineers.",Arts & Creativity,Intermediate,90,2,4.51
885,Music Production - Beginner | Bootcamp (2026 Edition),"Gain practical skills in Music Production with real-life case studies and beginner projects. Skills covered include software development, project implementation, team collaboration. You will be prepared for technical interviews and real-world challenges.",Arts & Creativity,Beginner,60,1,4.32
886,Craft Projects | Project-Based Learning (Latest Version),"Work with large-scale projects and advanced design strategies in Arts & Creativity. Skills covered include real-world deployment, team collaboration, project implementation. You will be able to apply your knowledge to practical business scenarios.",Arts & Creativity,Advanced,240,3,3.83
887,Paper Crafts | Fundamentals (Updated Edition),"Learn advanced workflows and techniques used by professionals working in Arts & Creativity. Skills covered include system design, critical thinking, team collaboration. You will confidently work on real software projects.",Arts & Creativity,Intermediate,60,2,4.77
888,Creative Design - Beginner | Masterclass (2026 Edition),"Understand key principles and build confidence through guided exercises and quizzes. Skills covered include debugging, critical thinking, problem solving. You will develop portfolio-ready applications.",Arts & Creativity,Beginner,45,1,4.64
889,Music for Kids | Bootcamp (Latest Version),"Start your learning journey in Arts & Creativity through hands-on projects and real-world examples. Skills covered include data analysis, critical thinking, best practices. You will be prepared for technical interviews and real-world challenges.",Arts & Creativity,Beginner,90,1,4.46
890,Creative Storytelling - Advanced | Fundamentals (2026 Edition),"Prepare for senior-level positions by mastering the latest technologies in Arts & Creativity. Skills covered include best practices, project implementation, system design. You will improve your technical and analytical thinking.",Arts & Creativity,Advanced,180,3,4.06
891,Drama Activities - Intermediate | Essentials (2026 Edition),"Improve your technical skills with hands-on labs, assignments, and real-world applications. Skills covered include problem solving, software development, real-world deployment. You will understand best practices followed by professional engineers.",Arts & Creativity,Intermediate,60,2,4.04
892,Color Theory - Intermediate | Bootcamp (Updated Edition),"Improve your technical skills with hands-on labs, assignments, and real-world applications. Skills covered include system design, best practices, data analysis. You will understand best practices followed by professional engineers.",Arts & Creativity,Intermediate,150,2,4.03
893,Creative Expression | Complete Course,"Build production-ready systems while learning professional development techniques. Skills covered include software development, team collaboration, project implementation. You will gain hands-on experience using industry-standard tools.",Arts & Creativity,Advanced,210,3,3.74
894,Music for Kids - Intermediate (Updated Edition),"Explore intermediate concepts in Music for Kids while building portfolio-ready projects. Skills covered include project implementation, debugging, data analysis. You will gain hands-on experience using industry-standard tools.",Arts & Creativity,Intermediate,90,2,3.94
895,Drama Activities | Bootcamp (2026 Edition),"Build production-ready systems while learning professional development techniques. Skills covered include real-world deployment, best practices, project implementation. You will build real projects throughout the course.",Arts & Creativity,Advanced,210,3,3.87
896,Painting Techniques | Professional Certificate (2026 Edition),"Start your learning journey in Arts & Creativity through hands-on projects and real-world examples. Skills covered include system design, team collaboration, data analysis. You will build real projects throughout the course.",Arts & Creativity,Beginner,30,1,4.29
897,Photography Basics | Fundamentals,"Expand your experience in Arts & Creativity using modern tools and best practices. Skills covered include team collaboration, best practices, software development. You will develop portfolio-ready applications.",Arts & Creativity,Intermediate,60,2,4.62
898,Painting Techniques | Project-Based Learning (2026 Edition),"Gain practical skills in Painting Techniques with real-life case studies and beginner projects. Skills covered include project implementation, system design, problem solving. You will build real projects throughout the course.",Arts & Creativity,Beginner,75,1,4.4
899,Drawing Basics - Advanced | Masterclass (Latest Version),"Understand advanced implementation techniques used in professional environments. Skills covered include software development, debugging, team collaboration. You will be able to apply your knowledge to practical business scenarios.",Arts & Creativity,Advanced,240,3,3.85
900,Music for Kids | Fundamentals (Updated Edition),"Practice real-world scenarios and improve your problem-solving skills in Arts & Creativity. Skills covered include debugging, problem solving, system design. You will improve your technical and analytical thinking.",Arts & Creativity,Intermediate,90,2,4.33
901,Craft Projects - Intermediate | Masterclass (Latest Version),"Strengthen your knowledge of Craft Projects by solving practical industry-focused projects. Skills covered include critical thinking, problem solving, software development. You will confidently work on real software projects.",Arts & Creativity,Intermediate,60,2,4.43
902,Drama Activities - Beginner | Practical Workshop (Updated Edition),"Start your learning journey in Arts & Creativity through hands-on projects and real-world examples. Skills covered include real-world deployment, debugging, best practices. You will gain hands-on experience using industry-standard tools.",Arts & Creativity,Beginner,60,1,4.36
903,Craft Projects | Essentials (2026 Edition),"Gain practical skills in Craft Projects with real-life case studies and beginner projects. Skills covered include project implementation, data analysis, real-world deployment. You will improve your technical and analytical thinking.",Arts & Creativity,Beginner,60,1,4.9
904,Music Production - Advanced | Practical Workshop,"Understand advanced implementation techniques used in professional environments. Skills covered include real-world deployment, best practices, project implementation. You will gain hands-on experience using industry-standard tools.",Arts & Creativity,Advanced,180,3,3.8
905,Dance and Movement | Essentials (2026 Edition),"Work with large-scale projects and advanced design strategies in Arts & Creativity. Skills covered include problem solving, system design, best practices. You will confidently work on real software projects.",Arts & Creativity,Advanced,240,3,4.16
906,Music for Kids (Updated Edition),"Understand key principles and build confidence through guided exercises and quizzes. Skills covered include project implementation, critical thinking, problem solving. You will develop portfolio-ready applications.",Arts & Creativity,Beginner,90,1,4.73
907,Creative Expression (Latest Version),"Start your learning journey in Arts & Creativity through hands-on projects and real-world examples. Skills covered include debugging, team collaboration, problem solving. You will develop portfolio-ready applications.",Arts & Creativity,Beginner,75,1,4.66
908,Painting Techniques | Practical Workshop,"Improve your technical skills with hands-on labs, assignments, and real-world applications. Skills covered include problem solving, data analysis, debugging. You will be prepared for technical interviews and real-world challenges.",Arts & Creativity,Intermediate,120,2,4.35
909,Painting Techniques | Essentials (Latest Version),"Develop enterprise-grade applications using industry standards and modern architectures. Skills covered include software development, debugging, best practices. You will improve your technical and analytical thinking.",Arts & Creativity,Advanced,240,3,3.78
910,Creative Storytelling - Advanced | Professional Certificate (Updated Edition),"Develop enterprise-grade applications using industry standards and modern architectures. Skills covered include data analysis, debugging, problem solving. You will develop portfolio-ready applications.",Arts & Creativity,Advanced,150,3,4.17
911,Clay Modeling - Beginner | Professional Certificate,"This beginner-friendly course introduces the essential concepts required to succeed in Arts & Creativity. Skills covered include software development, best practices, team collaboration. You will build real projects throughout the course.",Arts & Creativity,Beginner,60,1,4.3
912,Sketching Skills (Updated Edition),"Master the basics of Sketching Skills using simple explanations and interactive exercises. Skills covered include debugging, problem solving, critical thinking. You will develop portfolio-ready applications.",Arts & Creativity,Beginner,90,1,4.41
913,Creative Expression - Intermediate | Bootcamp (Latest Version),"Apply your existing knowledge to build complete projects from start to finish. Skills covered include software development, system design, real-world deployment. You will be able to apply your knowledge to practical business scenarios.",Arts & Creativity,Intermediate,120,2,4.32
914,Creative Expression - Intermediate | Masterclass,"Apply your existing knowledge to build complete projects from start to finish. Skills covered include real-world deployment, data analysis, problem solving. You will improve your technical and analytical thinking.",Arts & Creativity,Intermediate,90,2,4.1
915,Painting Techniques - Advanced | Professional Certificate (Updated Edition),"Explore optimization, scalability, and best engineering practices in Painting Techniques. Skills covered include data analysis, critical thinking, team collaboration. You will confidently work on real software projects.",Arts & Creativity,Advanced,180,3,4.03
916,Music for Kids | Masterclass (2026 Edition),"Develop scalable solutions using modern frameworks and professional development practices. Skills covered include critical thinking, debugging, project implementation. You will be able to apply your knowledge to practical business scenarios.",Arts & Creativity,Intermediate,120,2,4.28
917,Drawing Basics | Practical Workshop (Updated Edition),"Learn the fundamentals of Drawing Basics from scratch with practical examples and step-by-step explanations. Skills covered include software development, data analysis, problem solving. You will develop portfolio-ready applications.",Arts & Creativity,Beginner,60,1,3.84
918,Creative Storytelling - Advanced,"Gain expert-level knowledge through challenging case studies and complex projects. Skills covered include system design, debugging, problem solving. You will be able to apply your knowledge to practical business scenarios.",Arts & Creativity,Advanced,180,3,4.22
919,Art Appreciation - Advanced | Bootcamp,"Understand advanced implementation techniques used in professional environments. Skills covered include team collaboration, critical thinking, problem solving. You will confidently work on real software projects.",Arts & Creativity,Advanced,240,3,3.77
920,Music Production - Intermediate | Practical Workshop (Updated Edition),"Improve your technical skills with hands-on labs, assignments, and real-world applications. Skills covered include data analysis, system design, real-world deployment. You will improve your technical and analytical thinking.",Arts & Creativity,Intermediate,120,2,4.29
921,Sketching Skills | Bootcamp (2026 Edition),"Perfect for beginners who want to build a strong foundation in Arts & Creativity. Skills covered include data analysis, best practices, system design. You will confidently work on real software projects.",Arts & Creativity,Beginner,75,1,4.35
922,Color Theory | Complete Course (2026 Edition),"Start your learning journey in Arts & Creativity through hands-on projects and real-world examples. Skills covered include real-world deployment, project implementation, team collaboration. You will understand best practices followed by professional engineers.",Arts & Creativity,Beginner,90,1,4.68
923,Paper Crafts - Beginner | Hands-on Training (Latest Version),"Master the basics of Paper Crafts using simple explanations and interactive exercises. Skills covered include software development, best practices, problem solving. You will be able to apply your knowledge to practical business scenarios.",Arts & Creativity,Beginner,90,1,3.98
924,Music for Kids - Intermediate | Essentials (Latest Version),"Strengthen your knowledge of Music for Kids by solving practical industry-focused projects. Skills covered include debugging, problem solving, software development. You will gain hands-on experience using industry-standard tools.",Arts & Creativity,Intermediate,90,2,4.32
925,Creative Storytelling | Essentials (Latest Version),"Improve your technical skills with hands-on labs, assignments, and real-world applications. Skills covered include project implementation, critical thinking, data analysis. You will understand best practices followed by professional engineers.",Arts & Creativity,Intermediate,120,2,4.57
926,Animation Basics - Intermediate | Bootcamp,"Apply your existing knowledge to build complete projects from start to finish. Skills covered include debugging, best practices, real-world deployment. You will develop portfolio-ready applications.",Arts & Creativity,Intermediate,120,2,4.58
927,Creative Design - Intermediate | Complete Course,"Apply your existing knowledge to build complete projects from start to finish. Skills covered include debugging, data analysis, best practices. You will be able to apply your knowledge to practical business scenarios.",Arts & Creativity,Intermediate,60,2,4.1
928,Music Production - Intermediate | Professional Certificate,"Apply your existing knowledge to build complete projects from start to finish. Skills covered include data analysis, problem solving, debugging. You will develop portfolio-ready applications.",Arts & Creativity,Intermediate,120,2,4.17
929,Paper Crafts - Beginner | Complete Course (2026 Edition),"Develop your first practical projects while learning the core concepts of Paper Crafts. Skills covered include critical thinking, data analysis, project implementation. You will be able to apply your knowledge to practical business scenarios.",Arts & Creativity,Beginner,45,1,4.32
930,Music for Kids - Beginner | Project-Based Learning (Latest Version),"This beginner-friendly course introduces the essential concepts required to succeed in Arts & Creativity. Skills covered include project implementation, critical thinking, system design. You will develop portfolio-ready applications.",Arts & Creativity,Beginner,45,1,4.59
931,Creative Storytelling - Beginner | Essentials (2026 Edition),"Master the basics of Creative Storytelling using simple explanations and interactive exercises. Skills covered include problem solving, best practices, real-world deployment. You will understand best practices followed by professional engineers.",Arts & Creativity,Beginner,90,1,5.0
932,Dance and Movement | Fundamentals (Latest Version),"Start your learning journey in Arts & Creativity through hands-on projects and real-world examples. Skills covered include best practices, project implementation, critical thinking. You will gain hands-on experience using industry-standard tools.",Arts & Creativity,Beginner,90,1,4.14
933,Sketching Skills - Advanced | Project-Based Learning (Updated Edition),"Build production-ready systems while learning professional development techniques. Skills covered include data analysis, critical thinking, system design. You will gain hands-on experience using industry-standard tools.",Arts & Creativity,Advanced,150,3,4.51
934,Paper Crafts | Practical Workshop (Updated Edition),"Perfect for beginners who want to build a strong foundation in Arts & Creativity. Skills covered include data analysis, problem solving, debugging. You will gain hands-on experience using industry-standard tools.",Arts & Creativity,Beginner,90,1,4.48
935,Music Production - Beginner | Essentials,"Master the basics of Music Production using simple explanations and interactive exercises. Skills covered include system design, project implementation, best practices. You will be able to apply your knowledge to practical business scenarios.",Arts & Creativity,Beginner,45,1,4.66
936,Creative Design - Advanced | Project-Based Learning (Updated Edition),"Build production-ready systems while learning professional development techniques. Skills covered include team collaboration, system design, problem solving. You will be prepared for technical interviews and real-world challenges.",Arts & Creativity,Advanced,150,3,4.28
937,Craft Projects - Intermediate | Fundamentals (2026 Edition),"Develop scalable solutions using modern frameworks and professional development practices. Skills covered include real-world deployment, system design, data analysis. You will confidently work on real software projects.",Arts & Creativity,Intermediate,60,2,4.13
938,Music Production - Intermediate | Complete Course (Updated Edition),"Apply your existing knowledge to build complete projects from start to finish. Skills covered include best practices, debugging, data analysis. You will confidently work on real software projects.",Arts & Creativity,Intermediate,120,2,4.4
939,Creative Thinking | Bootcamp (Updated Edition),"Perfect for beginners who want to build a strong foundation in Arts & Creativity. Skills covered include software development, best practices, data analysis. You will gain hands-on experience using industry-standard tools.",Arts & Creativity,Beginner,75,1,4.33
940,Clay Modeling | Complete Course (Latest Version),"Improve your technical skills with hands-on labs, assignments, and real-world applications. Skills covered include problem solving, project implementation, team collaboration. You will improve your technical and analytical thinking.",Arts & Creativity,Intermediate,150,2,4.63
941,Color Theory | Practical Workshop (Updated Edition),"Understand key principles and build confidence through guided exercises and quizzes. Skills covered include project implementation, problem solving, real-world deployment. You will confidently work on real software projects.",Arts & Creativity,Beginner,75,1,4.29
942,Photography Basics (Updated Edition),"Master the basics of Photography Basics using simple explanations and interactive exercises. Skills covered include real-world deployment, software development, system design. You will gain hands-on experience using industry-standard tools.",Arts & Creativity,Beginner,75,1,4.67
943,Creative Expression - Intermediate | Complete Course,"Practice real-world scenarios and improve your problem-solving skills in Arts & Creativity. Skills covered include team collaboration, critical thinking, problem solving. You will improve your technical and analytical thinking.",Arts & Creativity,Intermediate,150,2,4.63
944,Clay Modeling - Intermediate | Complete Course (Latest Version),"Learn advanced workflows and techniques used by professionals working in Arts & Creativity. Skills covered include data analysis, real-world deployment, debugging. You will improve your technical and analytical thinking.",Arts & Creativity,Intermediate,120,2,4.51
945,Theater Skills - Intermediate,"Strengthen your knowledge of Theater Skills by solving practical industry-focused projects. Skills covered include software development, project implementation, team collaboration. You will build real projects throughout the course.",Arts & Creativity,Intermediate,60,2,3.86
946,Photography Basics | Masterclass,"Develop scalable solutions using modern frameworks and professional development practices. Skills covered include debugging, software development, project implementation. You will gain hands-on experience using industry-standard tools.",Arts & Creativity,Intermediate,60,2,4.3
947,Craft Projects - Beginner | Hands-on Training,"Understand key principles and build confidence through guided exercises and quizzes. Skills covered include system design, project implementation, data analysis. You will be prepared for technical interviews and real-world challenges.",Arts & Creativity,Beginner,90,1,4.39
948,Music Production | Professional Certificate (Updated Edition),"Expand your experience in Arts & Creativity using modern tools and best practices. Skills covered include project implementation, best practices, debugging. You will develop portfolio-ready applications.",Arts & Creativity,Intermediate,90,2,4.21
949,Color Theory | Hands-on Training (Updated Edition),"Master the basics of Color Theory using simple explanations and interactive exercises. Skills covered include debugging, problem solving, best practices. You will be prepared for technical interviews and real-world challenges.",Arts & Creativity,Beginner,60,1,4.76
950,Clay Modeling - Advanced | Bootcamp (Latest Version),"Master advanced concepts in Clay Modeling through real-world enterprise applications. Skills covered include debugging, system design, best practices. You will understand best practices followed by professional engineers.",Arts & Creativity,Advanced,240,3,3.93
951,Creative Design - Intermediate | Professional Certificate (Updated Edition),"Apply your existing knowledge to build complete projects from start to finish. Skills covered include real-world deployment, system design, critical thinking. You will be able to apply your knowledge to practical business scenarios.",Arts & Creativity,Intermediate,60,2,4.43
952,Art Appreciation - Intermediate | Project-Based Learning (2026 Edition),"Explore intermediate concepts in Art Appreciation while building portfolio-ready projects. Skills covered include debugging, project implementation, data analysis. You will be able to apply your knowledge to practical business scenarios.",Arts & Creativity,Intermediate,150,2,4.39
953,Painting Techniques - Beginner | Fundamentals (Latest Version),"Gain practical skills in Painting Techniques with real-life case studies and beginner projects. Skills covered include team collaboration, best practices, data analysis. You will improve your technical and analytical thinking.",Arts & Creativity,Beginner,60,1,4.35
954,Paper Crafts - Intermediate | Project-Based Learning,"Expand your experience in Arts & Creativity using modern tools and best practices. Skills covered include debugging, software development, problem solving. You will be able to apply your knowledge to practical business scenarios.",Arts & Creativity,Intermediate,150,2,3.91
955,Music Production | Complete Course (2026 Edition),"Learn advanced workflows and techniques used by professionals working in Arts & Creativity. Skills covered include team collaboration, best practices, software development. You will be prepared for technical interviews and real-world challenges.",Arts & Creativity,Intermediate,60,2,4.55
956,Art Appreciation | Bootcamp (Latest Version),"Develop your first practical projects while learning the core concepts of Art Appreciation. Skills covered include real-world deployment, data analysis, software development. You will be able to apply your knowledge to practical business scenarios.",Arts & Creativity,Beginner,60,1,4.56
957,Creative Thinking | Masterclass (Updated Edition),"Learn advanced workflows and techniques used by professionals working in Arts & Creativity. Skills covered include software development, team collaboration, best practices. You will build real projects throughout the course.",Arts & Creativity,Intermediate,150,2,3.73
958,Paper Crafts - Intermediate | Complete Course (Latest Version),"Explore intermediate concepts in Paper Crafts while building portfolio-ready projects. Skills covered include system design, real-world deployment, critical thinking. You will confidently work on real software projects.",Arts & Creativity,Intermediate,60,2,4.44
959,Paper Crafts - Beginner | Fundamentals (Latest Version),"Master the basics of Paper Crafts using simple explanations and interactive exercises. Skills covered include data analysis, problem solving, system design. You will develop portfolio-ready applications.",Arts & Creativity,Beginner,30,1,4.31
960,Creative Thinking | Hands-on Training (Updated Edition),"Understand advanced implementation techniques used in professional environments. Skills covered include project implementation, team collaboration, system design. You will gain hands-on experience using industry-standard tools.",Arts & Creativity,Advanced,240,3,4.36
961,Animation Basics - Beginner | Masterclass (Updated Edition),"Understand key principles and build confidence through guided exercises and quizzes. Skills covered include data analysis, project implementation, best practices. You will improve your technical and analytical thinking.",Arts & Creativity,Beginner,60,1,4.38
962,Drama Activities - Beginner | Masterclass (2026 Edition),"Start your learning journey in Arts & Creativity through hands-on projects and real-world examples. Skills covered include software development, real-world deployment, best practices. You will build real projects throughout the course.",Arts & Creativity,Beginner,90,1,4.45
963,Paper Crafts (2026 Edition),"Perfect for beginners who want to build a strong foundation in Arts & Creativity. Skills covered include system design, team collaboration, debugging. You will be prepared for technical interviews and real-world challenges.",Arts & Creativity,Beginner,75,1,4.39
964,Art Appreciation | Practical Workshop (Updated Edition),"Improve your technical skills with hands-on labs, assignments, and real-world applications. Skills covered include software development, project implementation, real-world deployment. You will be prepared for technical interviews and real-world challenges.",Arts & Creativity,Intermediate,60,2,4.11
965,Theater Skills | Professional Certificate,"Apply your existing knowledge to build complete projects from start to finish. Skills covered include data analysis, debugging, system design. You will improve your technical and analytical thinking.",Arts & Creativity,Intermediate,120,2,4.52
966,Art Appreciation (2026 Edition),"Master the basics of Art Appreciation using simple explanations and interactive exercises. Skills covered include problem solving, project implementation, data analysis. You will gain hands-on experience using industry-standard tools.",Arts & Creativity,Beginner,60,1,4.95
967,Clay Modeling | Essentials,"Understand advanced implementation techniques used in professional environments. Skills covered include problem solving, project implementation, team collaboration. You will build real projects throughout the course.",Arts & Creativity,Advanced,120,3,3.88
968,Animation Basics | Project-Based Learning (Latest Version),"Prepare for senior-level positions by mastering the latest technologies in Arts & Creativity. Skills covered include team collaboration, critical thinking, problem solving. You will understand best practices followed by professional engineers.",Arts & Creativity,Advanced,150,3,3.81
969,Drawing Basics - Intermediate | Complete Course (2026 Edition),"Strengthen your knowledge of Drawing Basics by solving practical industry-focused projects. Skills covered include best practices, problem solving, data analysis. You will gain hands-on experience using industry-standard tools.",Arts & Creativity,Intermediate,60,2,3.88
970,Theater Skills | Masterclass,"Start your learning journey in Arts & Creativity through hands-on projects and real-world examples. Skills covered include real-world deployment, data analysis, problem solving. You will be prepared for technical interviews and real-world challenges.",Arts & Creativity,Beginner,60,1,4.73
971,Color Theory - Advanced,"Work with large-scale projects and advanced design strategies in Arts & Creativity. Skills covered include best practices, problem solving, project implementation. You will improve your technical and analytical thinking.",Arts & Creativity,Advanced,240,3,4.22
972,Music Production (Updated Edition),"Expand your experience in Arts & Creativity using modern tools and best practices. Skills covered include data analysis, best practices, critical thinking. You will confidently work on real software projects.",Arts & Creativity,Intermediate,120,2,4.46
973,Craft Projects - Beginner | Bootcamp (2026 Edition),"Learn the fundamentals of Craft Projects from scratch with practical examples and step-by-step explanations. Skills covered include software development, problem solving, system design. You will understand best practices followed by professional engineers.",Arts & Creativity,Beginner,45,1,4.36
974,Sketching Skills - Beginner | Masterclass (Updated Edition),"This beginner-friendly course introduces the essential concepts required to succeed in Arts & Creativity. Skills covered include problem solving, debugging, project implementation. You will be able to apply your knowledge to practical business scenarios.",Arts & Creativity,Beginner,45,1,4.82
975,Digital Art - Beginner | Practical Workshop (Latest Version),"This beginner-friendly course introduces the essential concepts required to succeed in Arts & Creativity. Skills covered include project implementation, best practices, real-world deployment. You will gain hands-on experience using industry-standard tools.",Arts & Creativity,Beginner,45,1,4.48
976,Creative Design | Practical Workshop (Updated Edition),"Learn the fundamentals of Creative Design from scratch with practical examples and step-by-step explanations. Skills covered include real-world deployment, debugging, software development. You will improve your technical and analytical thinking.",Arts & Creativity,Beginner,45,1,4.66
977,Color Theory | Professional Certificate (2026 Edition),"This beginner-friendly course introduces the essential concepts required to succeed in Arts & Creativity. Skills covered include critical thinking, team collaboration, system design. You will develop portfolio-ready applications.",Arts & Creativity,Beginner,90,1,4.11
978,Dance and Movement - Intermediate,"Learn advanced workflows and techniques used by professionals working in Arts & Creativity. Skills covered include best practices, data analysis, team collaboration. You will be prepared for technical interviews and real-world challenges.",Arts & Creativity,Intermediate,150,2,4.17
979,Animation Basics | Practical Workshop,"Gain expert-level knowledge through challenging case studies and complex projects. Skills covered include critical thinking, software development, data analysis. You will develop portfolio-ready applications.",Arts & Creativity,Advanced,120,3,4.25
980,Drama Activities | Complete Course,"Develop scalable solutions using modern frameworks and professional development practices. Skills covered include debugging, best practices, system design. You will develop portfolio-ready applications.",Arts & Creativity,Intermediate,150,2,4.54
981,Clay Modeling | Project-Based Learning (Latest Version),"Expand your experience in Arts & Creativity using modern tools and best practices. Skills covered include debugging, real-world deployment, project implementation. You will be prepared for technical interviews and real-world challenges.",Arts & Creativity,Intermediate,60,2,4.8
982,Animation Basics | Essentials (2026 Edition),"Master the basics of Animation Basics using simple explanations and interactive exercises. Skills covered include real-world deployment, software development, team collaboration. You will understand best practices followed by professional engineers.",Arts & Creativity,Beginner,90,1,4.41
983,Painting Techniques | Professional Certificate (2026 Edition),"Work with large-scale projects and advanced design strategies in Arts & Creativity. Skills covered include system design, software development, project implementation. You will develop portfolio-ready applications.",Arts & Creativity,Advanced,210,3,3.88
984,Craft Projects - Beginner | Masterclass (Latest Version),"Start your learning journey in Arts & Creativity through hands-on projects and real-world examples. Skills covered include team collaboration, data analysis, problem solving. You will confidently work on real software projects.",Arts & Creativity,Beginner,45,1,4.67
985,Drama Activities - Beginner | Project-Based Learning (Latest Version),"Master the basics of Drama Activities using simple explanations and interactive exercises. Skills covered include critical thinking, debugging, software development. You will understand best practices followed by professional engineers.",Arts & Creativity,Beginner,75,1,4.27
986,Creative Storytelling | Practical Workshop (Updated Edition),"Understand key principles and build confidence through guided exercises and quizzes. Skills covered include team collaboration, critical thinking, data analysis. You will confidently work on real software projects.",Arts & Creativity,Beginner,90,1,4.09
987,Animation Basics - Beginner | Fundamentals (2026 Edition),"Learn the fundamentals of Animation Basics from scratch with practical examples and step-by-step explanations. Skills covered include real-world deployment, debugging, critical thinking. You will improve your technical and analytical thinking.",Arts & Creativity,Beginner,60,1,4.31
988,Creative Storytelling (2026 Edition),"Expand your experience in Arts & Creativity using modern tools and best practices. Skills covered include data analysis, debugging, software development. You will be prepared for technical interviews and real-world challenges.",Arts & Creativity,Intermediate,150,2,4.52
989,Creative Storytelling - Beginner | Hands-on Training (Latest Version),"Start your learning journey in Arts & Creativity through hands-on projects and real-world examples. Skills covered include debugging, team collaboration, critical thinking. You will confidently work on real software projects.",Arts & Creativity,Beginner,60,1,4.75
990,Craft Projects - Beginner | Bootcamp (Latest Version),"Develop your first practical projects while learning the core concepts of Craft Projects. Skills covered include software development, team collaboration, debugging. You will confidently work on real software projects.",Arts & Creativity,Beginner,45,1,4.43
991,Drawing Basics - Intermediate | Hands-on Training (Latest Version),"Expand your experience in Arts & Creativity using modern tools and best practices. Skills covered include real-world deployment, best practices, data analysis. You will confidently work on real software projects.",Arts & Creativity,Intermediate,120,2,3.93
992,Paper Crafts - Advanced | Practical Workshop,"Understand advanced implementation techniques used in professional environments. Skills covered include critical thinking, software development, problem solving. You will understand best practices followed by professional engineers.",Arts & Creativity,Advanced,210,3,4.29
993,Animation Basics | Essentials (Latest Version),"Gain practical skills in Animation Basics with real-life case studies and beginner projects. Skills covered include best practices, data analysis, problem solving. You will understand best practices followed by professional engineers.",Arts & Creativity,Beginner,30,1,4.43
994,Digital Art | Professional Certificate,"Explore intermediate concepts in Digital Art while building portfolio-ready projects. Skills covered include data analysis, debugging, problem solving. You will confidently work on real software projects.",Arts & Creativity,Intermediate,90,2,4.32
995,Paper Crafts,"Start your learning journey in Arts & Creativity through hands-on projects and real-world examples. Skills covered include critical thinking, team collaboration, real-world deployment. You will be able to apply your knowledge to practical business scenarios.",Arts & Creativity,Beginner,30,1,4.25
996,Creative Storytelling | Hands-on Training (Updated Edition),"Improve your technical skills with hands-on labs, assignments, and real-world applications. Skills covered include team collaboration, best practices, problem solving. You will gain hands-on experience using industry-standard tools.",Arts & Creativity,Intermediate,150,2,4.25
997,Paper Crafts | Complete Course,"This beginner-friendly course introduces the essential concepts required to succeed in Arts & Creativity. Skills covered include debugging, real-world deployment, problem solving. You will be able to apply your knowledge to practical business scenarios.",Arts & Creativity,Beginner,90,1,4.6
998,Digital Art - Intermediate | Bootcamp (Latest Version),"Explore intermediate concepts in Digital Art while building portfolio-ready projects. Skills covered include project implementation, team collaboration, system design. You will build real projects throughout the course.",Arts & Creativity,Intermediate,90,2,4.29
999,Clay Modeling | Masterclass (Latest Version),"Develop scalable solutions using modern frameworks and professional development practices. Skills covered include software development, project implementation, team collaboration. You will build real projects throughout the course.",Arts & Creativity,Intermediate,90,2,4.24
1000,Color Theory | Hands-on Training (2026 Edition),"Gain practical skills in Color Theory with real-life case studies and beginner projects. Skills covered include real-world deployment, data analysis, critical thinking. You will improve your technical and analytical thinking.",Arts & Creativity,Beginner,60,1,4.87
1001,Bilingual Learning - Beginner | Practical Workshop (2026 Edition),"Gain practical skills in Bilingual Learning with real-life case studies and beginner projects. Skills covered include real-world deployment, debugging, data analysis. You will be prepared for technical interviews and real-world challenges.",Language & Literacy,Beginner,90,1,4.41
1002,Reading Adventures (Updated Edition),"Gain expert-level knowledge through challenging case studies and complex projects. Skills covered include best practices, software development, real-world deployment. You will confidently work on real software projects.",Language & Literacy,Advanced,180,3,4.48
1003,Public Speaking | Complete Course (Latest Version),"Expand your experience in Language & Literacy using modern tools and best practices. Skills covered include best practices, team collaboration, data analysis. You will gain hands-on experience using industry-standard tools.",Language & Literacy,Intermediate,150,2,4.78
1004,Public Speaking | Essentials (Updated Edition),"Practice real-world scenarios and improve your problem-solving skills in Language & Literacy. Skills covered include best practices, real-world deployment, problem solving. You will be able to apply your knowledge to practical business scenarios.",Language & Literacy,Intermediate,120,2,4.4
1005,Speech Development | Fundamentals (Updated Edition),"Explore intermediate concepts in Speech Development while building portfolio-ready projects. Skills covered include team collaboration, best practices, system design. You will be prepared for technical interviews and real-world challenges.",Language & Literacy,Intermediate,150,2,4.35
1006,Book Club - Beginner | Fundamentals,"Master the basics of Book Club using simple explanations and interactive exercises. Skills covered include system design, critical thinking, project implementation. You will be able to apply your knowledge to practical business scenarios.",Language & Literacy,Beginner,75,1,4.5
1007,Vocabulary Builder | Hands-on Training (Latest Version),"Gain expert-level knowledge through challenging case studies and complex projects. Skills covered include data analysis, critical thinking, real-world deployment. You will be prepared for technical interviews and real-world challenges.",Language & Literacy,Advanced,150,3,3.81
1008,Bilingual Learning | Project-Based Learning (Latest Version),"Work with large-scale projects and advanced design strategies in Language & Literacy. Skills covered include software development, debugging, project implementation. You will build real projects throughout the course.",Language & Literacy,Advanced,210,3,4.27
1009,Book Club - Advanced | Project-Based Learning (2026 Edition),"Understand advanced implementation techniques used in professional environments. Skills covered include debugging, system design, problem solving. You will improve your technical and analytical thinking.",Language & Literacy,Advanced,210,3,3.87
1010,Grammar Basics | Essentials,"Practice real-world scenarios and improve your problem-solving skills in Language & Literacy. Skills covered include real-world deployment, system design, software development. You will confidently work on real software projects.",Language & Literacy,Intermediate,60,2,4.17
1011,Creative Writing - Advanced (Latest Version),"Explore optimization, scalability, and best engineering practices in Creative Writing. Skills covered include software development, best practices, system design. You will understand best practices followed by professional engineers.",Language & Literacy,Advanced,150,3,3.71
1012,Grammar Basics (2026 Edition),"Master the basics of Grammar Basics using simple explanations and interactive exercises. Skills covered include real-world deployment, best practices, system design. You will be able to apply your knowledge to practical business scenarios.",Language & Literacy,Beginner,75,1,4.61
1013,Communication Skills - Intermediate | Bootcamp (Updated Edition),"Strengthen your knowledge of Communication Skills by solving practical industry-focused projects. Skills covered include problem solving, debugging, best practices. You will be prepared for technical interviews and real-world challenges.",Language & Literacy,Intermediate,90,2,3.68
1014,Creative Writing - Advanced | Professional Certificate,"Prepare for senior-level positions by mastering the latest technologies in Language & Literacy. Skills covered include problem solving, project implementation, debugging. You will build real projects throughout the course.",Language & Literacy,Advanced,210,3,4.25
1015,Writing Workshop | Essentials (Latest Version),"Perfect for beginners who want to build a strong foundation in Language & Literacy. Skills covered include software development, data analysis, debugging. You will understand best practices followed by professional engineers.",Language & Literacy,Beginner,30,1,4.89
1016,Grammar Basics | Project-Based Learning (2026 Edition),"Gain expert-level knowledge through challenging case studies and complex projects. Skills covered include critical thinking, best practices, team collaboration. You will improve your technical and analytical thinking.",Language & Literacy,Advanced,120,3,4.39
1017,English for Kids | Project-Based Learning (Updated Edition),"Start your learning journey in Language & Literacy through hands-on projects and real-world examples. Skills covered include software development, team collaboration, project implementation. You will build real projects throughout the course.",Language & Literacy,Beginner,60,1,4.19
1018,Bilingual Learning | Fundamentals (Updated Edition),"Work with large-scale projects and advanced design strategies in Language & Literacy. Skills covered include real-world deployment, project implementation, best practices. You will confidently work on real software projects.",Language & Literacy,Advanced,180,3,3.96
1019,Arabic Literacy | Complete Course (2026 Edition),"Master the basics of Arabic Literacy using simple explanations and interactive exercises. Skills covered include real-world deployment, project implementation, software development. You will build real projects throughout the course.",Language & Literacy,Beginner,75,1,4.49
1020,English for Kids | Essentials (Latest Version),"Start your learning journey in Language & Literacy through hands-on projects and real-world examples. Skills covered include data analysis, software development, real-world deployment. You will understand best practices followed by professional engineers.",Language & Literacy,Beginner,90,1,4.68
1021,Listening Skills | Project-Based Learning (2026 Edition),"Build production-ready systems while learning professional development techniques. Skills covered include data analysis, system design, project implementation. You will improve your technical and analytical thinking.",Language & Literacy,Advanced,150,3,3.86
1022,Bilingual Learning - Beginner | Fundamentals,"Gain practical skills in Bilingual Learning with real-life case studies and beginner projects. Skills covered include best practices, problem solving, system design. You will improve your technical and analytical thinking.",Language & Literacy,Beginner,60,1,4.52
1023,Writing Workshop | Hands-on Training,"Expand your experience in Language & Literacy using modern tools and best practices. Skills covered include problem solving, best practices, system design. You will improve your technical and analytical thinking.",Language & Literacy,Intermediate,60,2,4.21
1024,English for Kids - Advanced | Complete Course (2026 Edition),"Work with large-scale projects and advanced design strategies in Language & Literacy. Skills covered include problem solving, project implementation, team collaboration. You will gain hands-on experience using industry-standard tools.",Language & Literacy,Advanced,210,3,4.73
1025,Public Speaking | Bootcamp (2026 Edition),"Apply your existing knowledge to build complete projects from start to finish. Skills covered include best practices, critical thinking, problem solving. You will understand best practices followed by professional engineers.",Language & Literacy,Intermediate,60,2,4.35
1026,Creative Writing - Beginner | Bootcamp (Latest Version),"Master the basics of Creative Writing using simple explanations and interactive exercises. Skills covered include critical thinking, team collaboration, system design. You will confidently work on real software projects.",Language & Literacy,Beginner,75,1,4.68
1027,Arabic Literacy - Intermediate | Fundamentals (Latest Version),"Apply your existing knowledge to build complete projects from start to finish. Skills covered include problem solving, project implementation, debugging. You will develop portfolio-ready applications.",Language & Literacy,Intermediate,150,2,4.33
1028,Reading Adventures | Practical Workshop (Latest Version),"Explore intermediate concepts in Reading Adventures while building portfolio-ready projects. Skills covered include team collaboration, system design, data analysis. You will develop portfolio-ready applications.",Language & Literacy,Intermediate,120,2,4.14
1029,Book Club - Intermediate | Project-Based Learning,"Apply your existing knowledge to build complete projects from start to finish. Skills covered include best practices, software development, team collaboration. You will gain hands-on experience using industry-standard tools.",Language & Literacy,Intermediate,150,2,4.83
1030,Conversation Skills | Bootcamp (Latest Version),"Improve your technical skills with hands-on labs, assignments, and real-world applications. Skills covered include critical thinking, system design, team collaboration. You will develop portfolio-ready applications.",Language & Literacy,Intermediate,90,2,4.32
1031,Language Games - Beginner | Essentials (Latest Version),"Start your learning journey in Language & Literacy through hands-on projects and real-world examples. Skills covered include data analysis, software development, system design. You will be prepared for technical interviews and real-world challenges.",Language & Literacy,Beginner,60,1,4.65
1032,Vocabulary Builder | Fundamentals (2026 Edition),"Prepare for senior-level positions by mastering the latest technologies in Language & Literacy. Skills covered include real-world deployment, debugging, project implementation. You will improve your technical and analytical thinking.",Language & Literacy,Advanced,240,3,4.02
1033,English for Kids - Intermediate | Professional Certificate (Updated Edition),"Practice real-world scenarios and improve your problem-solving skills in Language & Literacy. Skills covered include best practices, project implementation, debugging. You will be prepared for technical interviews and real-world challenges.",Language & Literacy,Intermediate,120,2,4.18
1034,Conversation Skills | Hands-on Training,"Start your learning journey in Language & Literacy through hands-on projects and real-world examples. Skills covered include best practices, project implementation, problem solving. You will improve your technical and analytical thinking.",Language & Literacy,Beginner,60,1,4.7
1035,Public Speaking | Professional Certificate (Updated Edition),"Practice real-world scenarios and improve your problem-solving skills in Language & Literacy. Skills covered include team collaboration, real-world deployment, system design. You will improve your technical and analytical thinking.",Language & Literacy,Intermediate,60,2,4.11
1036,Speech Development - Intermediate | Professional Certificate,"Learn advanced workflows and techniques used by professionals working in Language & Literacy. Skills covered include data analysis, best practices, team collaboration. You will build real projects throughout the course.",Language & Literacy,Intermediate,90,2,4.7
1037,Listening Skills | Project-Based Learning (2026 Edition),"Practice real-world scenarios and improve your problem-solving skills in Language & Literacy. Skills covered include project implementation, team collaboration, data analysis. You will confidently work on real software projects.",Language & Literacy,Intermediate,150,2,4.38
1038,Arabic Literacy | Complete Course,"Start your learning journey in Language & Literacy through hands-on projects and real-world examples. Skills covered include software development, project implementation, system design. You will gain hands-on experience using industry-standard tools.",Language & Literacy,Beginner,75,1,4.53
1039,Communication Skills | Fundamentals (Updated Edition),"Develop your first practical projects while learning the core concepts of Communication Skills. Skills covered include data analysis, best practices, system design. You will be able to apply your knowledge to practical business scenarios.",Language & Literacy,Beginner,30,1,4.77
1040,Reading Fluency | Project-Based Learning (Updated Edition),"Explore intermediate concepts in Reading Fluency while building portfolio-ready projects. Skills covered include project implementation, problem solving, software development. You will gain hands-on experience using industry-standard tools.",Language & Literacy,Intermediate,90,2,4.63
1041,Conversation Skills - Intermediate | Project-Based Learning,"Strengthen your knowledge of Conversation Skills by solving practical industry-focused projects. Skills covered include team collaboration, data analysis, best practices. You will develop portfolio-ready applications.",Language & Literacy,Intermediate,120,2,4.57
1042,Writing Stories - Beginner | Bootcamp,"Perfect for beginners who want to build a strong foundation in Language & Literacy. Skills covered include team collaboration, software development, critical thinking. You will confidently work on real software projects.",Language & Literacy,Beginner,90,1,4.53
1043,Speech Development | Masterclass,"Learn advanced workflows and techniques used by professionals working in Language & Literacy. Skills covered include data analysis, critical thinking, software development. You will understand best practices followed by professional engineers.",Language & Literacy,Intermediate,120,2,3.79
1044,Communication Skills | Hands-on Training,"Strengthen your knowledge of Communication Skills by solving practical industry-focused projects. Skills covered include real-world deployment, debugging, problem solving. You will build real projects throughout the course.",Language & Literacy,Intermediate,120,2,4.41
1045,Bilingual Learning - Beginner | Complete Course (Updated Edition),"Gain practical skills in Bilingual Learning with real-life case studies and beginner projects. Skills covered include system design, data analysis, software development. You will improve your technical and analytical thinking.",Language & Literacy,Beginner,90,1,4.4
1046,Grammar Basics - Beginner | Complete Course,"Learn the fundamentals of Grammar Basics from scratch with practical examples and step-by-step explanations. Skills covered include software development, team collaboration, data analysis. You will gain hands-on experience using industry-standard tools.",Language & Literacy,Beginner,90,1,4.3
1047,Reading Fluency - Advanced | Masterclass (2026 Edition),"Explore optimization, scalability, and best engineering practices in Reading Fluency. Skills covered include system design, data analysis, problem solving. You will be able to apply your knowledge to practical business scenarios.",Language & Literacy,Advanced,180,3,4.5
1048,Communication Skills | Hands-on Training,"Understand key principles and build confidence through guided exercises and quizzes. Skills covered include problem solving, best practices, team collaboration. You will be prepared for technical interviews and real-world challenges.",Language & Literacy,Beginner,45,1,5.0
1049,Public Speaking - Beginner | Hands-on Training,"Perfect for beginners who want to build a strong foundation in Language & Literacy. Skills covered include software development, system design, critical thinking. You will confidently work on real software projects.",Language & Literacy,Beginner,45,1,4.17
1050,Speech Development - Beginner | Practical Workshop (Latest Version),"Perfect for beginners who want to build a strong foundation in Language & Literacy. Skills covered include team collaboration, data analysis, best practices. You will develop portfolio-ready applications.",Language & Literacy,Beginner,45,1,4.49
1051,Language Games - Beginner | Project-Based Learning,"Perfect for beginners who want to build a strong foundation in Language & Literacy. Skills covered include data analysis, real-world deployment, project implementation. You will gain hands-on experience using industry-standard tools.",Language & Literacy,Beginner,75,1,4.58
1052,Conversation Skills - Advanced | Professional Certificate (2026 Edition),"Prepare for senior-level positions by mastering the latest technologies in Language & Literacy. Skills covered include problem solving, project implementation, data analysis. You will build real projects throughout the course.",Language & Literacy,Advanced,210,3,3.86
1053,Grammar Basics - Advanced | Complete Course,"Master advanced concepts in Grammar Basics through real-world enterprise applications. Skills covered include problem solving, system design, project implementation. You will understand best practices followed by professional engineers.",Language & Literacy,Advanced,240,3,4.32
1054,Speech Development - Intermediate | Complete Course (Latest Version),"Learn advanced workflows and techniques used by professionals working in Language & Literacy. Skills covered include software development, data analysis, critical thinking. You will be able to apply your knowledge to practical business scenarios.",Language & Literacy,Intermediate,90,2,4.62
1055,Phonics | Professional Certificate (Latest Version),"Strengthen your knowledge of Phonics by solving practical industry-focused projects. Skills covered include data analysis, problem solving, best practices. You will build real projects throughout the course.",Language & Literacy,Intermediate,120,2,4.26
1056,Grammar Basics - Advanced (Latest Version),"Build production-ready systems while learning professional development techniques. Skills covered include problem solving, data analysis, system design. You will gain hands-on experience using industry-standard tools.",Language & Literacy,Advanced,150,3,4.06
1057,Conversation Skills | Bootcamp (Latest Version),"Work with large-scale projects and advanced design strategies in Language & Literacy. Skills covered include real-world deployment, problem solving, project implementation. You will confidently work on real software projects.",Language & Literacy,Advanced,210,3,4.29
1058,Reading Adventures | Professional Certificate (2026 Edition),"Gain expert-level knowledge through challenging case studies and complex projects. Skills covered include real-world deployment, critical thinking, best practices. You will confidently work on real software projects.",Language & Literacy,Advanced,240,3,3.86
1059,Writing Stories - Beginner | Masterclass (2026 Edition),"Understand key principles and build confidence through guided exercises and quizzes. Skills covered include project implementation, critical thinking, system design. You will improve your technical and analytical thinking.",Language & Literacy,Beginner,45,1,4.28
1060,English for Kids | Professional Certificate (Updated Edition),"This beginner-friendly course introduces the essential concepts required to succeed in Language & Literacy. Skills covered include software development, data analysis, debugging. You will understand best practices followed by professional engineers.",Language & Literacy,Beginner,90,1,4.15
1061,Grammar Basics - Intermediate (Latest Version),"Strengthen your knowledge of Grammar Basics by solving practical industry-focused projects. Skills covered include system design, software development, debugging. You will understand best practices followed by professional engineers.",Language & Literacy,Intermediate,90,2,4.34
1062,Phonics - Intermediate | Project-Based Learning (Updated Edition),"Apply your existing knowledge to build complete projects from start to finish. Skills covered include system design, best practices, project implementation. You will confidently work on real software projects.",Language & Literacy,Intermediate,150,2,4.29
1063,Storytelling | Essentials (Updated Edition),"Apply your existing knowledge to build complete projects from start to finish. Skills covered include team collaboration, best practices, critical thinking. You will understand best practices followed by professional engineers.",Language & Literacy,Intermediate,90,2,4.28
1064,Language Games - Beginner | Practical Workshop (Latest Version),"Start your learning journey in Language & Literacy through hands-on projects and real-world examples. Skills covered include critical thinking, system design, best practices. You will gain hands-on experience using industry-standard tools.",Language & Literacy,Beginner,90,1,4.95
1065,Storytelling | Professional Certificate (2026 Edition),"Expand your experience in Language & Literacy using modern tools and best practices. Skills covered include team collaboration, software development, debugging. You will improve your technical and analytical thinking.",Language & Literacy,Intermediate,120,2,4.0
1066,Grammar Basics - Advanced | Masterclass,"Work with large-scale projects and advanced design strategies in Language & Literacy. Skills covered include real-world deployment, team collaboration, problem solving. You will understand best practices followed by professional engineers.",Language & Literacy,Advanced,180,3,4.19
1067,Book Club | Essentials (2026 Edition),"Master the basics of Book Club using simple explanations and interactive exercises. Skills covered include software development, team collaboration, debugging. You will improve your technical and analytical thinking.",Language & Literacy,Beginner,45,1,4.62
1068,English for Kids | Hands-on Training (Updated Edition),"Understand key principles and build confidence through guided exercises and quizzes. Skills covered include best practices, real-world deployment, data analysis. You will be able to apply your knowledge to practical business scenarios.",Language & Literacy,Beginner,90,1,4.59
1069,Arabic Literacy - Beginner | Professional Certificate (Updated Edition),"Understand key principles and build confidence through guided exercises and quizzes. Skills covered include software development, real-world deployment, best practices. You will be able to apply your knowledge to practical business scenarios.",Language & Literacy,Beginner,90,1,4.42
1070,Bilingual Learning | Complete Course (Latest Version),"Master the basics of Bilingual Learning using simple explanations and interactive exercises. Skills covered include system design, data analysis, critical thinking. You will improve your technical and analytical thinking.",Language & Literacy,Beginner,90,1,4.45
1071,English for Kids - Beginner | Hands-on Training,"Develop your first practical projects while learning the core concepts of English for Kids. Skills covered include problem solving, critical thinking, project implementation. You will gain hands-on experience using industry-standard tools.",Language & Literacy,Beginner,45,1,4.15
1072,Speech Development - Intermediate | Project-Based Learning (Updated Edition),"Learn advanced workflows and techniques used by professionals working in Language & Literacy. Skills covered include critical thinking, data analysis, project implementation. You will build real projects throughout the course.",Language & Literacy,Intermediate,150,2,4.43
1073,Listening Skills | Professional Certificate,"Prepare for senior-level positions by mastering the latest technologies in Language & Literacy. Skills covered include project implementation, system design, critical thinking. You will gain hands-on experience using industry-standard tools.",Language & Literacy,Advanced,210,3,3.66
1074,Speech Development | Practical Workshop (2026 Edition),"Understand advanced implementation techniques used in professional environments. Skills covered include problem solving, critical thinking, project implementation. You will develop portfolio-ready applications.",Language & Literacy,Advanced,210,3,3.84
1075,English for Kids | Practical Workshop (Latest Version),"Apply your existing knowledge to build complete projects from start to finish. Skills covered include system design, best practices, real-world deployment. You will be prepared for technical interviews and real-world challenges.",Language & Literacy,Intermediate,120,2,4.4
1076,English for Kids | Project-Based Learning (Latest Version),"Perfect for beginners who want to build a strong foundation in Language & Literacy. Skills covered include real-world deployment, critical thinking, team collaboration. You will gain hands-on experience using industry-standard tools.",Language & Literacy,Beginner,30,1,4.56
1077,Bilingual Learning | Fundamentals (Latest Version),"Gain practical skills in Bilingual Learning with real-life case studies and beginner projects. Skills covered include real-world deployment, team collaboration, problem solving. You will be prepared for technical interviews and real-world challenges.",Language & Literacy,Beginner,30,1,4.25
1078,Conversation Skills - Intermediate (2026 Edition),"Practice real-world scenarios and improve your problem-solving skills in Language & Literacy. Skills covered include critical thinking, project implementation, debugging. You will build real projects throughout the course.",Language & Literacy,Intermediate,60,2,4.66
1079,Communication Skills | Professional Certificate (Updated Edition),"Prepare for senior-level positions by mastering the latest technologies in Language & Literacy. Skills covered include problem solving, data analysis, best practices. You will develop portfolio-ready applications.",Language & Literacy,Advanced,180,3,4.29
1080,Vocabulary Builder | Essentials (Updated Edition),"Start your learning journey in Language & Literacy through hands-on projects and real-world examples. Skills covered include best practices, critical thinking, data analysis. You will understand best practices followed by professional engineers.",Language & Literacy,Beginner,60,1,4.47
1081,Speech Development | Masterclass (Updated Edition),"Develop scalable solutions using modern frameworks and professional development practices. Skills covered include data analysis, best practices, software development. You will be prepared for technical interviews and real-world challenges.",Language & Literacy,Intermediate,60,2,4.39
1082,Public Speaking | Project-Based Learning (Updated Edition),"Develop your first practical projects while learning the core concepts of Public Speaking. Skills covered include software development, real-world deployment, data analysis. You will build real projects throughout the course.",Language & Literacy,Beginner,75,1,4.44
1083,Storytelling - Beginner | Professional Certificate (Updated Edition),"Perfect for beginners who want to build a strong foundation in Language & Literacy. Skills covered include critical thinking, debugging, project implementation. You will be able to apply your knowledge to practical business scenarios.",Language & Literacy,Beginner,75,1,4.43
1084,Reading Fluency | Hands-on Training (2026 Edition),"Explore intermediate concepts in Reading Fluency while building portfolio-ready projects. Skills covered include real-world deployment, critical thinking, data analysis. You will improve your technical and analytical thinking.",Language & Literacy,Intermediate,60,2,4.23
1085,Communication Skills | Masterclass (2026 Edition),"Explore optimization, scalability, and best engineering practices in Communication Skills. Skills covered include system design, real-world deployment, best practices. You will improve your technical and analytical thinking.",Language & Literacy,Advanced,120,3,3.63
1086,Grammar Basics | Masterclass,"Understand key principles and build confidence through guided exercises and quizzes. Skills covered include team collaboration, real-world deployment, system design. You will be prepared for technical interviews and real-world challenges.",Language & Literacy,Beginner,75,1,4.52
1087,Vocabulary Builder | Fundamentals (Latest Version),"Develop enterprise-grade applications using industry standards and modern architectures. Skills covered include debugging, data analysis, team collaboration. You will improve your technical and analytical thinking.",Language & Literacy,Advanced,180,3,3.91
1088,Reading Fluency | Bootcamp (2026 Edition),"Learn advanced workflows and techniques used by professionals working in Language & Literacy. Skills covered include critical thinking, team collaboration, best practices. You will understand best practices followed by professional engineers.",Language & Literacy,Intermediate,90,2,3.62
1089,Storytelling | Fundamentals (2026 Edition),"Develop enterprise-grade applications using industry standards and modern architectures. Skills covered include real-world deployment, problem solving, best practices. You will confidently work on real software projects.",Language & Literacy,Advanced,240,3,4.18
1090,Reading Adventures - Intermediate | Bootcamp (2026 Edition),"Strengthen your knowledge of Reading Adventures by solving practical industry-focused projects. Skills covered include data analysis, best practices, software development. You will gain hands-on experience using industry-standard tools.",Language & Literacy,Intermediate,150,2,4.14
1091,Writing Workshop - Beginner | Professional Certificate (Updated Edition),"Start your learning journey in Language & Literacy through hands-on projects and real-world examples. Skills covered include debugging, system design, best practices. You will develop portfolio-ready applications.",Language & Literacy,Beginner,90,1,4.11
1092,Book Club - Intermediate | Professional Certificate (Updated Edition),"Learn advanced workflows and techniques used by professionals working in Language & Literacy. Skills covered include team collaboration, data analysis, problem solving. You will build real projects throughout the course.",Language & Literacy,Intermediate,150,2,4.32
1093,Writing Workshop | Bootcamp,"Learn advanced workflows and techniques used by professionals working in Language & Literacy. Skills covered include software development, problem solving, best practices. You will gain hands-on experience using industry-standard tools.",Language & Literacy,Intermediate,90,2,4.28
1094,Reading Fluency | Hands-on Training (Latest Version),"Gain practical skills in Reading Fluency with real-life case studies and beginner projects. Skills covered include software development, data analysis, real-world deployment. You will gain hands-on experience using industry-standard tools.",Language & Literacy,Beginner,75,1,4.31
1095,Arabic Literacy | Hands-on Training (Updated Edition),"Master the basics of Arabic Literacy using simple explanations and interactive exercises. Skills covered include data analysis, critical thinking, real-world deployment. You will confidently work on real software projects.",Language & Literacy,Beginner,30,1,4.6
1096,Storytelling - Intermediate,"Expand your experience in Language & Literacy using modern tools and best practices. Skills covered include software development, problem solving, team collaboration. You will build real projects throughout the course.",Language & Literacy,Intermediate,120,2,4.53
1097,Reading Fluency - Beginner (Updated Edition),"Start your learning journey in Language & Literacy through hands-on projects and real-world examples. Skills covered include team collaboration, system design, data analysis. You will gain hands-on experience using industry-standard tools.",Language & Literacy,Beginner,45,1,4.63
1098,Grammar Basics | Fundamentals (2026 Edition),"Learn advanced workflows and techniques used by professionals working in Language & Literacy. Skills covered include best practices, problem solving, team collaboration. You will gain hands-on experience using industry-standard tools.",Language & Literacy,Intermediate,90,2,4.62
1099,Arabic Literacy - Advanced | Bootcamp (Updated Edition),"Prepare for senior-level positions by mastering the latest technologies in Language & Literacy. Skills covered include system design, software development, data analysis. You will confidently work on real software projects.",Language & Literacy,Advanced,240,3,3.57
1100,Book Club - Advanced | Project-Based Learning,"Explore optimization, scalability, and best engineering practices in Book Club. Skills covered include data analysis, software development, system design. You will confidently work on real software projects.",Language & Literacy,Advanced,180,3,4.04
1101,Public Speaking - Advanced (Updated Edition),"Build production-ready systems while learning professional development techniques. Skills covered include team collaboration, critical thinking, data analysis. You will be prepared for technical interviews and real-world challenges.",Language & Literacy,Advanced,210,3,4.3
1102,Book Club - Intermediate | Professional Certificate (Updated Edition),"Improve your technical skills with hands-on labs, assignments, and real-world applications. Skills covered include project implementation, debugging, team collaboration. You will be prepared for technical interviews and real-world challenges.",Language & Literacy,Intermediate,150,2,3.79
1103,Listening Skills - Beginner (Latest Version),"This beginner-friendly course introduces the essential concepts required to succeed in Language & Literacy. Skills covered include best practices, project implementation, problem solving. You will build real projects throughout the course.",Language & Literacy,Beginner,60,1,4.18
1104,Public Speaking | Professional Certificate (2026 Edition),"Master advanced concepts in Public Speaking through real-world enterprise applications. Skills covered include problem solving, project implementation, debugging. You will improve your technical and analytical thinking.",Language & Literacy,Advanced,120,3,3.97
1105,Writing Workshop - Advanced (Latest Version),"Explore optimization, scalability, and best engineering practices in Writing Workshop. Skills covered include critical thinking, best practices, software development. You will improve your technical and analytical thinking.",Language & Literacy,Advanced,240,3,3.83
1106,Reading Fluency - Beginner | Masterclass (Latest Version),"Learn the fundamentals of Reading Fluency from scratch with practical examples and step-by-step explanations. Skills covered include problem solving, debugging, system design. You will gain hands-on experience using industry-standard tools.",Language & Literacy,Beginner,90,1,4.78
1107,Arabic Literacy - Beginner | Masterclass (Updated Edition),"Understand key principles and build confidence through guided exercises and quizzes. Skills covered include problem solving, software development, team collaboration. You will improve your technical and analytical thinking.",Language & Literacy,Beginner,75,1,4.61
1108,Speech Development - Intermediate | Hands-on Training (Updated Edition),"Develop scalable solutions using modern frameworks and professional development practices. Skills covered include problem solving, debugging, team collaboration. You will be prepared for technical interviews and real-world challenges.",Language & Literacy,Intermediate,120,2,4.09
1109,English for Kids | Masterclass (Latest Version),"Master advanced concepts in English for Kids through real-world enterprise applications. Skills covered include best practices, software development, system design. You will gain hands-on experience using industry-standard tools.",Language & Literacy,Advanced,240,3,4.48
1110,Storytelling - Beginner | Project-Based Learning,"Develop your first practical projects while learning the core concepts of Storytelling. Skills covered include software development, project implementation, debugging. You will develop portfolio-ready applications.",Language & Literacy,Beginner,90,1,4.53
1111,Book Club - Beginner | Fundamentals (Updated Edition),"Master the basics of Book Club using simple explanations and interactive exercises. Skills covered include critical thinking, team collaboration, best practices. You will improve your technical and analytical thinking.",Language & Literacy,Beginner,30,1,4.09
1112,Grammar Basics (Latest Version),"Expand your experience in Language & Literacy using modern tools and best practices. Skills covered include system design, problem solving, debugging. You will be able to apply your knowledge to practical business scenarios.",Language & Literacy,Intermediate,60,2,4.62
1113,Creative Writing | Bootcamp (2026 Edition),"Prepare for senior-level positions by mastering the latest technologies in Language & Literacy. Skills covered include real-world deployment, problem solving, system design. You will improve your technical and analytical thinking.",Language & Literacy,Advanced,240,3,3.82
1114,Reading Fluency (2026 Edition),"Start your learning journey in Language & Literacy through hands-on projects and real-world examples. Skills covered include data analysis, best practices, system design. You will build real projects throughout the course.",Language & Literacy,Beginner,60,1,4.8
1115,Listening Skills - Beginner | Professional Certificate,"Gain practical skills in Listening Skills with real-life case studies and beginner projects. Skills covered include problem solving, best practices, critical thinking. You will improve your technical and analytical thinking.",Language & Literacy,Beginner,45,1,4.34
1116,Speech Development - Intermediate | Essentials (2026 Edition),"Strengthen your knowledge of Speech Development by solving practical industry-focused projects. Skills covered include critical thinking, real-world deployment, debugging. You will build real projects throughout the course.",Language & Literacy,Intermediate,120,2,4.14
1117,Speech Development - Intermediate | Practical Workshop (Updated Edition),"Strengthen your knowledge of Speech Development by solving practical industry-focused projects. Skills covered include debugging, problem solving, team collaboration. You will be prepared for technical interviews and real-world challenges.",Language & Literacy,Intermediate,90,2,4.61
1118,Writing Stories - Beginner | Masterclass,"Gain practical skills in Writing Stories with real-life case studies and beginner projects. Skills covered include real-world deployment, debugging, project implementation. You will be prepared for technical interviews and real-world challenges.",Language & Literacy,Beginner,30,1,4.28
1119,Communication Skills | Masterclass (Latest Version),"Prepare for senior-level positions by mastering the latest technologies in Language & Literacy. Skills covered include software development, best practices, data analysis. You will improve your technical and analytical thinking.",Language & Literacy,Advanced,180,3,4.45
1120,Grammar Basics | Complete Course (Latest Version),"Develop your first practical projects while learning the core concepts of Grammar Basics. Skills covered include problem solving, debugging, project implementation. You will be able to apply your knowledge to practical business scenarios.",Language & Literacy,Beginner,45,1,4.46
1121,Reading Comprehension | Essentials (2026 Edition),"Develop scalable solutions using modern frameworks and professional development practices. Skills covered include debugging, real-world deployment, best practices. You will confidently work on real software projects.",Language & Literacy,Intermediate,90,2,4.43
1122,Communication Skills | Project-Based Learning (Updated Edition),"Understand advanced implementation techniques used in professional environments. Skills covered include software development, team collaboration, system design. You will improve your technical and analytical thinking.",Language & Literacy,Advanced,180,3,3.9
1123,Public Speaking | Fundamentals (2026 Edition),"Develop scalable solutions using modern frameworks and professional development practices. Skills covered include data analysis, project implementation, system design. You will be prepared for technical interviews and real-world challenges.",Language & Literacy,Intermediate,150,2,3.89
1124,Grammar Basics | Essentials (Latest Version),"Strengthen your knowledge of Grammar Basics by solving practical industry-focused projects. Skills covered include system design, real-world deployment, data analysis. You will be able to apply your knowledge to practical business scenarios.",Language & Literacy,Intermediate,150,2,4.17
1125,Listening Skills | Hands-on Training (2026 Edition),"Work with large-scale projects and advanced design strategies in Language & Literacy. Skills covered include project implementation, software development, debugging. You will improve your technical and analytical thinking.",Language & Literacy,Advanced,120,3,4.01
1126,Grammar Basics - Intermediate | Project-Based Learning (2026 Edition),"Practice real-world scenarios and improve your problem-solving skills in Language & Literacy. Skills covered include real-world deployment, team collaboration, problem solving. You will gain hands-on experience using industry-standard tools.",Language & Literacy,Intermediate,150,2,4.07
1127,Creative Writing,"Master the basics of Creative Writing using simple explanations and interactive exercises. Skills covered include software development, system design, project implementation. You will gain hands-on experience using industry-standard tools.",Language & Literacy,Beginner,30,1,4.29
1128,Writing Workshop | Practical Workshop (Latest Version),"Learn advanced workflows and techniques used by professionals working in Language & Literacy. Skills covered include project implementation, real-world deployment, critical thinking. You will be able to apply your knowledge to practical business scenarios.",Language & Literacy,Intermediate,120,2,4.8
1129,Grammar Basics - Beginner | Bootcamp (Latest Version),"This beginner-friendly course introduces the essential concepts required to succeed in Language & Literacy. Skills covered include system design, critical thinking, software development. You will confidently work on real software projects.",Language & Literacy,Beginner,90,1,4.23
1130,Storytelling | Complete Course (Latest Version),"Prepare for senior-level positions by mastering the latest technologies in Language & Literacy. Skills covered include software development, problem solving, data analysis. You will confidently work on real software projects.",Language & Literacy,Advanced,210,3,4.01
1131,Writing Stories | Project-Based Learning,"Practice real-world scenarios and improve your problem-solving skills in Language & Literacy. Skills covered include critical thinking, software development, team collaboration. You will develop portfolio-ready applications.",Language & Literacy,Intermediate,120,2,4.86
1132,Listening Skills | Bootcamp (2026 Edition),"Build production-ready systems while learning professional development techniques. Skills covered include data analysis, best practices, problem solving. You will be prepared for technical interviews and real-world challenges.",Language & Literacy,Advanced,180,3,3.61
1133,Vocabulary Builder | Professional Certificate (2026 Edition),"Develop your first practical projects while learning the core concepts of Vocabulary Builder. Skills covered include software development, problem solving, system design. You will develop portfolio-ready applications.",Language & Literacy,Beginner,90,1,4.54
1134,English for Kids - Intermediate | Hands-on Training (Updated Edition),"Apply your existing knowledge to build complete projects from start to finish. Skills covered include critical thinking, data analysis, problem solving. You will be able to apply your knowledge to practical business scenarios.",Language & Literacy,Intermediate,120,2,4.27
1135,Speech Development | Fundamentals,"Understand key principles and build confidence through guided exercises and quizzes. Skills covered include problem solving, project implementation, debugging. You will understand best practices followed by professional engineers.",Language & Literacy,Beginner,75,1,4.59
1136,Writing Workshop | Hands-on Training (Latest Version),"Gain expert-level knowledge through challenging case studies and complex projects. Skills covered include project implementation, team collaboration, system design. You will confidently work on real software projects.",Language & Literacy,Advanced,150,3,4.37
1137,Arabic Literacy | Project-Based Learning,"Start your learning journey in Language & Literacy through hands-on projects and real-world examples. Skills covered include critical thinking, system design, real-world deployment. You will be able to apply your knowledge to practical business scenarios.",Language & Literacy,Beginner,90,1,4.54
1138,Writing Workshop - Beginner | Fundamentals (2026 Edition),"Learn the fundamentals of Writing Workshop from scratch with practical examples and step-by-step explanations. Skills covered include problem solving, data analysis, critical thinking. You will be able to apply your knowledge to practical business scenarios.",Language & Literacy,Beginner,30,1,4.47
1139,Writing Stories - Intermediate | Project-Based Learning (Updated Edition),"Expand your experience in Language & Literacy using modern tools and best practices. Skills covered include software development, critical thinking, team collaboration. You will build real projects throughout the course.",Language & Literacy,Intermediate,60,2,4.43
1140,Conversation Skills - Advanced | Masterclass (2026 Edition),"Understand advanced implementation techniques used in professional environments. Skills covered include data analysis, team collaboration, system design. You will confidently work on real software projects.",Language & Literacy,Advanced,120,3,4.15
1141,Public Speaking | Project-Based Learning (2026 Edition),"Strengthen your knowledge of Public Speaking by solving practical industry-focused projects. Skills covered include best practices, software development, problem solving. You will gain hands-on experience using industry-standard tools.",Language & Literacy,Intermediate,120,2,4.26
1142,Vocabulary Builder - Advanced | Professional Certificate (2026 Edition),"Build production-ready systems while learning professional development techniques. Skills covered include system design, software development, data analysis. You will improve your technical and analytical thinking.",Language & Literacy,Advanced,120,3,3.77
1143,Vocabulary Builder | Fundamentals (Updated Edition),"This beginner-friendly course introduces the essential concepts required to succeed in Language & Literacy. Skills covered include data analysis, system design, problem solving. You will develop portfolio-ready applications.",Language & Literacy,Beginner,90,1,4.39
1144,Arabic Literacy - Advanced | Bootcamp,"Gain expert-level knowledge through challenging case studies and complex projects. Skills covered include problem solving, debugging, critical thinking. You will confidently work on real software projects.",Language & Literacy,Advanced,210,3,3.96
1145,Phonics | Bootcamp (Updated Edition),"Develop enterprise-grade applications using industry standards and modern architectures. Skills covered include data analysis, best practices, real-world deployment. You will confidently work on real software projects.",Language & Literacy,Advanced,240,3,4.06
1146,Writing Workshop - Intermediate | Project-Based Learning (Updated Edition),"Learn advanced workflows and techniques used by professionals working in Language & Literacy. Skills covered include problem solving, data analysis, debugging. You will confidently work on real software projects.",Language & Literacy,Intermediate,90,2,4.22
1147,Communication Skills | Hands-on Training (Latest Version),"Understand key principles and build confidence through guided exercises and quizzes. Skills covered include debugging, problem solving, software development. You will understand best practices followed by professional engineers.",Language & Literacy,Beginner,75,1,4.73
1148,Listening Skills | Complete Course (Latest Version),"Understand advanced implementation techniques used in professional environments. Skills covered include software development, real-world deployment, team collaboration. You will improve your technical and analytical thinking.",Language & Literacy,Advanced,120,3,4.43
1149,Storytelling | Project-Based Learning (2026 Edition),"Start your learning journey in Language & Literacy through hands-on projects and real-world examples. Skills covered include project implementation, team collaboration, real-world deployment. You will improve your technical and analytical thinking.",Language & Literacy,Beginner,60,1,4.59
1150,Public Speaking | Project-Based Learning (Latest Version),"Apply your existing knowledge to build complete projects from start to finish. Skills covered include problem solving, data analysis, critical thinking. You will gain hands-on experience using industry-standard tools.",Language & Literacy,Intermediate,90,2,4.58
1151,Reading Fluency - Intermediate | Fundamentals (Updated Edition),"Improve your technical skills with hands-on labs, assignments, and real-world applications. Skills covered include debugging, best practices, problem solving. You will develop portfolio-ready applications.",Language & Literacy,Intermediate,90,2,4.01
1152,Vocabulary Builder - Beginner | Professional Certificate (Latest Version),"Start your learning journey in Language & Literacy through hands-on projects and real-world examples. Skills covered include team collaboration, project implementation, data analysis. You will understand best practices followed by professional engineers.",Language & Literacy,Beginner,90,1,4.47
1153,Grammar Basics - Beginner | Project-Based Learning,"Develop your first practical projects while learning the core concepts of Grammar Basics. Skills covered include system design, data analysis, best practices. You will develop portfolio-ready applications.",Language & Literacy,Beginner,75,1,4.37
1154,Book Club - Beginner | Practical Workshop (2026 Edition),"Master the basics of Book Club using simple explanations and interactive exercises. Skills covered include real-world deployment, system design, team collaboration. You will confidently work on real software projects.",Language & Literacy,Beginner,60,1,4.64
1155,Writing Stories - Intermediate (Updated Edition),"Expand your experience in Language & Literacy using modern tools and best practices. Skills covered include team collaboration, best practices, real-world deployment. You will develop portfolio-ready applications.",Language & Literacy,Intermediate,150,2,4.3
1156,Creative Writing - Intermediate | Masterclass (Updated Edition),"Strengthen your knowledge of Creative Writing by solving practical industry-focused projects. Skills covered include best practices, system design, team collaboration. You will build real projects throughout the course.",Language & Literacy,Intermediate,120,2,3.95
1157,Reading Fluency - Beginner | Fundamentals (Latest Version),"Develop your first practical projects while learning the core concepts of Reading Fluency. Skills covered include real-world deployment, team collaboration, system design. You will improve your technical and analytical thinking.",Language & Literacy,Beginner,60,1,4.78
1158,Speech Development - Intermediate | Professional Certificate,"Improve your technical skills with hands-on labs, assignments, and real-world applications. Skills covered include debugging, real-world deployment, problem solving. You will develop portfolio-ready applications.",Language & Literacy,Intermediate,120,2,4.22
1159,English for Kids - Beginner | Professional Certificate,"Start your learning journey in Language & Literacy through hands-on projects and real-world examples. Skills covered include best practices, debugging, software development. You will confidently work on real software projects.",Language & Literacy,Beginner,75,1,4.75
1160,Reading Fluency | Professional Certificate (Latest Version),"Gain practical skills in Reading Fluency with real-life case studies and beginner projects. Skills covered include project implementation, software development, team collaboration. You will understand best practices followed by professional engineers.",Language & Literacy,Beginner,45,1,4.63
1161,Phonics | Practical Workshop (Latest Version),"Learn the fundamentals of Phonics from scratch with practical examples and step-by-step explanations. Skills covered include debugging, data analysis, real-world deployment. You will be able to apply your knowledge to practical business scenarios.",Language & Literacy,Beginner,45,1,4.34
1162,Reading Fluency (Updated Edition),"Strengthen your knowledge of Reading Fluency by solving practical industry-focused projects. Skills covered include software development, best practices, critical thinking. You will gain hands-on experience using industry-standard tools.",Language & Literacy,Intermediate,60,2,4.67
1163,Grammar Basics - Beginner | Essentials (2026 Edition),"Develop your first practical projects while learning the core concepts of Grammar Basics. Skills covered include critical thinking, debugging, data analysis. You will gain hands-on experience using industry-standard tools.",Language & Literacy,Beginner,30,1,4.52
1164,Reading Adventures (Latest Version),"Expand your experience in Language & Literacy using modern tools and best practices. Skills covered include system design, best practices, software development. You will gain hands-on experience using industry-standard tools.",Language & Literacy,Intermediate,90,2,3.63
1165,English for Kids - Beginner,"Master the basics of English for Kids using simple explanations and interactive exercises. Skills covered include software development, real-world deployment, data analysis. You will understand best practices followed by professional engineers.",Language & Literacy,Beginner,45,1,4.43
1166,Listening Skills | Hands-on Training,"Master advanced concepts in Listening Skills through real-world enterprise applications. Skills covered include debugging, team collaboration, critical thinking. You will build real projects throughout the course.",Language & Literacy,Advanced,210,3,4.11
1167,Public Speaking | Masterclass (2026 Edition),"Practice real-world scenarios and improve your problem-solving skills in Language & Literacy. Skills covered include team collaboration, software development, debugging. You will improve your technical and analytical thinking.",Language & Literacy,Intermediate,60,2,4.24
1168,Grammar Basics | Fundamentals (Updated Edition),"Develop scalable solutions using modern frameworks and professional development practices. Skills covered include software development, system design, project implementation. You will understand best practices followed by professional engineers.",Language & Literacy,Intermediate,120,2,4.38
1169,Public Speaking - Beginner | Professional Certificate (Latest Version),"Understand key principles and build confidence through guided exercises and quizzes. Skills covered include system design, software development, critical thinking. You will build real projects throughout the course.",Language & Literacy,Beginner,60,1,4.24
1170,Listening Skills | Masterclass (2026 Edition),"Develop enterprise-grade applications using industry standards and modern architectures. Skills covered include data analysis, best practices, problem solving. You will improve your technical and analytical thinking.",Language & Literacy,Advanced,150,3,4.18
1171,Writing Stories - Advanced | Professional Certificate (2026 Edition),"Gain expert-level knowledge through challenging case studies and complex projects. Skills covered include system design, best practices, debugging. You will understand best practices followed by professional engineers.",Language & Literacy,Advanced,180,3,4.57
1172,Communication Skills | Fundamentals (2026 Edition),"Develop enterprise-grade applications using industry standards and modern architectures. Skills covered include system design, critical thinking, team collaboration. You will build real projects throughout the course.",Language & Literacy,Advanced,210,3,4.14
1173,Phonics - Intermediate (Updated Edition),"Learn advanced workflows and techniques used by professionals working in Language & Literacy. Skills covered include critical thinking, problem solving, data analysis. You will improve your technical and analytical thinking.",Language & Literacy,Intermediate,120,2,3.92
1174,Public Speaking | Practical Workshop,"Master advanced concepts in Public Speaking through real-world enterprise applications. Skills covered include project implementation, problem solving, critical thinking. You will develop portfolio-ready applications.",Language & Literacy,Advanced,210,3,4.24
1175,Grammar Basics - Beginner | Masterclass,"Master the basics of Grammar Basics using simple explanations and interactive exercises. Skills covered include best practices, team collaboration, project implementation. You will develop portfolio-ready applications.",Language & Literacy,Beginner,75,1,4.56
1176,Phonics - Intermediate | Project-Based Learning,"Expand your experience in Language & Literacy using modern tools and best practices. Skills covered include debugging, real-world deployment, problem solving. You will build real projects throughout the course.",Language & Literacy,Intermediate,90,2,4.41
1177,Reading Adventures - Intermediate | Project-Based Learning (Latest Version),"Expand your experience in Language & Literacy using modern tools and best practices. Skills covered include project implementation, real-world deployment, best practices. You will improve your technical and analytical thinking.",Language & Literacy,Intermediate,60,2,4.23
1178,English for Kids - Beginner | Professional Certificate (2026 Edition),"Learn the fundamentals of English for Kids from scratch with practical examples and step-by-step explanations. Skills covered include problem solving, debugging, best practices. You will improve your technical and analytical thinking.",Language & Literacy,Beginner,75,1,4.47
1179,Reading Comprehension | Bootcamp (Updated Edition),"Develop your first practical projects while learning the core concepts of Reading Comprehension. Skills covered include team collaboration, real-world deployment, software development. You will understand best practices followed by professional engineers.",Language & Literacy,Beginner,75,1,4.27
1180,Writing Workshop | Fundamentals (Latest Version),"Practice real-world scenarios and improve your problem-solving skills in Language & Literacy. Skills covered include project implementation, software development, best practices. You will be prepared for technical interviews and real-world challenges.",Language & Literacy,Intermediate,150,2,4.23
1181,Writing Workshop - Advanced | Bootcamp (Updated Edition),"Prepare for senior-level positions by mastering the latest technologies in Language & Literacy. Skills covered include team collaboration, software development, problem solving. You will understand best practices followed by professional engineers.",Language & Literacy,Advanced,180,3,4.42
1182,Language Games - Advanced | Complete Course (Updated Edition),"Work with large-scale projects and advanced design strategies in Language & Literacy. Skills covered include system design, debugging, critical thinking. You will be prepared for technical interviews and real-world challenges.",Language & Literacy,Advanced,240,3,3.94
1183,Storytelling - Advanced | Essentials,"Work with large-scale projects and advanced design strategies in Language & Literacy. Skills covered include system design, data analysis, best practices. You will gain hands-on experience using industry-standard tools.",Language & Literacy,Advanced,240,3,4.68
1184,Reading Fluency | Practical Workshop (Latest Version),"Practice real-world scenarios and improve your problem-solving skills in Language & Literacy. Skills covered include debugging, critical thinking, system design. You will confidently work on real software projects.",Language & Literacy,Intermediate,90,2,4.31
1185,Grammar Basics - Advanced | Masterclass,"Develop enterprise-grade applications using industry standards and modern architectures. Skills covered include system design, debugging, project implementation. You will improve your technical and analytical thinking.",Language & Literacy,Advanced,210,3,4.16
1186,Book Club - Intermediate | Masterclass,"Explore intermediate concepts in Book Club while building portfolio-ready projects. Skills covered include critical thinking, system design, software development. You will gain hands-on experience using industry-standard tools.",Language & Literacy,Intermediate,60,2,4.38
1187,Creative Writing | Bootcamp (Latest Version),"Develop your first practical projects while learning the core concepts of Creative Writing. Skills covered include debugging, data analysis, system design. You will develop portfolio-ready applications.",Language & Literacy,Beginner,75,1,4.84
1188,Conversation Skills | Project-Based Learning,"Apply your existing knowledge to build complete projects from start to finish. Skills covered include data analysis, real-world deployment, problem solving. You will develop portfolio-ready applications.",Language & Literacy,Intermediate,60,2,4.32
1189,Reading Adventures | Hands-on Training,"Prepare for senior-level positions by mastering the latest technologies in Language & Literacy. Skills covered include problem solving, debugging, real-world deployment. You will confidently work on real software projects.",Language & Literacy,Advanced,240,3,3.93
1190,Creative Writing - Intermediate | Essentials,"Expand your experience in Language & Literacy using modern tools and best practices. Skills covered include best practices, debugging, data analysis. You will improve your technical and analytical thinking.",Language & Literacy,Intermediate,90,2,4.14
1191,Speech Development (Updated Edition),"Explore optimization, scalability, and best engineering practices in Speech Development. Skills covered include real-world deployment, debugging, critical thinking. You will build real projects throughout the course.",Language & Literacy,Advanced,240,3,4.18
1192,Grammar Basics - Intermediate (Latest Version),"Apply your existing knowledge to build complete projects from start to finish. Skills covered include project implementation, debugging, problem solving. You will develop portfolio-ready applications.",Language & Literacy,Intermediate,90,2,3.82
1193,Writing Stories - Beginner | Essentials (Latest Version),"This beginner-friendly course introduces the essential concepts required to succeed in Language & Literacy. Skills covered include real-world deployment, data analysis, debugging. You will gain hands-on experience using industry-standard tools.",Language & Literacy,Beginner,75,1,4.46
1194,Grammar Basics | Bootcamp (2026 Edition),"Explore optimization, scalability, and best engineering practices in Grammar Basics. Skills covered include problem solving, debugging, software development. You will be prepared for technical interviews and real-world challenges.",Language & Literacy,Advanced,210,3,4.24
1195,Reading Comprehension | Masterclass (Updated Edition),"Perfect for beginners who want to build a strong foundation in Language & Literacy. Skills covered include critical thinking, software development, team collaboration. You will be able to apply your knowledge to practical business scenarios.",Language & Literacy,Beginner,45,1,4.4
1196,Speech Development | Project-Based Learning (Latest Version),"Strengthen your knowledge of Speech Development by solving practical industry-focused projects. Skills covered include team collaboration, data analysis, critical thinking. You will be prepared for technical interviews and real-world challenges.",Language & Literacy,Intermediate,150,2,3.86
1197,Reading Adventures - Beginner | Hands-on Training (Latest Version),"Develop your first practical projects while learning the core concepts of Reading Adventures. Skills covered include best practices, debugging, system design. You will be able to apply your knowledge to practical business scenarios.",Language & Literacy,Beginner,30,1,4.94
1198,Storytelling - Beginner | Bootcamp (2026 Edition),"Develop your first practical projects while learning the core concepts of Storytelling. Skills covered include team collaboration, project implementation, best practices. You will gain hands-on experience using industry-standard tools.",Language & Literacy,Beginner,75,1,4.77
1199,Vocabulary Builder - Intermediate | Bootcamp,"Develop scalable solutions using modern frameworks and professional development practices. Skills covered include problem solving, data analysis, real-world deployment. You will build real projects throughout the course.",Language & Literacy,Intermediate,90,2,4.38
1200,Storytelling | Professional Certificate,"Practice real-world scenarios and improve your problem-solving skills in Language & Literacy. Skills covered include system design, best practices, real-world deployment. You will improve your technical and analytical thinking.",Language & Literacy,Intermediate,90,2,4.41
1201,Communication Skills - Intermediate | Masterclass,"Expand your experience in Special Needs & Inclusion using modern tools and best practices. Skills covered include software development, real-world deployment, team collaboration. You will gain hands-on experience using industry-standard tools.",Special Needs & Inclusion,Intermediate,150,2,3.97
1202,Communication Skills - Intermediate | Bootcamp (2026 Edition),"Practice real-world scenarios and improve your problem-solving skills in Special Needs & Inclusion. Skills covered include system design, project implementation, debugging. You will build real projects throughout the course.",Special Needs & Inclusion,Intermediate,150,2,4.19
1203,Parent Support - Beginner | Practical Workshop (Latest Version),"Understand key principles and build confidence through guided exercises and quizzes. Skills covered include best practices, system design, software development. You will confidently work on real software projects.",Special Needs & Inclusion,Beginner,45,1,4.23
1204,Inclusive Assessment - Advanced | Essentials (Latest Version),"Develop enterprise-grade applications using industry standards and modern architectures. Skills covered include best practices, critical thinking, debugging. You will build real projects throughout the course.",Special Needs & Inclusion,Advanced,150,3,3.59
1205,Parent Support - Beginner | Bootcamp (2026 Edition),"Develop your first practical projects while learning the core concepts of Parent Support. Skills covered include project implementation, team collaboration, data analysis. You will develop portfolio-ready applications.",Special Needs & Inclusion,Beginner,60,1,4.47
1206,Communication Skills | Hands-on Training (2026 Edition),"Expand your experience in Special Needs & Inclusion using modern tools and best practices. Skills covered include best practices, data analysis, critical thinking. You will develop portfolio-ready applications.",Special Needs & Inclusion,Intermediate,120,2,4.5
1207,Universal Design | Professional Certificate (2026 Edition),"Gain expert-level knowledge through challenging case studies and complex projects. Skills covered include project implementation, system design, data analysis. You will be prepared for technical interviews and real-world challenges.",Special Needs & Inclusion,Advanced,180,3,4.37
1208,Universal Design - Beginner | Hands-on Training (2026 Edition),"Master the basics of Universal Design using simple explanations and interactive exercises. Skills covered include data analysis, team collaboration, real-world deployment. You will improve your technical and analytical thinking.",Special Needs & Inclusion,Beginner,60,1,4.32
1209,Early Identification | Complete Course,"Practice real-world scenarios and improve your problem-solving skills in Special Needs & Inclusion. Skills covered include software development, best practices, data analysis. You will improve your technical and analytical thinking.",Special Needs & Inclusion,Intermediate,90,2,4.42
1210,Special Education | Professional Certificate (Latest Version),"Explore intermediate concepts in Special Education while building portfolio-ready projects. Skills covered include real-world deployment, critical thinking, project implementation. You will gain hands-on experience using industry-standard tools.",Special Needs & Inclusion,Intermediate,90,2,4.72
1211,Special Education - Advanced | Hands-on Training,"Prepare for senior-level positions by mastering the latest technologies in Special Needs & Inclusion. Skills covered include best practices, team collaboration, project implementation. You will be prepared for technical interviews and real-world challenges.",Special Needs & Inclusion,Advanced,150,3,4.17
1212,Learning Disabilities - Beginner | Hands-on Training (Latest Version),"Understand key principles and build confidence through guided exercises and quizzes. Skills covered include debugging, data analysis, critical thinking. You will be able to apply your knowledge to practical business scenarios.",Special Needs & Inclusion,Beginner,75,1,4.32
1213,Assistive Technology - Beginner,"Start your learning journey in Special Needs & Inclusion through hands-on projects and real-world examples. Skills covered include critical thinking, debugging, system design. You will build real projects throughout the course.",Special Needs & Inclusion,Beginner,60,1,4.74
1214,Accessible Learning | Bootcamp (Updated Edition),"Understand key principles and build confidence through guided exercises and quizzes. Skills covered include system design, real-world deployment, team collaboration. You will develop portfolio-ready applications.",Special Needs & Inclusion,Beginner,60,1,4.69
1215,Social Stories - Beginner | Masterclass (2026 Edition),"Start your learning journey in Special Needs & Inclusion through hands-on projects and real-world examples. Skills covered include debugging, system design, problem solving. You will be able to apply your knowledge to practical business scenarios.",Special Needs & Inclusion,Beginner,90,1,4.13
1216,Inclusive Classrooms | Fundamentals (Updated Edition),"Expand your experience in Special Needs & Inclusion using modern tools and best practices. Skills covered include system design, debugging, real-world deployment. You will improve your technical and analytical thinking.",Special Needs & Inclusion,Intermediate,60,2,4.09
1217,Early Identification | Complete Course (2026 Edition),"Develop scalable solutions using modern frameworks and professional development practices. Skills covered include real-world deployment, debugging, best practices. You will improve your technical and analytical thinking.",Special Needs & Inclusion,Intermediate,60,2,4.67
1218,Individual Learning Plans | Bootcamp (Latest Version),"Start your learning journey in Special Needs & Inclusion through hands-on projects and real-world examples. Skills covered include debugging, real-world deployment, problem solving. You will develop portfolio-ready applications.",Special Needs & Inclusion,Beginner,75,1,4.51
1219,Learning Disabilities | Project-Based Learning (Latest Version),"Understand advanced implementation techniques used in professional environments. Skills covered include best practices, system design, data analysis. You will be able to apply your knowledge to practical business scenarios.",Special Needs & Inclusion,Advanced,180,3,4.4
1220,Inclusive Classrooms | Hands-on Training (2026 Edition),"Improve your technical skills with hands-on labs, assignments, and real-world applications. Skills covered include data analysis, real-world deployment, debugging. You will develop portfolio-ready applications.",Special Needs & Inclusion,Intermediate,90,2,4.34
1221,Individual Learning Plans | Masterclass (Latest Version),"Expand your experience in Special Needs & Inclusion using modern tools and best practices. Skills covered include best practices, problem solving, debugging. You will understand best practices followed by professional engineers.",Special Needs & Inclusion,Intermediate,60,2,4.17
1222,Inclusive Teaching | Project-Based Learning (Latest Version),"Perfect for beginners who want to build a strong foundation in Special Needs & Inclusion. Skills covered include debugging, project implementation, data analysis. You will improve your technical and analytical thinking.",Special Needs & Inclusion,Beginner,75,1,4.2
1223,Universal Design - Beginner | Professional Certificate (Latest Version),"Master the basics of Universal Design using simple explanations and interactive exercises. Skills covered include problem solving, debugging, data analysis. You will build real projects throughout the course.",Special Needs & Inclusion,Beginner,45,1,4.56
1224,Individual Learning Plans - Beginner | Complete Course,"Perfect for beginners who want to build a strong foundation in Special Needs & Inclusion. Skills covered include team collaboration, project implementation, best practices. You will be able to apply your knowledge to practical business scenarios.",Special Needs & Inclusion,Beginner,60,1,4.83
1225,Behavior Intervention - Beginner | Hands-on Training (Updated Edition),"Perfect for beginners who want to build a strong foundation in Special Needs & Inclusion. Skills covered include system design, critical thinking, problem solving. You will be able to apply your knowledge to practical business scenarios.",Special Needs & Inclusion,Beginner,45,1,4.37
1226,Behavior Intervention - Intermediate | Hands-on Training (2026 Edition),"Improve your technical skills with hands-on labs, assignments, and real-world applications. Skills covered include real-world deployment, critical thinking, team collaboration. You will gain hands-on experience using industry-standard tools.",Special Needs & Inclusion,Intermediate,60,2,4.38
1227,Universal Design | Complete Course,"Work with large-scale projects and advanced design strategies in Special Needs & Inclusion. Skills covered include team collaboration, software development, system design. You will build real projects throughout the course.",Special Needs & Inclusion,Advanced,240,3,4.13
1228,Sensory Integration - Advanced | Professional Certificate,"Work with large-scale projects and advanced design strategies in Special Needs & Inclusion. Skills covered include software development, problem solving, best practices. You will be able to apply your knowledge to practical business scenarios.",Special Needs & Inclusion,Advanced,210,3,3.7
1229,Dyslexia Support | Fundamentals (Updated Edition),"Perfect for beginners who want to build a strong foundation in Special Needs & Inclusion. Skills covered include system design, software development, problem solving. You will gain hands-on experience using industry-standard tools.",Special Needs & Inclusion,Beginner,75,1,4.5
1230,Special Education | Professional Certificate (Latest Version),"Understand key principles and build confidence through guided exercises and quizzes. Skills covered include team collaboration, best practices, data analysis. You will be prepared for technical interviews and real-world challenges.",Special Needs & Inclusion,Beginner,75,1,4.66
1231,Universal Design | Hands-on Training (2026 Edition),"Practice real-world scenarios and improve your problem-solving skills in Special Needs & Inclusion. Skills covered include project implementation, critical thinking, debugging. You will be prepared for technical interviews and real-world challenges.",Special Needs & Inclusion,Intermediate,90,2,4.36
1232,Special Education (Updated Edition),"Learn the fundamentals of Special Education from scratch with practical examples and step-by-step explanations. Skills covered include system design, debugging, software development. You will confidently work on real software projects.",Special Needs & Inclusion,Beginner,45,1,4.34
1233,Accessible Learning | Complete Course (Updated Edition),"Prepare for senior-level positions by mastering the latest technologies in Special Needs & Inclusion. Skills covered include project implementation, best practices, debugging. You will confidently work on real software projects.",Special Needs & Inclusion,Advanced,150,3,4.44
1234,Early Identification - Beginner | Masterclass (Latest Version),"Learn the fundamentals of Early Identification from scratch with practical examples and step-by-step explanations. Skills covered include system design, software development, critical thinking. You will develop portfolio-ready applications.",Special Needs & Inclusion,Beginner,75,1,4.92
1235,Inclusive Teaching | Project-Based Learning (Latest Version),"Gain practical skills in Inclusive Teaching with real-life case studies and beginner projects. Skills covered include problem solving, best practices, critical thinking. You will understand best practices followed by professional engineers.",Special Needs & Inclusion,Beginner,30,1,4.31
1236,Sensory Integration - Beginner | Essentials (2026 Edition),"Start your learning journey in Special Needs & Inclusion through hands-on projects and real-world examples. Skills covered include team collaboration, project implementation, problem solving. You will build real projects throughout the course.",Special Needs & Inclusion,Beginner,30,1,4.36
1237,Visual Supports - Beginner | Essentials (Updated Edition),"Gain practical skills in Visual Supports with real-life case studies and beginner projects. Skills covered include data analysis, real-world deployment, project implementation. You will understand best practices followed by professional engineers.",Special Needs & Inclusion,Beginner,75,1,4.13
1238,ADHD Strategies | Fundamentals,"Understand advanced implementation techniques used in professional environments. Skills covered include team collaboration, problem solving, critical thinking. You will be able to apply your knowledge to practical business scenarios.",Special Needs & Inclusion,Advanced,210,3,4.36
1239,Special Education - Beginner | Project-Based Learning (Updated Edition),"Understand key principles and build confidence through guided exercises and quizzes. Skills covered include project implementation, debugging, system design. You will build real projects throughout the course.",Special Needs & Inclusion,Beginner,45,1,4.51
1240,ADHD Strategies | Complete Course (2026 Edition),"Master the basics of ADHD Strategies using simple explanations and interactive exercises. Skills covered include debugging, software development, real-world deployment. You will develop portfolio-ready applications.",Special Needs & Inclusion,Beginner,90,1,4.34
1241,Learning Disabilities - Beginner | Bootcamp (2026 Edition),"Master the basics of Learning Disabilities using simple explanations and interactive exercises. Skills covered include best practices, software development, real-world deployment. You will gain hands-on experience using industry-standard tools.",Special Needs & Inclusion,Beginner,60,1,4.44
1242,Inclusive Classrooms | Practical Workshop (Updated Edition),"Practice real-world scenarios and improve your problem-solving skills in Special Needs & Inclusion. Skills covered include data analysis, team collaboration, software development. You will develop portfolio-ready applications.",Special Needs & Inclusion,Intermediate,120,2,3.86
1243,Inclusive Assessment - Advanced | Masterclass (2026 Edition),"Develop enterprise-grade applications using industry standards and modern architectures. Skills covered include best practices, debugging, problem solving. You will develop portfolio-ready applications.",Special Needs & Inclusion,Advanced,210,3,3.88
1244,Universal Design - Beginner | Complete Course (2026 Edition),"Gain practical skills in Universal Design with real-life case studies and beginner projects. Skills covered include software development, critical thinking, data analysis. You will be prepared for technical interviews and real-world challenges.",Special Needs & Inclusion,Beginner,45,1,4.52
1245,Special Education - Intermediate | Practical Workshop (Updated Edition),"Expand your experience in Special Needs & Inclusion using modern tools and best practices. Skills covered include data analysis, problem solving, debugging. You will be prepared for technical interviews and real-world challenges.",Special Needs & Inclusion,Intermediate,90,2,4.45
1246,Parent Support | Project-Based Learning,"Perfect for beginners who want to build a strong foundation in Special Needs & Inclusion. Skills covered include project implementation, system design, best practices. You will confidently work on real software projects.",Special Needs & Inclusion,Beginner,60,1,4.74
1247,Special Education - Intermediate | Hands-on Training (Latest Version),"Practice real-world scenarios and improve your problem-solving skills in Special Needs & Inclusion. Skills covered include software development, data analysis, debugging. You will gain hands-on experience using industry-standard tools.",Special Needs & Inclusion,Intermediate,120,2,4.32
1248,Speech Therapy Basics (2026 Edition),"Perfect for beginners who want to build a strong foundation in Special Needs & Inclusion. Skills covered include software development, problem solving, team collaboration. You will confidently work on real software projects.",Special Needs & Inclusion,Beginner,75,1,4.95
1249,Assistive Technology | Professional Certificate (Updated Edition),"This beginner-friendly course introduces the essential concepts required to succeed in Special Needs & Inclusion. Skills covered include data analysis, critical thinking, problem solving. You will gain hands-on experience using industry-standard tools.",Special Needs & Inclusion,Beginner,90,1,4.63
1250,ADHD Strategies | Masterclass (2026 Edition),"Expand your experience in Special Needs & Inclusion using modern tools and best practices. Skills covered include project implementation, real-world deployment, critical thinking. You will develop portfolio-ready applications.",Special Needs & Inclusion,Intermediate,150,2,4.38
1251,Dyslexia Support - Beginner | Fundamentals (Updated Edition),"This beginner-friendly course introduces the essential concepts required to succeed in Special Needs & Inclusion. Skills covered include problem solving, debugging, data analysis. You will be able to apply your knowledge to practical business scenarios.",Special Needs & Inclusion,Beginner,90,1,4.78
1252,Communication Skills | Practical Workshop (Updated Edition),"Understand advanced implementation techniques used in professional environments. Skills covered include system design, project implementation, data analysis. You will improve your technical and analytical thinking.",Special Needs & Inclusion,Advanced,210,3,4.29
1253,Individual Learning Plans - Intermediate | Complete Course,"Expand your experience in Special Needs & Inclusion using modern tools and best practices. Skills covered include best practices, software development, team collaboration. You will gain hands-on experience using industry-standard tools.",Special Needs & Inclusion,Intermediate,60,2,4.19
1254,Behavior Intervention | Practical Workshop (2026 Edition),"Understand advanced implementation techniques used in professional environments. Skills covered include critical thinking, team collaboration, project implementation. You will improve your technical and analytical thinking.",Special Needs & Inclusion,Advanced,210,3,4.03
1255,Communication Skills | Practical Workshop (2026 Edition),"Explore intermediate concepts in Communication Skills while building portfolio-ready projects. Skills covered include debugging, software development, best practices. You will confidently work on real software projects.",Special Needs & Inclusion,Intermediate,90,2,4.26
1256,Special Education - Advanced | Practical Workshop (Latest Version),"Understand advanced implementation techniques used in professional environments. Skills covered include data analysis, software development, problem solving. You will be able to apply your knowledge to practical business scenarios.",Special Needs & Inclusion,Advanced,180,3,4.17
1257,Universal Design - Intermediate | Project-Based Learning (Updated Edition),"Apply your existing knowledge to build complete projects from start to finish. Skills covered include project implementation, system design, software development. You will be prepared for technical interviews and real-world challenges.",Special Needs & Inclusion,Intermediate,60,2,4.44
1258,ADHD Strategies | Practical Workshop (Updated Edition),"Master advanced concepts in ADHD Strategies through real-world enterprise applications. Skills covered include critical thinking, best practices, system design. You will improve your technical and analytical thinking.",Special Needs & Inclusion,Advanced,180,3,3.98
1259,Dyslexia Support | Essentials (Updated Edition),"Master the basics of Dyslexia Support using simple explanations and interactive exercises. Skills covered include debugging, problem solving, best practices. You will develop portfolio-ready applications.",Special Needs & Inclusion,Beginner,90,1,4.84
1260,Social Stories | Project-Based Learning,"Master advanced concepts in Social Stories through real-world enterprise applications. Skills covered include debugging, critical thinking, best practices. You will be prepared for technical interviews and real-world challenges.",Special Needs & Inclusion,Advanced,180,3,4.09
1261,Early Identification | Fundamentals (2026 Edition),"Master advanced concepts in Early Identification through real-world enterprise applications. Skills covered include system design, project implementation, debugging. You will develop portfolio-ready applications.",Special Needs & Inclusion,Advanced,240,3,4.13
1262,Autism Support (2026 Edition),"Develop scalable solutions using modern frameworks and professional development practices. Skills covered include problem solving, debugging, real-world deployment. You will gain hands-on experience using industry-standard tools.",Special Needs & Inclusion,Intermediate,90,2,4.49
1263,Universal Design - Intermediate | Essentials (Latest Version),"Apply your existing knowledge to build complete projects from start to finish. Skills covered include real-world deployment, system design, project implementation. You will gain hands-on experience using industry-standard tools.",Special Needs & Inclusion,Intermediate,120,2,4.34
1264,Individual Learning Plans - Advanced | Hands-on Training (Updated Edition),"Explore optimization, scalability, and best engineering practices in Individual Learning Plans. Skills covered include problem solving, debugging, critical thinking. You will understand best practices followed by professional engineers.",Special Needs & Inclusion,Advanced,240,3,3.73
1265,Individual Learning Plans - Advanced,"Develop enterprise-grade applications using industry standards and modern architectures. Skills covered include debugging, software development, real-world deployment. You will improve your technical and analytical thinking.",Special Needs & Inclusion,Advanced,180,3,4.2
1266,Assistive Technology - Beginner | Professional Certificate (Updated Edition),"Start your learning journey in Special Needs & Inclusion through hands-on projects and real-world examples. Skills covered include critical thinking, problem solving, system design. You will gain hands-on experience using industry-standard tools.",Special Needs & Inclusion,Beginner,30,1,4.68
1267,Universal Design | Bootcamp (Latest Version),"Prepare for senior-level positions by mastering the latest technologies in Special Needs & Inclusion. Skills covered include team collaboration, critical thinking, best practices. You will develop portfolio-ready applications.",Special Needs & Inclusion,Advanced,120,3,3.63
1268,Inclusive Classrooms - Beginner | Bootcamp (Updated Edition),"Master the basics of Inclusive Classrooms using simple explanations and interactive exercises. Skills covered include team collaboration, project implementation, problem solving. You will gain hands-on experience using industry-standard tools.",Special Needs & Inclusion,Beginner,75,1,4.5
1269,Inclusive Classrooms - Beginner | Practical Workshop (2026 Edition),"Develop your first practical projects while learning the core concepts of Inclusive Classrooms. Skills covered include problem solving, data analysis, debugging. You will be prepared for technical interviews and real-world challenges.",Special Needs & Inclusion,Beginner,75,1,4.92
1270,Speech Therapy Basics - Advanced | Hands-on Training (2026 Edition),"Prepare for senior-level positions by mastering the latest technologies in Special Needs & Inclusion. Skills covered include real-world deployment, critical thinking, system design. You will confidently work on real software projects.",Special Needs & Inclusion,Advanced,150,3,4.08
1271,Social Stories | Hands-on Training (Updated Edition),"Explore optimization, scalability, and best engineering practices in Social Stories. Skills covered include problem solving, data analysis, real-world deployment. You will understand best practices followed by professional engineers.",Special Needs & Inclusion,Advanced,150,3,4.16
1272,Sensory Integration (Updated Edition),"Learn advanced workflows and techniques used by professionals working in Special Needs & Inclusion. Skills covered include critical thinking, team collaboration, real-world deployment. You will be able to apply your knowledge to practical business scenarios.",Special Needs & Inclusion,Intermediate,60,2,4.26
1273,Communication Skills - Intermediate | Essentials (Updated Edition),"Improve your technical skills with hands-on labs, assignments, and real-world applications. Skills covered include project implementation, team collaboration, debugging. You will develop portfolio-ready applications.",Special Needs & Inclusion,Intermediate,60,2,4.38
1274,ADHD Strategies - Advanced (Updated Edition),"Understand advanced implementation techniques used in professional environments. Skills covered include software development, project implementation, data analysis. You will be prepared for technical interviews and real-world challenges.",Special Needs & Inclusion,Advanced,180,3,3.75
1275,Inclusive Classrooms | Practical Workshop,"Master advanced concepts in Inclusive Classrooms through real-world enterprise applications. Skills covered include project implementation, data analysis, software development. You will gain hands-on experience using industry-standard tools.",Special Needs & Inclusion,Advanced,180,3,4.08
1276,Dyslexia Support | Fundamentals,"Build production-ready systems while learning professional development techniques. Skills covered include project implementation, data analysis, team collaboration. You will gain hands-on experience using industry-standard tools.",Special Needs & Inclusion,Advanced,120,3,3.85
1277,Assistive Technology - Intermediate | Fundamentals,"Expand your experience in Special Needs & Inclusion using modern tools and best practices. Skills covered include team collaboration, real-world deployment, project implementation. You will develop portfolio-ready applications.",Special Needs & Inclusion,Intermediate,60,2,4.22
1278,Speech Therapy Basics (Updated Edition),"Gain expert-level knowledge through challenging case studies and complex projects. Skills covered include project implementation, problem solving, software development. You will gain hands-on experience using industry-standard tools.",Special Needs & Inclusion,Advanced,120,3,4.57
1279,Speech Therapy Basics - Advanced | Fundamentals,"Understand advanced implementation techniques used in professional environments. Skills covered include team collaboration, critical thinking, project implementation. You will be able to apply your knowledge to practical business scenarios.",Special Needs & Inclusion,Advanced,210,3,4.54
1280,Accessible Learning | Masterclass,"Work with large-scale projects and advanced design strategies in Special Needs & Inclusion. Skills covered include real-world deployment, critical thinking, problem solving. You will confidently work on real software projects.",Special Needs & Inclusion,Advanced,150,3,4.22
1281,Learning Disabilities - Intermediate | Complete Course (2026 Edition),"Explore intermediate concepts in Learning Disabilities while building portfolio-ready projects. Skills covered include real-world deployment, system design, best practices. You will improve your technical and analytical thinking.",Special Needs & Inclusion,Intermediate,150,2,4.6
1282,ADHD Strategies - Intermediate | Fundamentals (Latest Version),"Practice real-world scenarios and improve your problem-solving skills in Special Needs & Inclusion. Skills covered include software development, debugging, team collaboration. You will develop portfolio-ready applications.",Special Needs & Inclusion,Intermediate,120,2,4.31
1283,Universal Design | Bootcamp (Latest Version),"Understand key principles and build confidence through guided exercises and quizzes. Skills covered include real-world deployment, system design, project implementation. You will be able to apply your knowledge to practical business scenarios.",Special Needs & Inclusion,Beginner,90,1,3.81
1284,Accessible Learning - Beginner | Fundamentals,"Learn the fundamentals of Accessible Learning from scratch with practical examples and step-by-step explanations. Skills covered include system design, real-world deployment, problem solving. You will gain hands-on experience using industry-standard tools.",Special Needs & Inclusion,Beginner,45,1,4.51
1285,Special Education - Beginner | Masterclass (Updated Edition),"Perfect for beginners who want to build a strong foundation in Special Needs & Inclusion. Skills covered include problem solving, debugging, critical thinking. You will understand best practices followed by professional engineers.",Special Needs & Inclusion,Beginner,90,1,4.67
1286,Learning Disabilities | Complete Course,"Develop scalable solutions using modern frameworks and professional development practices. Skills covered include debugging, team collaboration, project implementation. You will confidently work on real software projects.",Special Needs & Inclusion,Intermediate,120,2,4.3
1287,Learning Disabilities | Complete Course (2026 Edition),"Explore optimization, scalability, and best engineering practices in Learning Disabilities. Skills covered include best practices, real-world deployment, project implementation. You will be prepared for technical interviews and real-world challenges.",Special Needs & Inclusion,Advanced,180,3,4.24
1288,ADHD Strategies - Beginner | Hands-on Training (Latest Version),"Learn the fundamentals of ADHD Strategies from scratch with practical examples and step-by-step explanations. Skills covered include best practices, team collaboration, project implementation. You will improve your technical and analytical thinking.",Special Needs & Inclusion,Beginner,30,1,4.84
1289,Parent Support | Professional Certificate (2026 Edition),"Gain practical skills in Parent Support with real-life case studies and beginner projects. Skills covered include team collaboration, critical thinking, best practices. You will understand best practices followed by professional engineers.",Special Needs & Inclusion,Beginner,60,1,4.69
1290,Behavior Intervention | Project-Based Learning (2026 Edition),"Develop scalable solutions using modern frameworks and professional development practices. Skills covered include project implementation, software development, best practices. You will improve your technical and analytical thinking.",Special Needs & Inclusion,Intermediate,150,2,4.68
1291,Early Identification (2026 Edition),"Work with large-scale projects and advanced design strategies in Special Needs & Inclusion. Skills covered include critical thinking, project implementation, data analysis. You will develop portfolio-ready applications.",Special Needs & Inclusion,Advanced,210,3,4.22
1292,Speech Therapy Basics | Essentials (Updated Edition),"Perfect for beginners who want to build a strong foundation in Special Needs & Inclusion. Skills covered include real-world deployment, critical thinking, system design. You will develop portfolio-ready applications.",Special Needs & Inclusion,Beginner,30,1,5.0
1293,Universal Design | Essentials (2026 Edition),"Gain expert-level knowledge through challenging case studies and complex projects. Skills covered include team collaboration, debugging, data analysis. You will build real projects throughout the course.",Special Needs & Inclusion,Advanced,240,3,4.73
1294,Communication Skills | Bootcamp (Updated Edition),"This beginner-friendly course introduces the essential concepts required to succeed in Special Needs & Inclusion. Skills covered include real-world deployment, system design, debugging. You will understand best practices followed by professional engineers.",Special Needs & Inclusion,Beginner,60,1,4.51
1295,Speech Therapy Basics - Beginner | Fundamentals (2026 Edition),"Gain practical skills in Speech Therapy Basics with real-life case studies and beginner projects. Skills covered include system design, team collaboration, data analysis. You will confidently work on real software projects.",Special Needs & Inclusion,Beginner,60,1,4.72
1296,Individual Learning Plans - Intermediate | Essentials,"Learn advanced workflows and techniques used by professionals working in Special Needs & Inclusion. Skills covered include system design, debugging, problem solving. You will improve your technical and analytical thinking.",Special Needs & Inclusion,Intermediate,60,2,4.36
1297,Early Identification | Bootcamp,"Practice real-world scenarios and improve your problem-solving skills in Special Needs & Inclusion. Skills covered include critical thinking, problem solving, project implementation. You will build real projects throughout the course.",Special Needs & Inclusion,Intermediate,90,2,4.33
1298,Accessible Learning - Intermediate | Professional Certificate (Latest Version),"Practice real-world scenarios and improve your problem-solving skills in Special Needs & Inclusion. Skills covered include system design, critical thinking, team collaboration. You will develop portfolio-ready applications.",Special Needs & Inclusion,Intermediate,60,2,4.47
1299,Inclusive Assessment | Masterclass,"Strengthen your knowledge of Inclusive Assessment by solving practical industry-focused projects. Skills covered include best practices, system design, debugging. You will understand best practices followed by professional engineers.",Special Needs & Inclusion,Intermediate,120,2,3.95
1300,Speech Therapy Basics | Fundamentals (2026 Edition),"Understand key principles and build confidence through guided exercises and quizzes. Skills covered include data analysis, real-world deployment, best practices. You will be able to apply your knowledge to practical business scenarios.",Special Needs & Inclusion,Beginner,30,1,4.41
1301,Autism Support | Fundamentals,"Strengthen your knowledge of Autism Support by solving practical industry-focused projects. Skills covered include software development, system design, team collaboration. You will improve your technical and analytical thinking.",Special Needs & Inclusion,Intermediate,90,2,4.37
1302,Dyslexia Support - Beginner (Latest Version),"Start your learning journey in Special Needs & Inclusion through hands-on projects and real-world examples. Skills covered include problem solving, critical thinking, system design. You will understand best practices followed by professional engineers.",Special Needs & Inclusion,Beginner,90,1,4.63
1303,Behavior Intervention - Advanced | Hands-on Training (2026 Edition),"Gain expert-level knowledge through challenging case studies and complex projects. Skills covered include problem solving, team collaboration, software development. You will be prepared for technical interviews and real-world challenges.",Special Needs & Inclusion,Advanced,150,3,4.07
1304,Speech Therapy Basics - Beginner | Complete Course (2026 Edition),"Understand key principles and build confidence through guided exercises and quizzes. Skills covered include critical thinking, debugging, system design. You will be able to apply your knowledge to practical business scenarios.",Special Needs & Inclusion,Beginner,45,1,4.51
1305,Universal Design | Essentials (Updated Edition),"Improve your technical skills with hands-on labs, assignments, and real-world applications. Skills covered include best practices, debugging, software development. You will confidently work on real software projects.",Special Needs & Inclusion,Intermediate,90,2,4.46
1306,Universal Design - Beginner | Fundamentals (2026 Edition),"Understand key principles and build confidence through guided exercises and quizzes. Skills covered include project implementation, debugging, best practices. You will gain hands-on experience using industry-standard tools.",Special Needs & Inclusion,Beginner,45,1,4.2
1307,Accessible Learning - Beginner | Complete Course,"Gain practical skills in Accessible Learning with real-life case studies and beginner projects. Skills covered include debugging, software development, problem solving. You will be able to apply your knowledge to practical business scenarios.",Special Needs & Inclusion,Beginner,90,1,4.62
1308,Social Stories - Advanced | Complete Course (2026 Edition),"Build production-ready systems while learning professional development techniques. Skills covered include system design, team collaboration, critical thinking. You will understand best practices followed by professional engineers.",Special Needs & Inclusion,Advanced,240,3,4.06
1309,Visual Supports | Professional Certificate (Updated Edition),"Apply your existing knowledge to build complete projects from start to finish. Skills covered include system design, software development, real-world deployment. You will gain hands-on experience using industry-standard tools.",Special Needs & Inclusion,Intermediate,90,2,4.34
1310,Visual Supports | Project-Based Learning,"Perfect for beginners who want to build a strong foundation in Special Needs & Inclusion. Skills covered include data analysis, best practices, software development. You will develop portfolio-ready applications.",Special Needs & Inclusion,Beginner,90,1,4.43
1311,Sensory Integration - Beginner,"Perfect for beginners who want to build a strong foundation in Special Needs & Inclusion. Skills covered include critical thinking, system design, best practices. You will gain hands-on experience using industry-standard tools.",Special Needs & Inclusion,Beginner,30,1,4.63
1312,Early Identification - Advanced | Essentials (Updated Edition),"Master advanced concepts in Early Identification through real-world enterprise applications. Skills covered include software development, data analysis, team collaboration. You will be prepared for technical interviews and real-world challenges.",Special Needs & Inclusion,Advanced,240,3,4.18
1313,Speech Therapy Basics | Essentials (Updated Edition),"Work with large-scale projects and advanced design strategies in Special Needs & Inclusion. Skills covered include real-world deployment, team collaboration, best practices. You will develop portfolio-ready applications.",Special Needs & Inclusion,Advanced,180,3,4.27
1314,Communication Skills - Intermediate | Bootcamp (2026 Edition),"Strengthen your knowledge of Communication Skills by solving practical industry-focused projects. Skills covered include data analysis, debugging, best practices. You will build real projects throughout the course.",Special Needs & Inclusion,Intermediate,120,2,4.56
1315,Visual Supports - Intermediate,"Develop scalable solutions using modern frameworks and professional development practices. Skills covered include data analysis, real-world deployment, critical thinking. You will understand best practices followed by professional engineers.",Special Needs & Inclusion,Intermediate,60,2,4.03
1316,Visual Supports | Complete Course (Latest Version),"Perfect for beginners who want to build a strong foundation in Special Needs & Inclusion. Skills covered include system design, debugging, software development. You will develop portfolio-ready applications.",Special Needs & Inclusion,Beginner,90,1,4.06
1317,Visual Supports - Beginner | Practical Workshop (Updated Edition),"Understand key principles and build confidence through guided exercises and quizzes. Skills covered include problem solving, team collaboration, real-world deployment. You will confidently work on real software projects.",Special Needs & Inclusion,Beginner,60,1,4.44
1318,ADHD Strategies | Masterclass (Latest Version),"Strengthen your knowledge of ADHD Strategies by solving practical industry-focused projects. Skills covered include real-world deployment, team collaboration, software development. You will be able to apply your knowledge to practical business scenarios.",Special Needs & Inclusion,Intermediate,120,2,4.44
1319,Inclusive Classrooms,"Learn the fundamentals of Inclusive Classrooms from scratch with practical examples and step-by-step explanations. Skills covered include project implementation, real-world deployment, software development. You will confidently work on real software projects.",Special Needs & Inclusion,Beginner,60,1,4.57
1320,Communication Skills | Masterclass (2026 Edition),"Build production-ready systems while learning professional development techniques. Skills covered include debugging, project implementation, system design. You will be able to apply your knowledge to practical business scenarios.",Special Needs & Inclusion,Advanced,150,3,3.99
1321,Inclusive Classrooms - Beginner | Hands-on Training (Updated Edition),"This beginner-friendly course introduces the essential concepts required to succeed in Special Needs & Inclusion. Skills covered include debugging, project implementation, software development. You will build real projects throughout the course.",Special Needs & Inclusion,Beginner,90,1,4.16
1322,Individual Learning Plans | Complete Course (Updated Edition),"Build production-ready systems while learning professional development techniques. Skills covered include project implementation, real-world deployment, critical thinking. You will confidently work on real software projects.",Special Needs & Inclusion,Advanced,150,3,3.94
1323,ADHD Strategies - Advanced | Professional Certificate (Latest Version),"Develop enterprise-grade applications using industry standards and modern architectures. Skills covered include problem solving, software development, debugging. You will improve your technical and analytical thinking.",Special Needs & Inclusion,Advanced,180,3,4.33
1324,Inclusive Teaching - Beginner | Complete Course (Updated Edition),"Perfect for beginners who want to build a strong foundation in Special Needs & Inclusion. Skills covered include best practices, debugging, project implementation. You will be prepared for technical interviews and real-world challenges.",Special Needs & Inclusion,Beginner,30,1,4.42
1325,Universal Design - Advanced | Essentials,"Work with large-scale projects and advanced design strategies in Special Needs & Inclusion. Skills covered include project implementation, data analysis, software development. You will confidently work on real software projects.",Special Needs & Inclusion,Advanced,120,3,3.88
1326,Inclusive Assessment - Advanced (Updated Edition),"Master advanced concepts in Inclusive Assessment through real-world enterprise applications. Skills covered include project implementation, system design, team collaboration. You will improve your technical and analytical thinking.",Special Needs & Inclusion,Advanced,180,3,4.33
1327,Learning Disabilities | Practical Workshop (2026 Edition),"Understand advanced implementation techniques used in professional environments. Skills covered include system design, software development, critical thinking. You will gain hands-on experience using industry-standard tools.",Special Needs & Inclusion,Advanced,240,3,3.94
1328,Speech Therapy Basics - Intermediate | Project-Based Learning (Latest Version),"Improve your technical skills with hands-on labs, assignments, and real-world applications. Skills covered include system design, critical thinking, real-world deployment. You will confidently work on real software projects.",Special Needs & Inclusion,Intermediate,60,2,4.66
1329,Learning Disabilities - Beginner | Practical Workshop (2026 Edition),"Perfect for beginners who want to build a strong foundation in Special Needs & Inclusion. Skills covered include real-world deployment, team collaboration, best practices. You will understand best practices followed by professional engineers.",Special Needs & Inclusion,Beginner,75,1,4.75
1330,Special Education - Beginner | Essentials (Latest Version),"Start your learning journey in Special Needs & Inclusion through hands-on projects and real-world examples. Skills covered include system design, problem solving, team collaboration. You will gain hands-on experience using industry-standard tools.",Special Needs & Inclusion,Beginner,30,1,4.18
1331,Sensory Integration - Advanced | Bootcamp (2026 Edition),"Prepare for senior-level positions by mastering the latest technologies in Special Needs & Inclusion. Skills covered include project implementation, real-world deployment, critical thinking. You will be prepared for technical interviews and real-world challenges.",Special Needs & Inclusion,Advanced,150,3,4.01
1332,Autism Support | Masterclass (Latest Version),"Gain expert-level knowledge through challenging case studies and complex projects. Skills covered include software development, problem solving, critical thinking. You will develop portfolio-ready applications.",Special Needs & Inclusion,Advanced,240,3,3.89
1333,Inclusive Assessment - Beginner | Bootcamp (Updated Edition),"Gain practical skills in Inclusive Assessment with real-life case studies and beginner projects. Skills covered include data analysis, problem solving, software development. You will be prepared for technical interviews and real-world challenges.",Special Needs & Inclusion,Beginner,90,1,4.45
1334,Learning Disabilities - Beginner | Complete Course (2026 Edition),"Master the basics of Learning Disabilities using simple explanations and interactive exercises. Skills covered include best practices, project implementation, data analysis. You will understand best practices followed by professional engineers.",Special Needs & Inclusion,Beginner,30,1,4.68
1335,Parent Support | Professional Certificate,"Learn the fundamentals of Parent Support from scratch with practical examples and step-by-step explanations. Skills covered include data analysis, problem solving, real-world deployment. You will improve your technical and analytical thinking.",Special Needs & Inclusion,Beginner,45,1,4.25
1336,Communication Skills - Advanced | Hands-on Training (Latest Version),"Build production-ready systems while learning professional development techniques. Skills covered include critical thinking, software development, debugging. You will build real projects throughout the course.",Special Needs & Inclusion,Advanced,240,3,4.07
1337,ADHD Strategies (2026 Edition),"Master advanced concepts in ADHD Strategies through real-world enterprise applications. Skills covered include debugging, software development, best practices. You will gain hands-on experience using industry-standard tools.",Special Needs & Inclusion,Advanced,210,3,3.83
1338,Sensory Integration - Advanced | Masterclass,"Develop enterprise-grade applications using industry standards and modern architectures. Skills covered include data analysis, real-world deployment, problem solving. You will be prepared for technical interviews and real-world challenges.",Special Needs & Inclusion,Advanced,150,3,4.3
1339,Visual Supports | Hands-on Training,"Learn advanced workflows and techniques used by professionals working in Special Needs & Inclusion. Skills covered include real-world deployment, system design, project implementation. You will develop portfolio-ready applications.",Special Needs & Inclusion,Intermediate,150,2,4.01
1340,ADHD Strategies | Professional Certificate,"Develop your first practical projects while learning the core concepts of ADHD Strategies. Skills covered include project implementation, system design, best practices. You will be able to apply your knowledge to practical business scenarios.",Special Needs & Inclusion,Beginner,45,1,4.65
1341,Parent Support - Beginner | Masterclass (Updated Edition),"Learn the fundamentals of Parent Support from scratch with practical examples and step-by-step explanations. Skills covered include real-world deployment, problem solving, data analysis. You will gain hands-on experience using industry-standard tools.",Special Needs & Inclusion,Beginner,30,1,4.69
1342,Behavior Intervention | Complete Course,"Start your learning journey in Special Needs & Inclusion through hands-on projects and real-world examples. Skills covered include debugging, real-world deployment, team collaboration. You will develop portfolio-ready applications.",Special Needs & Inclusion,Beginner,60,1,4.64
1343,Social Stories - Intermediate | Fundamentals (Latest Version),"Develop scalable solutions using modern frameworks and professional development practices. Skills covered include real-world deployment, system design, software development. You will understand best practices followed by professional engineers.",Special Needs & Inclusion,Intermediate,120,2,4.57
1344,Accessible Learning - Beginner (Updated Edition),"Master the basics of Accessible Learning using simple explanations and interactive exercises. Skills covered include critical thinking, software development, system design. You will develop portfolio-ready applications.",Special Needs & Inclusion,Beginner,45,1,4.85
1345,Dyslexia Support - Advanced | Hands-on Training (Latest Version),"Prepare for senior-level positions by mastering the latest technologies in Special Needs & Inclusion. Skills covered include software development, debugging, critical thinking. You will confidently work on real software projects.",Special Needs & Inclusion,Advanced,210,3,4.06
1346,Parent Support - Advanced (Latest Version),"Develop enterprise-grade applications using industry standards and modern architectures. Skills covered include team collaboration, system design, real-world deployment. You will understand best practices followed by professional engineers.",Special Needs & Inclusion,Advanced,150,3,4.06
1347,Inclusive Assessment - Advanced | Masterclass (2026 Edition),"Understand advanced implementation techniques used in professional environments. Skills covered include critical thinking, software development, debugging. You will understand best practices followed by professional engineers.",Special Needs & Inclusion,Advanced,180,3,4.35
1348,Autism Support | Complete Course (Latest Version),"Develop scalable solutions using modern frameworks and professional development practices. Skills covered include project implementation, critical thinking, debugging. You will be prepared for technical interviews and real-world challenges.",Special Needs & Inclusion,Intermediate,90,2,3.83
1349,Inclusive Teaching - Intermediate | Bootcamp (2026 Edition),"Learn advanced workflows and techniques used by professionals working in Special Needs & Inclusion. Skills covered include system design, team collaboration, data analysis. You will understand best practices followed by professional engineers.",Special Needs & Inclusion,Intermediate,150,2,4.34
1350,Speech Therapy Basics | Masterclass (Updated Edition),"Start your learning journey in Special Needs & Inclusion through hands-on projects and real-world examples. Skills covered include system design, project implementation, team collaboration. You will build real projects throughout the course.",Special Needs & Inclusion,Beginner,90,1,4.39
1351,Autism Support - Advanced | Complete Course (Latest Version),"Understand advanced implementation techniques used in professional environments. Skills covered include real-world deployment, debugging, team collaboration. You will gain hands-on experience using industry-standard tools.",Special Needs & Inclusion,Advanced,120,3,4.59
1352,ADHD Strategies - Beginner | Hands-on Training (2026 Edition),"Master the basics of ADHD Strategies using simple explanations and interactive exercises. Skills covered include real-world deployment, data analysis, problem solving. You will build real projects throughout the course.",Special Needs & Inclusion,Beginner,30,1,4.52
1353,Inclusive Classrooms - Beginner (Updated Edition),"Develop your first practical projects while learning the core concepts of Inclusive Classrooms. Skills covered include problem solving, best practices, debugging. You will be able to apply your knowledge to practical business scenarios.",Special Needs & Inclusion,Beginner,60,1,4.43
1354,Visual Supports | Fundamentals (Latest Version),"Learn the fundamentals of Visual Supports from scratch with practical examples and step-by-step explanations. Skills covered include data analysis, system design, project implementation. You will develop portfolio-ready applications.",Special Needs & Inclusion,Beginner,45,1,4.43
1355,Autism Support | Project-Based Learning (Latest Version),"Prepare for senior-level positions by mastering the latest technologies in Special Needs & Inclusion. Skills covered include software development, debugging, team collaboration. You will be able to apply your knowledge to practical business scenarios.",Special Needs & Inclusion,Advanced,210,3,4.31
1356,Inclusive Assessment,"Understand key principles and build confidence through guided exercises and quizzes. Skills covered include problem solving, software development, critical thinking. You will develop portfolio-ready applications.",Special Needs & Inclusion,Beginner,75,1,4.84
1357,Autism Support - Beginner | Essentials (Updated Edition),"Perfect for beginners who want to build a strong foundation in Special Needs & Inclusion. Skills covered include software development, data analysis, team collaboration. You will be able to apply your knowledge to practical business scenarios.",Special Needs & Inclusion,Beginner,45,1,4.59
1358,Learning Disabilities | Hands-on Training,"Perfect for beginners who want to build a strong foundation in Special Needs & Inclusion. Skills covered include best practices, problem solving, system design. You will be able to apply your knowledge to practical business scenarios.",Special Needs & Inclusion,Beginner,90,1,4.76
1359,Speech Therapy Basics | Complete Course,"Develop your first practical projects while learning the core concepts of Speech Therapy Basics. Skills covered include software development, best practices, team collaboration. You will understand best practices followed by professional engineers.",Special Needs & Inclusion,Beginner,30,1,4.55
1360,Special Education - Beginner | Masterclass (Latest Version),"This beginner-friendly course introduces the essential concepts required to succeed in Special Needs & Inclusion. Skills covered include project implementation, real-world deployment, problem solving. You will be able to apply your knowledge to practical business scenarios.",Special Needs & Inclusion,Beginner,90,1,4.76
1361,Accessible Learning | Complete Course (Latest Version),"Understand key principles and build confidence through guided exercises and quizzes. Skills covered include project implementation, real-world deployment, problem solving. You will improve your technical and analytical thinking.",Special Needs & Inclusion,Beginner,90,1,4.94
1362,Early Identification | Professional Certificate,"Perfect for beginners who want to build a strong foundation in Special Needs & Inclusion. Skills covered include software development, best practices, team collaboration. You will be able to apply your knowledge to practical business scenarios.",Special Needs & Inclusion,Beginner,75,1,4.62
1363,Assistive Technology | Complete Course,"Master the basics of Assistive Technology using simple explanations and interactive exercises. Skills covered include project implementation, team collaboration, debugging. You will be able to apply your knowledge to practical business scenarios.",Special Needs & Inclusion,Beginner,90,1,4.35
1364,Accessible Learning - Intermediate | Project-Based Learning (Latest Version),"Improve your technical skills with hands-on labs, assignments, and real-world applications. Skills covered include team collaboration, system design, critical thinking. You will be able to apply your knowledge to practical business scenarios.",Special Needs & Inclusion,Intermediate,150,2,4.26
1365,Social Stories - Intermediate | Practical Workshop (Latest Version),"Strengthen your knowledge of Social Stories by solving practical industry-focused projects. Skills covered include best practices, team collaboration, debugging. You will be prepared for technical interviews and real-world challenges.",Special Needs & Inclusion,Intermediate,120,2,4.36
1366,Speech Therapy Basics (Latest Version),"Develop scalable solutions using modern frameworks and professional development practices. Skills covered include team collaboration, software development, problem solving. You will understand best practices followed by professional engineers.",Special Needs & Inclusion,Intermediate,90,2,4.71
1367,Autism Support - Beginner | Complete Course,"Start your learning journey in Special Needs & Inclusion through hands-on projects and real-world examples. Skills covered include critical thinking, debugging, data analysis. You will build real projects throughout the course.",Special Needs & Inclusion,Beginner,45,1,4.54
1368,Sensory Integration | Project-Based Learning,"Learn advanced workflows and techniques used by professionals working in Special Needs & Inclusion. Skills covered include critical thinking, team collaboration, software development. You will gain hands-on experience using industry-standard tools.",Special Needs & Inclusion,Intermediate,150,2,4.53
1369,Accessible Learning | Fundamentals (Latest Version),"This beginner-friendly course introduces the essential concepts required to succeed in Special Needs & Inclusion. Skills covered include system design, debugging, project implementation. You will build real projects throughout the course.",Special Needs & Inclusion,Beginner,90,1,4.81
1370,Assistive Technology - Beginner (Updated Edition),"Master the basics of Assistive Technology using simple explanations and interactive exercises. Skills covered include team collaboration, debugging, project implementation. You will develop portfolio-ready applications.",Special Needs & Inclusion,Beginner,90,1,4.41
1371,Dyslexia Support - Beginner | Fundamentals (Updated Edition),"Gain practical skills in Dyslexia Support with real-life case studies and beginner projects. Skills covered include problem solving, best practices, critical thinking. You will understand best practices followed by professional engineers.",Special Needs & Inclusion,Beginner,30,1,4.44
1372,Assistive Technology | Essentials (Latest Version),"Gain practical skills in Assistive Technology with real-life case studies and beginner projects. Skills covered include system design, team collaboration, software development. You will build real projects throughout the course.",Special Needs & Inclusion,Beginner,75,1,4.77
1373,Inclusive Assessment - Intermediate | Hands-on Training,"Develop scalable solutions using modern frameworks and professional development practices. Skills covered include team collaboration, software development, debugging. You will confidently work on real software projects.",Special Needs & Inclusion,Intermediate,150,2,3.99
1374,Dyslexia Support - Advanced | Complete Course (Updated Edition),"Master advanced concepts in Dyslexia Support through real-world enterprise applications. Skills covered include team collaboration, data analysis, problem solving. You will be prepared for technical interviews and real-world challenges.",Special Needs & Inclusion,Advanced,210,3,4.11
1375,Assistive Technology - Intermediate | Masterclass (Updated Edition),"Practice real-world scenarios and improve your problem-solving skills in Special Needs & Inclusion. Skills covered include debugging, real-world deployment, data analysis. You will confidently work on real software projects.",Special Needs & Inclusion,Intermediate,120,2,4.57
1376,Accessible Learning | Bootcamp (2026 Edition),"Start your learning journey in Special Needs & Inclusion through hands-on projects and real-world examples. Skills covered include data analysis, real-world deployment, project implementation. You will develop portfolio-ready applications.",Special Needs & Inclusion,Beginner,90,1,4.25
1377,Assistive Technology | Hands-on Training (Latest Version),"Develop enterprise-grade applications using industry standards and modern architectures. Skills covered include software development, system design, real-world deployment. You will develop portfolio-ready applications.",Special Needs & Inclusion,Advanced,150,3,4.4
1378,Special Education - Advanced | Masterclass (2026 Edition),"Understand advanced implementation techniques used in professional environments. Skills covered include software development, project implementation, critical thinking. You will understand best practices followed by professional engineers.",Special Needs & Inclusion,Advanced,180,3,4.46
1379,Assistive Technology - Intermediate | Practical Workshop (Latest Version),"Learn advanced workflows and techniques used by professionals working in Special Needs & Inclusion. Skills covered include debugging, system design, team collaboration. You will understand best practices followed by professional engineers.",Special Needs & Inclusion,Intermediate,120,2,3.8
1380,Visual Supports - Intermediate | Practical Workshop,"Develop scalable solutions using modern frameworks and professional development practices. Skills covered include data analysis, real-world deployment, problem solving. You will confidently work on real software projects.",Special Needs & Inclusion,Intermediate,60,2,4.72
1381,Visual Supports - Beginner | Hands-on Training (Updated Edition),"This beginner-friendly course introduces the essential concepts required to succeed in Special Needs & Inclusion. Skills covered include project implementation, system design, problem solving. You will improve your technical and analytical thinking.",Special Needs & Inclusion,Beginner,90,1,4.38
1382,Behavior Intervention - Intermediate | Bootcamp,"Apply your existing knowledge to build complete projects from start to finish. Skills covered include software development, problem solving, system design. You will understand best practices followed by professional engineers.",Special Needs & Inclusion,Intermediate,150,2,4.56
1383,Accessible Learning,"This beginner-friendly course introduces the essential concepts required to succeed in Special Needs & Inclusion. Skills covered include best practices, critical thinking, data analysis. You will understand best practices followed by professional engineers.",Special Needs & Inclusion,Beginner,45,1,4.42
1384,Learning Disabilities - Beginner | Complete Course (Updated Edition),"Gain practical skills in Learning Disabilities with real-life case studies and beginner projects. Skills covered include team collaboration, critical thinking, system design. You will be prepared for technical interviews and real-world challenges.",Special Needs & Inclusion,Beginner,75,1,4.57
1385,Early Identification,"Build production-ready systems while learning professional development techniques. Skills covered include project implementation, critical thinking, problem solving. You will understand best practices followed by professional engineers.",Special Needs & Inclusion,Advanced,150,3,3.98
1386,Assistive Technology | Fundamentals,"Learn advanced workflows and techniques used by professionals working in Special Needs & Inclusion. Skills covered include best practices, problem solving, project implementation. You will understand best practices followed by professional engineers.",Special Needs & Inclusion,Intermediate,60,2,3.96
1387,Dyslexia Support | Essentials (Updated Edition),"Understand key principles and build confidence through guided exercises and quizzes. Skills covered include debugging, problem solving, data analysis. You will be prepared for technical interviews and real-world challenges.",Special Needs & Inclusion,Beginner,45,1,4.95
1388,Early Identification - Intermediate | Professional Certificate (Updated Edition),"Apply your existing knowledge to build complete projects from start to finish. Skills covered include data analysis, team collaboration, real-world deployment. You will develop portfolio-ready applications.",Special Needs & Inclusion,Intermediate,90,2,3.93
1389,Social Stories | Fundamentals (Latest Version),"Explore intermediate concepts in Social Stories while building portfolio-ready projects. Skills covered include software development, team collaboration, real-world deployment. You will develop portfolio-ready applications.",Special Needs & Inclusion,Intermediate,120,2,4.41
1390,Inclusive Assessment | Bootcamp (Latest Version),"Work with large-scale projects and advanced design strategies in Special Needs & Inclusion. Skills covered include problem solving, real-world deployment, team collaboration. You will be able to apply your knowledge to practical business scenarios.",Special Needs & Inclusion,Advanced,120,3,3.63
1391,Behavior Intervention - Beginner | Masterclass (2026 Edition),"Perfect for beginners who want to build a strong foundation in Special Needs & Inclusion. Skills covered include data analysis, real-world deployment, critical thinking. You will improve your technical and analytical thinking.",Special Needs & Inclusion,Beginner,45,1,4.85
1392,Autism Support - Beginner | Project-Based Learning,"Start your learning journey in Special Needs & Inclusion through hands-on projects and real-world examples. Skills covered include critical thinking, project implementation, team collaboration. You will develop portfolio-ready applications.",Special Needs & Inclusion,Beginner,75,1,4.88
1393,Visual Supports | Hands-on Training (Latest Version),"Improve your technical skills with hands-on labs, assignments, and real-world applications. Skills covered include debugging, best practices, team collaboration. You will develop portfolio-ready applications.",Special Needs & Inclusion,Intermediate,90,2,3.81
1394,Parent Support (2026 Edition),"Start your learning journey in Special Needs & Inclusion through hands-on projects and real-world examples. Skills covered include data analysis, project implementation, system design. You will gain hands-on experience using industry-standard tools.",Special Needs & Inclusion,Beginner,90,1,4.5
1395,Visual Supports - Beginner | Complete Course,"Start your learning journey in Special Needs & Inclusion through hands-on projects and real-world examples. Skills covered include problem solving, project implementation, critical thinking. You will build real projects throughout the course.",Special Needs & Inclusion,Beginner,45,1,4.57
1396,Special Education | Bootcamp (2026 Edition),"Apply your existing knowledge to build complete projects from start to finish. Skills covered include software development, system design, best practices. You will understand best practices followed by professional engineers.",Special Needs & Inclusion,Intermediate,120,2,4.19
1397,Autism Support - Intermediate | Project-Based Learning (Latest Version),"Practice real-world scenarios and improve your problem-solving skills in Special Needs & Inclusion. Skills covered include best practices, real-world deployment, data analysis. You will develop portfolio-ready applications.",Special Needs & Inclusion,Intermediate,150,2,4.37
1398,Inclusive Teaching - Intermediate | Professional Certificate (Latest Version),"Learn advanced workflows and techniques used by professionals working in Special Needs & Inclusion. Skills covered include real-world deployment, problem solving, data analysis. You will be able to apply your knowledge to practical business scenarios.",Special Needs & Inclusion,Intermediate,150,2,4.44
1399,Inclusive Assessment - Beginner | Project-Based Learning (Latest Version),"Start your learning journey in Special Needs & Inclusion through hands-on projects and real-world examples. Skills covered include best practices, critical thinking, real-world deployment. You will be able to apply your knowledge to practical business scenarios.",Special Needs & Inclusion,Beginner,30,1,4.25
1400,Inclusive Classrooms | Masterclass (2026 Edition),"Learn advanced workflows and techniques used by professionals working in Special Needs & Inclusion. Skills covered include problem solving, data analysis, software development. You will be able to apply your knowledge to practical business scenarios.",Special Needs & Inclusion,Intermediate,90,2,4.5
1401,Leadership Skills | Fundamentals (2026 Edition),"Practice real-world scenarios and improve your problem-solving skills in Social & Emotional Learning. Skills covered include real-world deployment, critical thinking, project implementation. You will improve your technical and analytical thinking.",Social & Emotional Learning,Intermediate,90,2,4.69
1402,Peer Relationships | Masterclass (2026 Edition),"Improve your technical skills with hands-on labs, assignments, and real-world applications. Skills covered include real-world deployment, team collaboration, system design. You will understand best practices followed by professional engineers.",Social & Emotional Learning,Intermediate,120,2,4.19
1403,Peer Relationships - Advanced | Professional Certificate (Latest Version),"Prepare for senior-level positions by mastering the latest technologies in Social & Emotional Learning. Skills covered include system design, software development, debugging. You will develop portfolio-ready applications.",Social & Emotional Learning,Advanced,210,3,4.06
1404,Self Confidence | Fundamentals (Updated Edition),"Prepare for senior-level positions by mastering the latest technologies in Social & Emotional Learning. Skills covered include real-world deployment, critical thinking, software development. You will confidently work on real software projects.",Social & Emotional Learning,Advanced,180,3,3.82
1405,Character Education - Advanced | Fundamentals (Latest Version),"Work with large-scale projects and advanced design strategies in Social & Emotional Learning. Skills covered include problem solving, data analysis, system design. You will confidently work on real software projects.",Social & Emotional Learning,Advanced,150,3,3.86
1406,Social Responsibility | Bootcamp (2026 Edition),"Work with large-scale projects and advanced design strategies in Social & Emotional Learning. Skills covered include real-world deployment, team collaboration, system design. You will be able to apply your knowledge to practical business scenarios.",Social & Emotional Learning,Advanced,180,3,3.98
1407,Leadership Skills | Bootcamp (2026 Edition),"Learn the fundamentals of Leadership Skills from scratch with practical examples and step-by-step explanations. Skills covered include team collaboration, system design, software development. You will build real projects throughout the course.",Social & Emotional Learning,Beginner,75,1,4.45
1408,Empathy Development | Essentials (Latest Version),"Gain practical skills in Empathy Development with real-life case studies and beginner projects. Skills covered include data analysis, system design, real-world deployment. You will understand best practices followed by professional engineers.",Social & Emotional Learning,Beginner,90,1,4.1
1409,Teamwork - Beginner | Essentials (Latest Version),"This beginner-friendly course introduces the essential concepts required to succeed in Social & Emotional Learning. Skills covered include system design, debugging, critical thinking. You will understand best practices followed by professional engineers.",Social & Emotional Learning,Beginner,30,1,4.56
1410,Conflict Resolution - Intermediate | Practical Workshop (2026 Edition),"Strengthen your knowledge of Conflict Resolution by solving practical industry-focused projects. Skills covered include software development, real-world deployment, data analysis. You will build real projects throughout the course.",Social & Emotional Learning,Intermediate,60,2,4.49
1411,Mindfulness - Beginner | Project-Based Learning (Updated Edition),"Learn the fundamentals of Mindfulness from scratch with practical examples and step-by-step explanations. Skills covered include real-world deployment, debugging, best practices. You will gain hands-on experience using industry-standard tools.",Social & Emotional Learning,Beginner,30,1,4.37
1412,Positive Communication - Intermediate | Project-Based Learning,"Develop scalable solutions using modern frameworks and professional development practices. Skills covered include problem solving, software development, team collaboration. You will gain hands-on experience using industry-standard tools.",Social & Emotional Learning,Intermediate,90,2,4.19
1413,Positive Communication | Project-Based Learning (Latest Version),"Perfect for beginners who want to build a strong foundation in Social & Emotional Learning. Skills covered include critical thinking, real-world deployment, debugging. You will be prepared for technical interviews and real-world challenges.",Social & Emotional Learning,Beginner,45,1,4.82
1414,Conflict Resolution - Beginner | Complete Course,"Learn the fundamentals of Conflict Resolution from scratch with practical examples and step-by-step explanations. Skills covered include best practices, software development, data analysis. You will confidently work on real software projects.",Social & Emotional Learning,Beginner,90,1,4.61
1415,Self Confidence - Beginner | Fundamentals (2026 Edition),"Develop your first practical projects while learning the core concepts of Self Confidence. Skills covered include system design, team collaboration, problem solving. You will be able to apply your knowledge to practical business scenarios.",Social & Emotional Learning,Beginner,60,1,4.26
1416,Growth Mindset - Intermediate | Professional Certificate,"Learn advanced workflows and techniques used by professionals working in Social & Emotional Learning. Skills covered include critical thinking, real-world deployment, project implementation. You will build real projects throughout the course.",Social & Emotional Learning,Intermediate,120,2,4.18
1417,Peer Relationships | Essentials (2026 Edition),"Learn advanced workflows and techniques used by professionals working in Social & Emotional Learning. Skills covered include software development, project implementation, debugging. You will be able to apply your knowledge to practical business scenarios.",Social & Emotional Learning,Intermediate,60,2,4.1
1418,Emotional Intelligence | Fundamentals (2026 Edition),"Understand advanced implementation techniques used in professional environments. Skills covered include critical thinking, problem solving, system design. You will understand best practices followed by professional engineers.",Social & Emotional Learning,Advanced,180,3,4.0
1419,Leadership Skills - Advanced | Fundamentals (Latest Version),"Work with large-scale projects and advanced design strategies in Social & Emotional Learning. Skills covered include project implementation, system design, debugging. You will understand best practices followed by professional engineers.",Social & Emotional Learning,Advanced,120,3,4.14
1420,Peer Relationships | Practical Workshop (Latest Version),"Master the basics of Peer Relationships using simple explanations and interactive exercises. Skills covered include problem solving, project implementation, critical thinking. You will be able to apply your knowledge to practical business scenarios.",Social & Emotional Learning,Beginner,45,1,4.77
1421,Emotional Intelligence | Project-Based Learning,"Master the basics of Emotional Intelligence using simple explanations and interactive exercises. Skills covered include team collaboration, best practices, project implementation. You will build real projects throughout the course.",Social & Emotional Learning,Beginner,30,1,4.4
1422,Teamwork - Intermediate (Latest Version),"Develop scalable solutions using modern frameworks and professional development practices. Skills covered include real-world deployment, problem solving, debugging. You will improve your technical and analytical thinking.",Social & Emotional Learning,Intermediate,150,2,4.41
1423,Leadership Skills | Professional Certificate,"Learn the fundamentals of Leadership Skills from scratch with practical examples and step-by-step explanations. Skills covered include system design, project implementation, problem solving. You will improve your technical and analytical thinking.",Social & Emotional Learning,Beginner,60,1,4.47
1424,Empathy Development | Fundamentals (Updated Edition),"Gain practical skills in Empathy Development with real-life case studies and beginner projects. Skills covered include data analysis, debugging, project implementation. You will gain hands-on experience using industry-standard tools.",Social & Emotional Learning,Beginner,75,1,5.0
1425,Respect and Kindness | Practical Workshop (Updated Edition),"Explore intermediate concepts in Respect and Kindness while building portfolio-ready projects. Skills covered include best practices, critical thinking, software development. You will develop portfolio-ready applications.",Social & Emotional Learning,Intermediate,150,2,4.63
1426,Growth Mindset - Intermediate | Bootcamp,"Expand your experience in Social & Emotional Learning using modern tools and best practices. Skills covered include problem solving, system design, real-world deployment. You will be prepared for technical interviews and real-world challenges.",Social & Emotional Learning,Intermediate,60,2,3.8
1427,Peer Relationships | Project-Based Learning (Latest Version),"Learn the fundamentals of Peer Relationships from scratch with practical examples and step-by-step explanations. Skills covered include team collaboration, problem solving, critical thinking. You will understand best practices followed by professional engineers.",Social & Emotional Learning,Beginner,30,1,4.24
1428,Growth Mindset - Beginner | Fundamentals,"Learn the fundamentals of Growth Mindset from scratch with practical examples and step-by-step explanations. Skills covered include best practices, critical thinking, system design. You will build real projects throughout the course.",Social & Emotional Learning,Beginner,60,1,4.52
1429,Self Awareness | Masterclass,"Explore intermediate concepts in Self Awareness while building portfolio-ready projects. Skills covered include data analysis, team collaboration, project implementation. You will confidently work on real software projects.",Social & Emotional Learning,Intermediate,90,2,3.98
1430,Responsible Decisions - Beginner | Hands-on Training (2026 Edition),"Learn the fundamentals of Responsible Decisions from scratch with practical examples and step-by-step explanations. Skills covered include problem solving, debugging, software development. You will understand best practices followed by professional engineers.",Social & Emotional Learning,Beginner,45,1,5.0
1431,Peer Relationships | Practical Workshop (Latest Version),"Explore optimization, scalability, and best engineering practices in Peer Relationships. Skills covered include critical thinking, team collaboration, problem solving. You will understand best practices followed by professional engineers.",Social & Emotional Learning,Advanced,210,3,3.86
1432,Positive Communication - Advanced | Masterclass (Latest Version),"Develop enterprise-grade applications using industry standards and modern architectures. Skills covered include debugging, real-world deployment, team collaboration. You will be able to apply your knowledge to practical business scenarios.",Social & Emotional Learning,Advanced,210,3,3.93
1433,Mindfulness - Beginner | Bootcamp (2026 Edition),"This beginner-friendly course introduces the essential concepts required to succeed in Social & Emotional Learning. Skills covered include debugging, real-world deployment, team collaboration. You will gain hands-on experience using industry-standard tools.",Social & Emotional Learning,Beginner,75,1,4.59
1434,Responsible Decisions - Advanced | Fundamentals,"Master advanced concepts in Responsible Decisions through real-world enterprise applications. Skills covered include best practices, real-world deployment, team collaboration. You will gain hands-on experience using industry-standard tools.",Social & Emotional Learning,Advanced,120,3,4.11
1435,Stress Management - Beginner | Professional Certificate (2026 Edition),"This beginner-friendly course introduces the essential concepts required to succeed in Social & Emotional Learning. Skills covered include real-world deployment, problem solving, data analysis. You will improve your technical and analytical thinking.",Social & Emotional Learning,Beginner,90,1,4.52
1436,Mindfulness | Complete Course,"Learn the fundamentals of Mindfulness from scratch with practical examples and step-by-step explanations. Skills covered include real-world deployment, project implementation, best practices. You will be prepared for technical interviews and real-world challenges.",Social & Emotional Learning,Beginner,90,1,4.01
1437,Character Education - Intermediate | Project-Based Learning (2026 Edition),"Expand your experience in Social & Emotional Learning using modern tools and best practices. Skills covered include debugging, real-world deployment, project implementation. You will gain hands-on experience using industry-standard tools.",Social & Emotional Learning,Intermediate,90,2,4.04
1438,Self Awareness - Advanced | Bootcamp (2026 Edition),"Develop enterprise-grade applications using industry standards and modern architectures. Skills covered include problem solving, best practices, team collaboration. You will develop portfolio-ready applications.",Social & Emotional Learning,Advanced,210,3,4.16
1439,Self Confidence | Complete Course (Updated Edition),"This beginner-friendly course introduces the essential concepts required to succeed in Social & Emotional Learning. Skills covered include real-world deployment, critical thinking, best practices. You will build real projects throughout the course.",Social & Emotional Learning,Beginner,45,1,4.59
1440,Mindfulness | Professional Certificate (2026 Edition),"Strengthen your knowledge of Mindfulness by solving practical industry-focused projects. Skills covered include system design, best practices, problem solving. You will confidently work on real software projects.",Social & Emotional Learning,Intermediate,90,2,4.67
1441,Peer Relationships | Bootcamp,"Master advanced concepts in Peer Relationships through real-world enterprise applications. Skills covered include project implementation, critical thinking, team collaboration. You will improve your technical and analytical thinking.",Social & Emotional Learning,Advanced,120,3,4.3
1442,Respect and Kindness - Intermediate | Fundamentals (Latest Version),"Expand your experience in Social & Emotional Learning using modern tools and best practices. Skills covered include best practices, problem solving, project implementation. You will build real projects throughout the course.",Social & Emotional Learning,Intermediate,60,2,3.99
1443,Mindfulness | Hands-on Training (Updated Edition),"Prepare for senior-level positions by mastering the latest technologies in Social & Emotional Learning. Skills covered include data analysis, team collaboration, system design. You will confidently work on real software projects.",Social & Emotional Learning,Advanced,240,3,4.37
1444,Social Responsibility - Beginner (2026 Edition),"This beginner-friendly course introduces the essential concepts required to succeed in Social & Emotional Learning. Skills covered include team collaboration, problem solving, debugging. You will confidently work on real software projects.",Social & Emotional Learning,Beginner,30,1,4.82
1445,Friendship Skills - Intermediate | Bootcamp (2026 Edition),"Develop scalable solutions using modern frameworks and professional development practices. Skills covered include critical thinking, real-world deployment, software development. You will confidently work on real software projects.",Social & Emotional Learning,Intermediate,150,2,4.11
1446,Positive Behavior - Beginner | Complete Course (Latest Version),"Understand key principles and build confidence through guided exercises and quizzes. Skills covered include real-world deployment, best practices, problem solving. You will develop portfolio-ready applications.",Social & Emotional Learning,Beginner,75,1,4.42
1447,Empathy Development | Masterclass,"Practice real-world scenarios and improve your problem-solving skills in Social & Emotional Learning. Skills covered include debugging, problem solving, best practices. You will improve your technical and analytical thinking.",Social & Emotional Learning,Intermediate,60,2,4.37
1448,Teamwork | Essentials (2026 Edition),"Practice real-world scenarios and improve your problem-solving skills in Social & Emotional Learning. Skills covered include critical thinking, best practices, debugging. You will be able to apply your knowledge to practical business scenarios.",Social & Emotional Learning,Intermediate,150,2,4.05
1449,Responsible Decisions | Fundamentals (Latest Version),"Explore intermediate concepts in Responsible Decisions while building portfolio-ready projects. Skills covered include real-world deployment, debugging, problem solving. You will develop portfolio-ready applications.",Social & Emotional Learning,Intermediate,150,2,4.16
1450,Growth Mindset | Complete Course,"Learn advanced workflows and techniques used by professionals working in Social & Emotional Learning. Skills covered include team collaboration, data analysis, critical thinking. You will be prepared for technical interviews and real-world challenges.",Social & Emotional Learning,Intermediate,60,2,4.43
1451,Leadership Skills | Practical Workshop (2026 Edition),"Master the basics of Leadership Skills using simple explanations and interactive exercises. Skills covered include project implementation, team collaboration, debugging. You will improve your technical and analytical thinking.",Social & Emotional Learning,Beginner,60,1,4.38
1452,Character Education | Hands-on Training (2026 Edition),"Gain practical skills in Character Education with real-life case studies and beginner projects. Skills covered include software development, team collaboration, best practices. You will gain hands-on experience using industry-standard tools.",Social & Emotional Learning,Beginner,75,1,4.47
1453,Self Awareness | Bootcamp,"Master the basics of Self Awareness using simple explanations and interactive exercises. Skills covered include data analysis, software development, system design. You will be prepared for technical interviews and real-world challenges.",Social & Emotional Learning,Beginner,30,1,4.6
1454,Conflict Resolution - Beginner | Project-Based Learning (Latest Version),"Start your learning journey in Social & Emotional Learning through hands-on projects and real-world examples. Skills covered include system design, problem solving, project implementation. You will understand best practices followed by professional engineers.",Social & Emotional Learning,Beginner,60,1,4.96
1455,Peer Relationships - Intermediate | Hands-on Training (Updated Edition),"Explore intermediate concepts in Peer Relationships while building portfolio-ready projects. Skills covered include best practices, software development, project implementation. You will gain hands-on experience using industry-standard tools.",Social & Emotional Learning,Intermediate,90,2,3.9
1456,Character Education - Beginner | Practical Workshop,"This beginner-friendly course introduces the essential concepts required to succeed in Social & Emotional Learning. Skills covered include problem solving, debugging, team collaboration. You will gain hands-on experience using industry-standard tools.",Social & Emotional Learning,Beginner,60,1,4.98
1457,Resilience - Advanced | Project-Based Learning,"Master advanced concepts in Resilience through real-world enterprise applications. Skills covered include team collaboration, real-world deployment, problem solving. You will be prepared for technical interviews and real-world challenges.",Social & Emotional Learning,Advanced,180,3,3.83
1458,Growth Mindset | Complete Course,"Prepare for senior-level positions by mastering the latest technologies in Social & Emotional Learning. Skills covered include project implementation, debugging, critical thinking. You will improve your technical and analytical thinking.",Social & Emotional Learning,Advanced,120,3,3.92
1459,Friendship Skills | Hands-on Training (Latest Version),"Improve your technical skills with hands-on labs, assignments, and real-world applications. Skills covered include real-world deployment, debugging, best practices. You will develop portfolio-ready applications.",Social & Emotional Learning,Intermediate,150,2,4.07
1460,Social Responsibility | Professional Certificate,"This beginner-friendly course introduces the essential concepts required to succeed in Social & Emotional Learning. Skills covered include data analysis, problem solving, critical thinking. You will gain hands-on experience using industry-standard tools.",Social & Emotional Learning,Beginner,60,1,4.29
1461,Character Education - Beginner | Fundamentals (2026 Edition),"Understand key principles and build confidence through guided exercises and quizzes. Skills covered include problem solving, data analysis, critical thinking. You will gain hands-on experience using industry-standard tools.",Social & Emotional Learning,Beginner,75,1,4.69
1462,Resilience (2026 Edition),"Understand key principles and build confidence through guided exercises and quizzes. Skills covered include data analysis, system design, debugging. You will be able to apply your knowledge to practical business scenarios.",Social & Emotional Learning,Beginner,45,1,4.49
1463,Conflict Resolution | Professional Certificate (Updated Edition),"Strengthen your knowledge of Conflict Resolution by solving practical industry-focused projects. Skills covered include real-world deployment, project implementation, software development. You will develop portfolio-ready applications.",Social & Emotional Learning,Intermediate,60,2,4.28
1464,Social Responsibility - Advanced | Professional Certificate (2026 Edition),"Understand advanced implementation techniques used in professional environments. Skills covered include debugging, project implementation, real-world deployment. You will be prepared for technical interviews and real-world challenges.",Social & Emotional Learning,Advanced,180,3,4.12
1465,Resilience | Practical Workshop (Latest Version),"Explore intermediate concepts in Resilience while building portfolio-ready projects. Skills covered include data analysis, debugging, real-world deployment. You will confidently work on real software projects.",Social & Emotional Learning,Intermediate,90,2,4.74
1466,Growth Mindset (Latest Version),"Master the basics of Growth Mindset using simple explanations and interactive exercises. Skills covered include system design, team collaboration, problem solving. You will be prepared for technical interviews and real-world challenges.",Social & Emotional Learning,Beginner,60,1,4.54
1467,Leadership Skills | Practical Workshop (Updated Edition),"Start your learning journey in Social & Emotional Learning through hands-on projects and real-world examples. Skills covered include debugging, data analysis, project implementation. You will build real projects throughout the course.",Social & Emotional Learning,Beginner,75,1,4.6
1468,Conflict Resolution - Beginner | Practical Workshop (Updated Edition),"Learn the fundamentals of Conflict Resolution from scratch with practical examples and step-by-step explanations. Skills covered include debugging, software development, team collaboration. You will gain hands-on experience using industry-standard tools.",Social & Emotional Learning,Beginner,30,1,4.02
1469,Teamwork | Complete Course (Latest Version),"Understand key principles and build confidence through guided exercises and quizzes. Skills covered include software development, data analysis, critical thinking. You will be prepared for technical interviews and real-world challenges.",Social & Emotional Learning,Beginner,75,1,4.4
1470,Emotional Intelligence - Beginner | Complete Course (Updated Edition),"Develop your first practical projects while learning the core concepts of Emotional Intelligence. Skills covered include team collaboration, project implementation, debugging. You will build real projects throughout the course.",Social & Emotional Learning,Beginner,30,1,4.23
1471,Emotional Intelligence - Advanced | Essentials,"Prepare for senior-level positions by mastering the latest technologies in Social & Emotional Learning. Skills covered include best practices, team collaboration, software development. You will improve your technical and analytical thinking.",Social & Emotional Learning,Advanced,210,3,3.5
1472,Mindfulness | Fundamentals (Updated Edition),"This beginner-friendly course introduces the essential concepts required to succeed in Social & Emotional Learning. Skills covered include best practices, software development, debugging. You will develop portfolio-ready applications.",Social & Emotional Learning,Beginner,30,1,4.12
1473,Teamwork - Intermediate | Hands-on Training,"Explore intermediate concepts in Teamwork while building portfolio-ready projects. Skills covered include system design, best practices, data analysis. You will improve your technical and analytical thinking.",Social & Emotional Learning,Intermediate,60,2,4.37
1474,Self Awareness - Beginner | Fundamentals (Latest Version),"Develop your first practical projects while learning the core concepts of Self Awareness. Skills covered include software development, data analysis, project implementation. You will be able to apply your knowledge to practical business scenarios.",Social & Emotional Learning,Beginner,75,1,4.46
1475,Responsible Decisions | Essentials (2026 Edition),"This beginner-friendly course introduces the essential concepts required to succeed in Social & Emotional Learning. Skills covered include problem solving, real-world deployment, debugging. You will develop portfolio-ready applications.",Social & Emotional Learning,Beginner,60,1,4.23
1476,Responsible Decisions | Professional Certificate (Latest Version),"Improve your technical skills with hands-on labs, assignments, and real-world applications. Skills covered include critical thinking, real-world deployment, software development. You will improve your technical and analytical thinking.",Social & Emotional Learning,Intermediate,90,2,4.62
1477,Leadership Skills | Project-Based Learning (Updated Edition),"Prepare for senior-level positions by mastering the latest technologies in Social & Emotional Learning. Skills covered include best practices, debugging, system design. You will improve your technical and analytical thinking.",Social & Emotional Learning,Advanced,240,3,4.03
1478,Responsible Decisions - Intermediate | Complete Course (Latest Version),"Improve your technical skills with hands-on labs, assignments, and real-world applications. Skills covered include team collaboration, real-world deployment, debugging. You will be able to apply your knowledge to practical business scenarios.",Social & Emotional Learning,Intermediate,60,2,3.59
1479,Mindfulness - Advanced | Practical Workshop,"Explore optimization, scalability, and best engineering practices in Mindfulness. Skills covered include problem solving, project implementation, data analysis. You will improve your technical and analytical thinking.",Social & Emotional Learning,Advanced,120,3,3.91
1480,Empathy Development - Beginner | Masterclass (Updated Edition),"Master the basics of Empathy Development using simple explanations and interactive exercises. Skills covered include data analysis, system design, project implementation. You will build real projects throughout the course.",Social & Emotional Learning,Beginner,60,1,4.35
1481,Empathy Development | Bootcamp,"Build production-ready systems while learning professional development techniques. Skills covered include debugging, data analysis, software development. You will develop portfolio-ready applications.",Social & Emotional Learning,Advanced,210,3,3.9
1482,Stress Management | Practical Workshop (Updated Edition),"Learn the fundamentals of Stress Management from scratch with practical examples and step-by-step explanations. Skills covered include team collaboration, system design, data analysis. You will gain hands-on experience using industry-standard tools.",Social & Emotional Learning,Beginner,75,1,4.53
1483,Resilience - Intermediate | Masterclass (Latest Version),"Practice real-world scenarios and improve your problem-solving skills in Social & Emotional Learning. Skills covered include system design, critical thinking, software development. You will confidently work on real software projects.",Social & Emotional Learning,Intermediate,60,2,4.07
1484,Social Responsibility | Professional Certificate (Latest Version),"Strengthen your knowledge of Social Responsibility by solving practical industry-focused projects. Skills covered include project implementation, data analysis, best practices. You will be able to apply your knowledge to practical business scenarios.",Social & Emotional Learning,Intermediate,90,2,4.02
1485,Resilience | Project-Based Learning (2026 Edition),"Understand key principles and build confidence through guided exercises and quizzes. Skills covered include project implementation, software development, real-world deployment. You will be able to apply your knowledge to practical business scenarios.",Social & Emotional Learning,Beginner,75,1,4.55
1486,Positive Communication - Advanced | Masterclass (Latest Version),"Explore optimization, scalability, and best engineering practices in Positive Communication. Skills covered include system design, critical thinking, software development. You will gain hands-on experience using industry-standard tools.",Social & Emotional Learning,Advanced,240,3,4.55
1487,Peer Relationships - Intermediate | Hands-on Training (2026 Edition),"Strengthen your knowledge of Peer Relationships by solving practical industry-focused projects. Skills covered include real-world deployment, team collaboration, system design. You will be able to apply your knowledge to practical business scenarios.",Social & Emotional Learning,Intermediate,90,2,4.0
1488,Leadership Skills - Beginner | Bootcamp,"Start your learning journey in Social & Emotional Learning through hands-on projects and real-world examples. Skills covered include problem solving, real-world deployment, critical thinking. You will be prepared for technical interviews and real-world challenges.",Social & Emotional Learning,Beginner,45,1,4.47
1489,Growth Mindset - Intermediate | Bootcamp,"Expand your experience in Social & Emotional Learning using modern tools and best practices. Skills covered include project implementation, system design, data analysis. You will be prepared for technical interviews and real-world challenges.",Social & Emotional Learning,Intermediate,150,2,4.27
1490,Mindfulness | Masterclass (Updated Edition),"Perfect for beginners who want to build a strong foundation in Social & Emotional Learning. Skills covered include real-world deployment, team collaboration, problem solving. You will confidently work on real software projects.",Social & Emotional Learning,Beginner,45,1,4.38
1491,Stress Management - Intermediate | Essentials (2026 Edition),"Practice real-world scenarios and improve your problem-solving skills in Social & Emotional Learning. Skills covered include critical thinking, problem solving, team collaboration. You will improve your technical and analytical thinking.",Social & Emotional Learning,Intermediate,120,2,4.12
1492,Emotional Intelligence - Intermediate | Hands-on Training (2026 Edition),"Explore intermediate concepts in Emotional Intelligence while building portfolio-ready projects. Skills covered include data analysis, debugging, best practices. You will gain hands-on experience using industry-standard tools.",Social & Emotional Learning,Intermediate,120,2,4.77
1493,Friendship Skills (Latest Version),"Learn the fundamentals of Friendship Skills from scratch with practical examples and step-by-step explanations. Skills covered include debugging, data analysis, project implementation. You will gain hands-on experience using industry-standard tools.",Social & Emotional Learning,Beginner,75,1,4.4
1494,Mindfulness - Intermediate | Masterclass (Updated Edition),"Practice real-world scenarios and improve your problem-solving skills in Social & Emotional Learning. Skills covered include critical thinking, debugging, project implementation. You will confidently work on real software projects.",Social & Emotional Learning,Intermediate,150,2,4.35
1495,Empathy Development - Intermediate (Updated Edition),"Learn advanced workflows and techniques used by professionals working in Social & Emotional Learning. Skills covered include debugging, team collaboration, real-world deployment. You will be able to apply your knowledge to practical business scenarios.",Social & Emotional Learning,Intermediate,150,2,4.15
1496,Goal Setting (2026 Edition),"Apply your existing knowledge to build complete projects from start to finish. Skills covered include team collaboration, best practices, critical thinking. You will understand best practices followed by professional engineers.",Social & Emotional Learning,Intermediate,60,2,4.38
1497,Emotional Intelligence - Beginner | Fundamentals (Latest Version),"Gain practical skills in Emotional Intelligence with real-life case studies and beginner projects. Skills covered include debugging, problem solving, system design. You will be able to apply your knowledge to practical business scenarios.",Social & Emotional Learning,Beginner,60,1,4.4
1498,Emotional Intelligence | Complete Course (Latest Version),"Work with large-scale projects and advanced design strategies in Social & Emotional Learning. Skills covered include debugging, problem solving, project implementation. You will gain hands-on experience using industry-standard tools.",Social & Emotional Learning,Advanced,210,3,4.13
1499,Peer Relationships - Advanced | Fundamentals (Updated Edition),"Gain expert-level knowledge through challenging case studies and complex projects. Skills covered include critical thinking, best practices, team collaboration. You will confidently work on real software projects.",Social & Emotional Learning,Advanced,120,3,4.15
1500,Responsible Decisions | Complete Course (Latest Version),"Learn advanced workflows and techniques used by professionals working in Social & Emotional Learning. Skills covered include critical thinking, real-world deployment, software development. You will develop portfolio-ready applications.",Social & Emotional Learning,Intermediate,150,2,4.07
1501,Mindfulness - Intermediate | Fundamentals (Latest Version),"Apply your existing knowledge to build complete projects from start to finish. Skills covered include data analysis, team collaboration, critical thinking. You will confidently work on real software projects.",Social & Emotional Learning,Intermediate,150,2,4.28
1502,Empathy Development | Professional Certificate (Updated Edition),"Build production-ready systems while learning professional development techniques. Skills covered include team collaboration, data analysis, project implementation. You will understand best practices followed by professional engineers.",Social & Emotional Learning,Advanced,150,3,4.25
1503,Resilience (Updated Edition),"Work with large-scale projects and advanced design strategies in Social & Emotional Learning. Skills covered include software development, data analysis, best practices. You will build real projects throughout the course.",Social & Emotional Learning,Advanced,240,3,4.44
1504,Positive Behavior,"Develop your first practical projects while learning the core concepts of Positive Behavior. Skills covered include debugging, project implementation, problem solving. You will confidently work on real software projects.",Social & Emotional Learning,Beginner,45,1,4.84
1505,Teamwork | Complete Course (Updated Edition),"Develop your first practical projects while learning the core concepts of Teamwork. Skills covered include project implementation, problem solving, team collaboration. You will gain hands-on experience using industry-standard tools.",Social & Emotional Learning,Beginner,45,1,3.94
1506,Resilience - Intermediate | Essentials (2026 Edition),"Apply your existing knowledge to build complete projects from start to finish. Skills covered include system design, critical thinking, software development. You will be prepared for technical interviews and real-world challenges.",Social & Emotional Learning,Intermediate,120,2,4.29
1507,Mindfulness - Beginner | Essentials (Updated Edition),"Learn the fundamentals of Mindfulness from scratch with practical examples and step-by-step explanations. Skills covered include critical thinking, real-world deployment, data analysis. You will build real projects throughout the course.",Social & Emotional Learning,Beginner,75,1,4.9
1508,Character Education - Beginner | Project-Based Learning,"Start your learning journey in Social & Emotional Learning through hands-on projects and real-world examples. Skills covered include debugging, critical thinking, problem solving. You will understand best practices followed by professional engineers.",Social & Emotional Learning,Beginner,60,1,4.68
1509,Self Confidence - Advanced | Project-Based Learning,"Understand advanced implementation techniques used in professional environments. Skills covered include real-world deployment, data analysis, problem solving. You will build real projects throughout the course.",Social & Emotional Learning,Advanced,150,3,4.37
1510,Resilience | Bootcamp (Updated Edition),"Master the basics of Resilience using simple explanations and interactive exercises. Skills covered include software development, team collaboration, best practices. You will be prepared for technical interviews and real-world challenges.",Social & Emotional Learning,Beginner,60,1,4.58
1511,Positive Behavior | Masterclass (Latest Version),"Apply your existing knowledge to build complete projects from start to finish. Skills covered include critical thinking, debugging, real-world deployment. You will be able to apply your knowledge to practical business scenarios.",Social & Emotional Learning,Intermediate,90,2,4.13
1512,Resilience - Beginner | Professional Certificate,"Learn the fundamentals of Resilience from scratch with practical examples and step-by-step explanations. Skills covered include project implementation, data analysis, problem solving. You will be able to apply your knowledge to practical business scenarios.",Social & Emotional Learning,Beginner,30,1,4.39
1513,Respect and Kindness - Advanced | Fundamentals (Latest Version),"Explore optimization, scalability, and best engineering practices in Respect and Kindness. Skills covered include data analysis, best practices, project implementation. You will improve your technical and analytical thinking.",Social & Emotional Learning,Advanced,150,3,4.58
1514,Friendship Skills - Advanced | Complete Course (Latest Version),"Develop enterprise-grade applications using industry standards and modern architectures. Skills covered include team collaboration, debugging, problem solving. You will be prepared for technical interviews and real-world challenges.",Social & Emotional Learning,Advanced,210,3,4.32
1515,Growth Mindset | Essentials (2026 Edition),"This beginner-friendly course introduces the essential concepts required to succeed in Social & Emotional Learning. Skills covered include software development, data analysis, system design. You will be prepared for technical interviews and real-world challenges.",Social & Emotional Learning,Beginner,60,1,4.77
1516,Responsible Decisions | Complete Course,"Strengthen your knowledge of Responsible Decisions by solving practical industry-focused projects. Skills covered include best practices, real-world deployment, project implementation. You will build real projects throughout the course.",Social & Emotional Learning,Intermediate,120,2,4.18
1517,Goal Setting | Fundamentals (Updated Edition),"Master the basics of Goal Setting using simple explanations and interactive exercises. Skills covered include real-world deployment, software development, problem solving. You will build real projects throughout the course.",Social & Emotional Learning,Beginner,30,1,4.33
1518,Peer Relationships - Advanced | Practical Workshop,"Develop enterprise-grade applications using industry standards and modern architectures. Skills covered include problem solving, critical thinking, system design. You will gain hands-on experience using industry-standard tools.",Social & Emotional Learning,Advanced,210,3,4.29
1519,Mindfulness - Advanced | Project-Based Learning (Latest Version),"Gain expert-level knowledge through challenging case studies and complex projects. Skills covered include project implementation, best practices, debugging. You will build real projects throughout the course.",Social & Emotional Learning,Advanced,240,3,4.15
1520,Teamwork (Latest Version),"Develop your first practical projects while learning the core concepts of Teamwork. Skills covered include project implementation, critical thinking, software development. You will build real projects throughout the course.",Social & Emotional Learning,Beginner,45,1,4.5
1521,Mindfulness | Complete Course (Latest Version),"Learn advanced workflows and techniques used by professionals working in Social & Emotional Learning. Skills covered include debugging, problem solving, critical thinking. You will understand best practices followed by professional engineers.",Social & Emotional Learning,Intermediate,120,2,4.36
1522,Conflict Resolution | Complete Course (Updated Edition),"Develop your first practical projects while learning the core concepts of Conflict Resolution. Skills covered include problem solving, best practices, project implementation. You will build real projects throughout the course.",Social & Emotional Learning,Beginner,75,1,4.44
1523,Resilience - Beginner | Project-Based Learning (2026 Edition),"Develop your first practical projects while learning the core concepts of Resilience. Skills covered include real-world deployment, data analysis, problem solving. You will improve your technical and analytical thinking.",Social & Emotional Learning,Beginner,75,1,4.43
1524,Mindfulness - Beginner | Hands-on Training (Updated Edition),"Learn the fundamentals of Mindfulness from scratch with practical examples and step-by-step explanations. Skills covered include system design, critical thinking, problem solving. You will develop portfolio-ready applications.",Social & Emotional Learning,Beginner,60,1,4.46
1525,Respect and Kindness (2026 Edition),"This beginner-friendly course introduces the essential concepts required to succeed in Social & Emotional Learning. Skills covered include critical thinking, real-world deployment, project implementation. You will gain hands-on experience using industry-standard tools.",Social & Emotional Learning,Beginner,30,1,4.11
1526,Self Confidence | Practical Workshop (2026 Edition),"Explore optimization, scalability, and best engineering practices in Self Confidence. Skills covered include data analysis, real-world deployment, software development. You will build real projects throughout the course.",Social & Emotional Learning,Advanced,180,3,4.08
1527,Respect and Kindness,"Learn the fundamentals of Respect and Kindness from scratch with practical examples and step-by-step explanations. Skills covered include debugging, real-world deployment, problem solving. You will gain hands-on experience using industry-standard tools.",Social & Emotional Learning,Beginner,75,1,4.2
1528,Peer Relationships | Project-Based Learning (Latest Version),"Master the basics of Peer Relationships using simple explanations and interactive exercises. Skills covered include best practices, team collaboration, project implementation. You will be able to apply your knowledge to practical business scenarios.",Social & Emotional Learning,Beginner,30,1,4.36
1529,Positive Communication | Fundamentals (Updated Edition),"Develop scalable solutions using modern frameworks and professional development practices. Skills covered include best practices, real-world deployment, debugging. You will be able to apply your knowledge to practical business scenarios.",Social & Emotional Learning,Intermediate,120,2,4.33
1530,Friendship Skills | Masterclass (2026 Edition),"Perfect for beginners who want to build a strong foundation in Social & Emotional Learning. Skills covered include best practices, system design, debugging. You will understand best practices followed by professional engineers.",Social & Emotional Learning,Beginner,30,1,4.46
1531,Stress Management | Hands-on Training (2026 Edition),"Learn the fundamentals of Stress Management from scratch with practical examples and step-by-step explanations. Skills covered include software development, real-world deployment, system design. You will improve your technical and analytical thinking.",Social & Emotional Learning,Beginner,30,1,4.31
1532,Responsible Decisions - Beginner | Bootcamp,"Learn the fundamentals of Responsible Decisions from scratch with practical examples and step-by-step explanations. Skills covered include debugging, problem solving, data analysis. You will improve your technical and analytical thinking.",Social & Emotional Learning,Beginner,30,1,4.55
1533,Emotional Intelligence | Essentials (Latest Version),"Expand your experience in Social & Emotional Learning using modern tools and best practices. Skills covered include critical thinking, debugging, team collaboration. You will confidently work on real software projects.",Social & Emotional Learning,Intermediate,90,2,4.82
1534,Self Confidence | Fundamentals,"Prepare for senior-level positions by mastering the latest technologies in Social & Emotional Learning. Skills covered include data analysis, team collaboration, best practices. You will understand best practices followed by professional engineers.",Social & Emotional Learning,Advanced,180,3,4.15
1535,Positive Behavior | Bootcamp (2026 Edition),"Explore optimization, scalability, and best engineering practices in Positive Behavior. Skills covered include debugging, software development, problem solving. You will be able to apply your knowledge to practical business scenarios.",Social & Emotional Learning,Advanced,180,3,4.14
1536,Growth Mindset - Beginner | Essentials (2026 Edition),"Gain practical skills in Growth Mindset with real-life case studies and beginner projects. Skills covered include best practices, problem solving, software development. You will build real projects throughout the course.",Social & Emotional Learning,Beginner,60,1,4.57
1537,Growth Mindset - Beginner | Practical Workshop (2026 Edition),"Start your learning journey in Social & Emotional Learning through hands-on projects and real-world examples. Skills covered include critical thinking, software development, real-world deployment. You will understand best practices followed by professional engineers.",Social & Emotional Learning,Beginner,90,1,4.66
1538,Social Responsibility - Advanced | Essentials (Latest Version),"Build production-ready systems while learning professional development techniques. Skills covered include debugging, critical thinking, team collaboration. You will be prepared for technical interviews and real-world challenges.",Social & Emotional Learning,Advanced,180,3,4.11
1539,Positive Communication | Practical Workshop,"Expand your experience in Social & Emotional Learning using modern tools and best practices. Skills covered include debugging, team collaboration, problem solving. You will build real projects throughout the course.",Social & Emotional Learning,Intermediate,150,2,4.2
1540,Friendship Skills - Advanced | Project-Based Learning (2026 Edition),"Understand advanced implementation techniques used in professional environments. Skills covered include real-world deployment, software development, best practices. You will be able to apply your knowledge to practical business scenarios.",Social & Emotional Learning,Advanced,240,3,3.84
1541,Social Responsibility - Beginner | Professional Certificate,"Gain practical skills in Social Responsibility with real-life case studies and beginner projects. Skills covered include software development, problem solving, team collaboration. You will be able to apply your knowledge to practical business scenarios.",Social & Emotional Learning,Beginner,90,1,4.76
1542,Peer Relationships - Beginner | Professional Certificate (2026 Edition),"Start your learning journey in Social & Emotional Learning through hands-on projects and real-world examples. Skills covered include problem solving, project implementation, critical thinking. You will develop portfolio-ready applications.",Social & Emotional Learning,Beginner,45,1,4.81
1543,Stress Management - Intermediate | Professional Certificate (2026 Edition),"Practice real-world scenarios and improve your problem-solving skills in Social & Emotional Learning. Skills covered include real-world deployment, system design, problem solving. You will be able to apply your knowledge to practical business scenarios.",Social & Emotional Learning,Intermediate,60,2,4.92
1544,Emotional Intelligence | Masterclass,"Master the basics of Emotional Intelligence using simple explanations and interactive exercises. Skills covered include software development, real-world deployment, best practices. You will confidently work on real software projects.",Social & Emotional Learning,Beginner,45,1,4.77
1545,Respect and Kindness - Advanced | Complete Course,"Work with large-scale projects and advanced design strategies in Social & Emotional Learning. Skills covered include team collaboration, critical thinking, debugging. You will understand best practices followed by professional engineers.",Social & Emotional Learning,Advanced,180,3,4.09
1546,Empathy Development - Intermediate | Hands-on Training (2026 Edition),"Practice real-world scenarios and improve your problem-solving skills in Social & Emotional Learning. Skills covered include real-world deployment, system design, best practices. You will confidently work on real software projects.",Social & Emotional Learning,Intermediate,60,2,4.23
1547,Growth Mindset - Beginner | Fundamentals,"Start your learning journey in Social & Emotional Learning through hands-on projects and real-world examples. Skills covered include real-world deployment, critical thinking, debugging. You will gain hands-on experience using industry-standard tools.",Social & Emotional Learning,Beginner,45,1,4.54
1548,Resilience - Beginner | Fundamentals,"Master the basics of Resilience using simple explanations and interactive exercises. Skills covered include critical thinking, problem solving, project implementation. You will improve your technical and analytical thinking.",Social & Emotional Learning,Beginner,90,1,4.12
1549,Peer Relationships | Bootcamp (Latest Version),"Explore optimization, scalability, and best engineering practices in Peer Relationships. Skills covered include critical thinking, debugging, best practices. You will build real projects throughout the course.",Social & Emotional Learning,Advanced,150,3,4.16
1550,Social Responsibility | Hands-on Training (Updated Edition),"Gain practical skills in Social Responsibility with real-life case studies and beginner projects. Skills covered include problem solving, debugging, system design. You will be prepared for technical interviews and real-world challenges.",Social & Emotional Learning,Beginner,75,1,4.58
1551,Leadership Skills | Essentials (Latest Version),"This beginner-friendly course introduces the essential concepts required to succeed in Social & Emotional Learning. Skills covered include project implementation, problem solving, best practices. You will be prepared for technical interviews and real-world challenges.",Social & Emotional Learning,Beginner,60,1,4.81
1552,Goal Setting - Advanced | Professional Certificate (2026 Edition),"Understand advanced implementation techniques used in professional environments. Skills covered include data analysis, problem solving, project implementation. You will be prepared for technical interviews and real-world challenges.",Social & Emotional Learning,Advanced,240,3,4.22
1553,Teamwork | Complete Course (2026 Edition),"Expand your experience in Social & Emotional Learning using modern tools and best practices. Skills covered include project implementation, software development, real-world deployment. You will improve your technical and analytical thinking.",Social & Emotional Learning,Intermediate,90,2,3.87
1554,Self Awareness | Practical Workshop (Updated Edition),"Expand your experience in Social & Emotional Learning using modern tools and best practices. Skills covered include team collaboration, real-world deployment, problem solving. You will confidently work on real software projects.",Social & Emotional Learning,Intermediate,90,2,4.49
1555,Character Education | Fundamentals,"Build production-ready systems while learning professional development techniques. Skills covered include real-world deployment, debugging, project implementation. You will improve your technical and analytical thinking.",Social & Emotional Learning,Advanced,150,3,3.84
1556,Positive Communication | Masterclass (2026 Edition),"Learn advanced workflows and techniques used by professionals working in Social & Emotional Learning. Skills covered include data analysis, problem solving, real-world deployment. You will improve your technical and analytical thinking.",Social & Emotional Learning,Intermediate,150,2,3.99
1557,Self Confidence - Beginner | Masterclass,"Gain practical skills in Self Confidence with real-life case studies and beginner projects. Skills covered include debugging, problem solving, data analysis. You will develop portfolio-ready applications.",Social & Emotional Learning,Beginner,30,1,4.92
1558,Respect and Kindness | Hands-on Training (Updated Edition),"Prepare for senior-level positions by mastering the latest technologies in Social & Emotional Learning. Skills covered include debugging, project implementation, data analysis. You will improve your technical and analytical thinking.",Social & Emotional Learning,Advanced,180,3,4.32
1559,Respect and Kindness | Hands-on Training (Updated Edition),"Understand advanced implementation techniques used in professional environments. Skills covered include critical thinking, debugging, system design. You will develop portfolio-ready applications.",Social & Emotional Learning,Advanced,180,3,3.65
1560,Leadership Skills | Practical Workshop (Updated Edition),"Learn the fundamentals of Leadership Skills from scratch with practical examples and step-by-step explanations. Skills covered include real-world deployment, data analysis, project implementation. You will gain hands-on experience using industry-standard tools.",Social & Emotional Learning,Beginner,30,1,4.86
1561,Friendship Skills | Hands-on Training (2026 Edition),"Gain practical skills in Friendship Skills with real-life case studies and beginner projects. Skills covered include software development, critical thinking, system design. You will build real projects throughout the course.",Social & Emotional Learning,Beginner,60,1,4.28
1562,Growth Mindset - Advanced | Professional Certificate (2026 Edition),"Build production-ready systems while learning professional development techniques. Skills covered include project implementation, software development, debugging. You will gain hands-on experience using industry-standard tools.",Social & Emotional Learning,Advanced,180,3,3.98
1563,Responsible Decisions - Beginner | Professional Certificate (2026 Edition),"This beginner-friendly course introduces the essential concepts required to succeed in Social & Emotional Learning. Skills covered include data analysis, project implementation, system design. You will build real projects throughout the course.",Social & Emotional Learning,Beginner,45,1,4.93
1564,Growth Mindset - Intermediate | Masterclass (Latest Version),"Strengthen your knowledge of Growth Mindset by solving practical industry-focused projects. Skills covered include problem solving, team collaboration, critical thinking. You will confidently work on real software projects.",Social & Emotional Learning,Intermediate,60,2,4.13
1565,Social Responsibility - Advanced | Complete Course (2026 Edition),"Build production-ready systems while learning professional development techniques. Skills covered include team collaboration, project implementation, data analysis. You will be able to apply your knowledge to practical business scenarios.",Social & Emotional Learning,Advanced,120,3,3.89
1566,Positive Communication | Professional Certificate (2026 Edition),"Gain practical skills in Positive Communication with real-life case studies and beginner projects. Skills covered include project implementation, real-world deployment, best practices. You will build real projects throughout the course.",Social & Emotional Learning,Beginner,90,1,4.73
1567,Conflict Resolution | Complete Course,"Improve your technical skills with hands-on labs, assignments, and real-world applications. Skills covered include best practices, real-world deployment, team collaboration. You will be able to apply your knowledge to practical business scenarios.",Social & Emotional Learning,Intermediate,120,2,4.63
1568,Positive Behavior - Intermediate | Practical Workshop (Latest Version),"Apply your existing knowledge to build complete projects from start to finish. Skills covered include problem solving, critical thinking, project implementation. You will build real projects throughout the course.",Social & Emotional Learning,Intermediate,90,2,3.97
1569,Empathy Development | Practical Workshop (2026 Edition),"Gain expert-level knowledge through challenging case studies and complex projects. Skills covered include data analysis, team collaboration, problem solving. You will build real projects throughout the course.",Social & Emotional Learning,Advanced,240,3,4.63
1570,Emotional Intelligence - Advanced | Project-Based Learning (2026 Edition),"Develop enterprise-grade applications using industry standards and modern architectures. Skills covered include software development, data analysis, best practices. You will improve your technical and analytical thinking.",Social & Emotional Learning,Advanced,120,3,4.32
1571,Conflict Resolution - Intermediate | Fundamentals (Updated Edition),"Develop scalable solutions using modern frameworks and professional development practices. Skills covered include team collaboration, critical thinking, best practices. You will be able to apply your knowledge to practical business scenarios.",Social & Emotional Learning,Intermediate,60,2,4.32
1572,Empathy Development | Masterclass (Latest Version),"Start your learning journey in Social & Emotional Learning through hands-on projects and real-world examples. Skills covered include team collaboration, debugging, software development. You will build real projects throughout the course.",Social & Emotional Learning,Beginner,60,1,4.33
1573,Character Education - Intermediate | Fundamentals (Latest Version),"Practice real-world scenarios and improve your problem-solving skills in Social & Emotional Learning. Skills covered include system design, real-world deployment, software development. You will be able to apply your knowledge to practical business scenarios.",Social & Emotional Learning,Intermediate,120,2,4.47
1574,Leadership Skills - Intermediate | Project-Based Learning (2026 Edition),"Strengthen your knowledge of Leadership Skills by solving practical industry-focused projects. Skills covered include project implementation, data analysis, best practices. You will improve your technical and analytical thinking.",Social & Emotional Learning,Intermediate,90,2,4.47
1575,Respect and Kindness | Masterclass (Latest Version),"Gain practical skills in Respect and Kindness with real-life case studies and beginner projects. Skills covered include debugging, critical thinking, problem solving. You will confidently work on real software projects.",Social & Emotional Learning,Beginner,30,1,3.83
1576,Empathy Development - Intermediate | Hands-on Training (Latest Version),"Improve your technical skills with hands-on labs, assignments, and real-world applications. Skills covered include debugging, problem solving, critical thinking. You will build real projects throughout the course.",Social & Emotional Learning,Intermediate,90,2,4.27
1577,Resilience | Hands-on Training,"Start your learning journey in Social & Emotional Learning through hands-on projects and real-world examples. Skills covered include critical thinking, best practices, debugging. You will develop portfolio-ready applications.",Social & Emotional Learning,Beginner,90,1,4.61
1578,Peer Relationships - Advanced | Hands-on Training (Latest Version),"Prepare for senior-level positions by mastering the latest technologies in Social & Emotional Learning. Skills covered include project implementation, software development, team collaboration. You will improve your technical and analytical thinking.",Social & Emotional Learning,Advanced,180,3,4.73
1579,Positive Communication - Advanced | Complete Course (2026 Edition),"Develop enterprise-grade applications using industry standards and modern architectures. Skills covered include project implementation, software development, data analysis. You will be able to apply your knowledge to practical business scenarios.",Social & Emotional Learning,Advanced,240,3,4.22
1580,Teamwork - Beginner | Practical Workshop (Latest Version),"Start your learning journey in Social & Emotional Learning through hands-on projects and real-world examples. Skills covered include real-world deployment, data analysis, system design. You will understand best practices followed by professional engineers.",Social & Emotional Learning,Beginner,75,1,4.51
1581,Empathy Development - Advanced | Masterclass (Latest Version),"Master advanced concepts in Empathy Development through real-world enterprise applications. Skills covered include project implementation, debugging, best practices. You will develop portfolio-ready applications.",Social & Emotional Learning,Advanced,120,3,4.18
1582,Conflict Resolution (Latest Version),"Develop enterprise-grade applications using industry standards and modern architectures. Skills covered include critical thinking, team collaboration, data analysis. You will be able to apply your knowledge to practical business scenarios.",Social & Emotional Learning,Advanced,150,3,4.0
1583,Emotional Intelligence | Bootcamp (2026 Edition),"Develop enterprise-grade applications using industry standards and modern architectures. Skills covered include debugging, system design, best practices. You will understand best practices followed by professional engineers.",Social & Emotional Learning,Advanced,150,3,4.03
1584,Goal Setting - Beginner | Professional Certificate (Latest Version),"Develop your first practical projects while learning the core concepts of Goal Setting. Skills covered include project implementation, critical thinking, software development. You will gain hands-on experience using industry-standard tools.",Social & Emotional Learning,Beginner,60,1,4.55
1585,Respect and Kindness - Beginner | Professional Certificate,"Develop your first practical projects while learning the core concepts of Respect and Kindness. Skills covered include debugging, project implementation, problem solving. You will gain hands-on experience using industry-standard tools.",Social & Emotional Learning,Beginner,90,1,4.54
1586,Positive Behavior | Fundamentals (2026 Edition),"Apply your existing knowledge to build complete projects from start to finish. Skills covered include data analysis, software development, problem solving. You will confidently work on real software projects.",Social & Emotional Learning,Intermediate,150,2,3.93
1587,Emotional Intelligence - Advanced (Updated Edition),"Build production-ready systems while learning professional development techniques. Skills covered include real-world deployment, best practices, critical thinking. You will be able to apply your knowledge to practical business scenarios.",Social & Emotional Learning,Advanced,210,3,4.47
1588,Mindfulness - Beginner | Bootcamp (2026 Edition),"Understand key principles and build confidence through guided exercises and quizzes. Skills covered include best practices, team collaboration, real-world deployment. You will be prepared for technical interviews and real-world challenges.",Social & Emotional Learning,Beginner,75,1,4.45
1589,Empathy Development - Intermediate | Essentials (Latest Version),"Apply your existing knowledge to build complete projects from start to finish. Skills covered include system design, critical thinking, software development. You will be able to apply your knowledge to practical business scenarios.",Social & Emotional Learning,Intermediate,60,2,4.45
1590,Growth Mindset (Latest Version),"Develop scalable solutions using modern frameworks and professional development practices. Skills covered include data analysis, system design, team collaboration. You will develop portfolio-ready applications.",Social & Emotional Learning,Intermediate,150,2,4.55
1591,Positive Communication | Bootcamp (Latest Version),"Develop your first practical projects while learning the core concepts of Positive Communication. Skills covered include software development, system design, critical thinking. You will be able to apply your knowledge to practical business scenarios.",Social & Emotional Learning,Beginner,60,1,4.73
1592,Empathy Development | Fundamentals,"Develop your first practical projects while learning the core concepts of Empathy Development. Skills covered include best practices, debugging, project implementation. You will develop portfolio-ready applications.",Social & Emotional Learning,Beginner,30,1,5.0
1593,Positive Behavior - Intermediate | Professional Certificate (Latest Version),"Apply your existing knowledge to build complete projects from start to finish. Skills covered include debugging, project implementation, team collaboration. You will be prepared for technical interviews and real-world challenges.",Social & Emotional Learning,Intermediate,60,2,4.56
1594,Resilience | Fundamentals (Latest Version),"Expand your experience in Social & Emotional Learning using modern tools and best practices. Skills covered include debugging, system design, real-world deployment. You will understand best practices followed by professional engineers.",Social & Emotional Learning,Intermediate,120,2,4.3
1595,Self Awareness (Updated Edition),"Practice real-world scenarios and improve your problem-solving skills in Social & Emotional Learning. Skills covered include system design, best practices, real-world deployment. You will build real projects throughout the course.",Social & Emotional Learning,Intermediate,60,2,4.49
1596,Positive Behavior - Intermediate | Professional Certificate (Latest Version),"Apply your existing knowledge to build complete projects from start to finish. Skills covered include critical thinking, real-world deployment, data analysis. You will be able to apply your knowledge to practical business scenarios.",Social & Emotional Learning,Intermediate,150,2,4.33
1597,Positive Behavior - Intermediate | Masterclass (Updated Edition),"Strengthen your knowledge of Positive Behavior by solving practical industry-focused projects. Skills covered include software development, data analysis, team collaboration. You will gain hands-on experience using industry-standard tools.",Social & Emotional Learning,Intermediate,60,2,4.19
1598,Teamwork - Intermediate | Project-Based Learning (Latest Version),"Explore intermediate concepts in Teamwork while building portfolio-ready projects. Skills covered include system design, critical thinking, data analysis. You will develop portfolio-ready applications.",Social & Emotional Learning,Intermediate,150,2,3.98
1599,Social Responsibility | Essentials (Updated Edition),"Develop scalable solutions using modern frameworks and professional development practices. Skills covered include system design, project implementation, data analysis. You will develop portfolio-ready applications.",Social & Emotional Learning,Intermediate,120,2,4.53
1600,Responsible Decisions - Intermediate | Professional Certificate (Updated Edition),"Expand your experience in Social & Emotional Learning using modern tools and best practices. Skills covered include debugging, system design, team collaboration. You will develop portfolio-ready applications.",Social & Emotional Learning,Intermediate,120,2,4.18
1601,First Aid Basics | Professional Certificate (2026 Edition),"Learn advanced workflows and techniques used by professionals working in Physical Education & Health. Skills covered include software development, system design, problem solving. You will understand best practices followed by professional engineers.",Physical Education & Health,Intermediate,150,2,4.27
1602,Sportsmanship - Intermediate | Fundamentals (Latest Version),"Expand your experience in Physical Education & Health using modern tools and best practices. Skills covered include system design, software development, critical thinking. You will build real projects throughout the course.",Physical Education & Health,Intermediate,120,2,4.6
1603,Fitness Challenges - Intermediate (2026 Edition),"Explore intermediate concepts in Fitness Challenges while building portfolio-ready projects. Skills covered include team collaboration, data analysis, system design. You will develop portfolio-ready applications.",Physical Education & Health,Intermediate,150,2,4.32
1604,Active Play - Beginner | Project-Based Learning (2026 Edition),"Master the basics of Active Play using simple explanations and interactive exercises. Skills covered include problem solving, real-world deployment, project implementation. You will develop portfolio-ready applications.",Physical Education & Health,Beginner,30,1,4.22
1605,Fitness Challenges - Intermediate | Professional Certificate (Latest Version),"Strengthen your knowledge of Fitness Challenges by solving practical industry-focused projects. Skills covered include problem solving, software development, data analysis. You will gain hands-on experience using industry-standard tools.",Physical Education & Health,Intermediate,90,2,4.27
1606,Outdoor Activities | Masterclass (Latest Version),"Gain expert-level knowledge through challenging case studies and complex projects. Skills covered include team collaboration, debugging, system design. You will understand best practices followed by professional engineers.",Physical Education & Health,Advanced,210,3,3.92
1607,Fitness Challenges | Project-Based Learning,"Perfect for beginners who want to build a strong foundation in Physical Education & Health. Skills covered include project implementation, data analysis, real-world deployment. You will improve your technical and analytical thinking.",Physical Education & Health,Beginner,30,1,4.8
1608,First Aid Basics - Intermediate | Hands-on Training (Latest Version),"Expand your experience in Physical Education & Health using modern tools and best practices. Skills covered include system design, team collaboration, data analysis. You will build real projects throughout the course.",Physical Education & Health,Intermediate,60,2,4.14
1609,Healthy Lifestyle | Complete Course (2026 Edition),"Learn the fundamentals of Healthy Lifestyle from scratch with practical examples and step-by-step explanations. Skills covered include system design, real-world deployment, project implementation. You will confidently work on real software projects.",Physical Education & Health,Beginner,45,1,4.87
1610,Personal Hygiene - Beginner | Hands-on Training (2026 Edition),"This beginner-friendly course introduces the essential concepts required to succeed in Physical Education & Health. Skills covered include system design, best practices, debugging. You will be prepared for technical interviews and real-world challenges.",Physical Education & Health,Beginner,30,1,4.33
1611,Wellbeing - Advanced (Updated Edition),"Master advanced concepts in Wellbeing through real-world enterprise applications. Skills covered include software development, critical thinking, best practices. You will confidently work on real software projects.",Physical Education & Health,Advanced,240,3,4.26
1612,Personal Hygiene - Beginner | Professional Certificate (2026 Edition),"Master the basics of Personal Hygiene using simple explanations and interactive exercises. Skills covered include data analysis, problem solving, software development. You will improve your technical and analytical thinking.",Physical Education & Health,Beginner,60,1,4.31
1613,Wellbeing - Advanced | Practical Workshop,"Develop enterprise-grade applications using industry standards and modern architectures. Skills covered include debugging, real-world deployment, data analysis. You will be able to apply your knowledge to practical business scenarios.",Physical Education & Health,Advanced,150,3,4.24
1614,Body Awareness - Advanced | Complete Course (2026 Edition),"Work with large-scale projects and advanced design strategies in Physical Education & Health. Skills covered include real-world deployment, system design, problem solving. You will be able to apply your knowledge to practical business scenarios.",Physical Education & Health,Advanced,150,3,3.79
1615,Kids Fitness - Beginner | Hands-on Training,"Master the basics of Kids Fitness using simple explanations and interactive exercises. Skills covered include system design, project implementation, debugging. You will confidently work on real software projects.",Physical Education & Health,Beginner,45,1,4.63
1616,Body Awareness | Bootcamp (Latest Version),"Learn the fundamentals of Body Awareness from scratch with practical examples and step-by-step explanations. Skills covered include best practices, debugging, software development. You will confidently work on real software projects.",Physical Education & Health,Beginner,60,1,4.37
1617,Healthy Living - Intermediate | Practical Workshop (2026 Edition),"Strengthen your knowledge of Healthy Living by solving practical industry-focused projects. Skills covered include critical thinking, software development, system design. You will develop portfolio-ready applications.",Physical Education & Health,Intermediate,90,2,4.26
1618,Physical Challenges (2026 Edition),"Learn the fundamentals of Physical Challenges from scratch with practical examples and step-by-step explanations. Skills covered include software development, team collaboration, project implementation. You will confidently work on real software projects.",Physical Education & Health,Beginner,45,1,4.74
1619,Sports Fundamentals - Advanced | Fundamentals,"Work with large-scale projects and advanced design strategies in Physical Education & Health. Skills covered include project implementation, problem solving, data analysis. You will build real projects throughout the course.",Physical Education & Health,Advanced,210,3,3.97
1620,Body Awareness | Hands-on Training (Updated Edition),"Prepare for senior-level positions by mastering the latest technologies in Physical Education & Health. Skills covered include best practices, data analysis, project implementation. You will be prepared for technical interviews and real-world challenges.",Physical Education & Health,Advanced,120,3,3.5
1621,Yoga for Kids | Fundamentals (2026 Edition),"Improve your technical skills with hands-on labs, assignments, and real-world applications. Skills covered include team collaboration, best practices, software development. You will confidently work on real software projects.",Physical Education & Health,Intermediate,60,2,4.03
1622,Outdoor Activities - Beginner | Bootcamp (2026 Edition),"Learn the fundamentals of Outdoor Activities from scratch with practical examples and step-by-step explanations. Skills covered include real-world deployment, data analysis, debugging. You will be prepared for technical interviews and real-world challenges.",Physical Education & Health,Beginner,60,1,4.73
1623,Wellbeing - Beginner | Professional Certificate (2026 Edition),"Perfect for beginners who want to build a strong foundation in Physical Education & Health. Skills covered include software development, critical thinking, real-world deployment. You will gain hands-on experience using industry-standard tools.",Physical Education & Health,Beginner,75,1,4.5
1624,Sports Fundamentals - Advanced | Bootcamp (Latest Version),"Gain expert-level knowledge through challenging case studies and complex projects. Skills covered include team collaboration, debugging, problem solving. You will gain hands-on experience using industry-standard tools.",Physical Education & Health,Advanced,150,3,4.26
1625,Body Awareness - Advanced | Project-Based Learning (Updated Edition),"Develop enterprise-grade applications using industry standards and modern architectures. Skills covered include data analysis, software development, real-world deployment. You will gain hands-on experience using industry-standard tools.",Physical Education & Health,Advanced,150,3,3.91
1626,Physical Challenges | Complete Course (2026 Edition),"This beginner-friendly course introduces the essential concepts required to succeed in Physical Education & Health. Skills covered include system design, real-world deployment, best practices. You will be able to apply your knowledge to practical business scenarios.",Physical Education & Health,Beginner,75,1,4.37
1627,Motor Skills - Beginner | Professional Certificate (2026 Edition),"Develop your first practical projects while learning the core concepts of Motor Skills. Skills covered include project implementation, debugging, system design. You will improve your technical and analytical thinking.",Physical Education & Health,Beginner,30,1,4.33
1628,Kids Fitness | Masterclass (2026 Edition),"Explore intermediate concepts in Kids Fitness while building portfolio-ready projects. Skills covered include best practices, problem solving, project implementation. You will confidently work on real software projects.",Physical Education & Health,Intermediate,120,2,4.47
1629,Sportsmanship | Practical Workshop,"Practice real-world scenarios and improve your problem-solving skills in Physical Education & Health. Skills covered include real-world deployment, debugging, data analysis. You will gain hands-on experience using industry-standard tools.",Physical Education & Health,Intermediate,150,2,4.45
1630,Healthy Living | Practical Workshop (2026 Edition),"Develop enterprise-grade applications using industry standards and modern architectures. Skills covered include real-world deployment, software development, debugging. You will be prepared for technical interviews and real-world challenges.",Physical Education & Health,Advanced,210,3,4.12
1631,Healthy Lifestyle | Fundamentals (Updated Edition),"Gain practical skills in Healthy Lifestyle with real-life case studies and beginner projects. Skills covered include best practices, data analysis, software development. You will be able to apply your knowledge to practical business scenarios.",Physical Education & Health,Beginner,45,1,4.47
1632,Movement Games - Intermediate (Latest Version),"Practice real-world scenarios and improve your problem-solving skills in Physical Education & Health. Skills covered include team collaboration, critical thinking, software development. You will be able to apply your knowledge to practical business scenarios.",Physical Education & Health,Intermediate,150,2,4.57
1633,Kids Fitness - Intermediate | Fundamentals (2026 Edition),"Develop scalable solutions using modern frameworks and professional development practices. Skills covered include system design, problem solving, software development. You will understand best practices followed by professional engineers.",Physical Education & Health,Intermediate,120,2,4.46
1634,Exercise and Wellness - Advanced | Fundamentals (Latest Version),"Explore optimization, scalability, and best engineering practices in Exercise and Wellness. Skills covered include best practices, software development, debugging. You will be able to apply your knowledge to practical business scenarios.",Physical Education & Health,Advanced,210,3,4.25
1635,Healthy Living | Complete Course,"Strengthen your knowledge of Healthy Living by solving practical industry-focused projects. Skills covered include team collaboration, data analysis, critical thinking. You will improve your technical and analytical thinking.",Physical Education & Health,Intermediate,150,2,4.63
1636,Healthy Lifestyle - Intermediate | Masterclass,"Improve your technical skills with hands-on labs, assignments, and real-world applications. Skills covered include software development, critical thinking, team collaboration. You will be able to apply your knowledge to practical business scenarios.",Physical Education & Health,Intermediate,120,2,4.47
1637,Outdoor Activities | Complete Course,"Perfect for beginners who want to build a strong foundation in Physical Education & Health. Skills covered include data analysis, team collaboration, software development. You will be prepared for technical interviews and real-world challenges.",Physical Education & Health,Beginner,60,1,3.95
1638,Wellbeing | Project-Based Learning (Latest Version),"Expand your experience in Physical Education & Health using modern tools and best practices. Skills covered include real-world deployment, critical thinking, data analysis. You will develop portfolio-ready applications.",Physical Education & Health,Intermediate,60,2,4.26
1639,Wellbeing | Hands-on Training (Updated Edition),"Strengthen your knowledge of Wellbeing by solving practical industry-focused projects. Skills covered include debugging, software development, best practices. You will confidently work on real software projects.",Physical Education & Health,Intermediate,90,2,4.49
1640,Sportsmanship | Practical Workshop (Updated Edition),"Explore intermediate concepts in Sportsmanship while building portfolio-ready projects. Skills covered include debugging, project implementation, critical thinking. You will be prepared for technical interviews and real-world challenges.",Physical Education & Health,Intermediate,150,2,3.98
1641,Outdoor Activities - Beginner | Complete Course,"Master the basics of Outdoor Activities using simple explanations and interactive exercises. Skills covered include software development, problem solving, project implementation. You will gain hands-on experience using industry-standard tools.",Physical Education & Health,Beginner,75,1,4.56
1642,Healthy Nutrition - Beginner | Fundamentals (Updated Edition),"This beginner-friendly course introduces the essential concepts required to succeed in Physical Education & Health. Skills covered include best practices, team collaboration, critical thinking. You will gain hands-on experience using industry-standard tools.",Physical Education & Health,Beginner,30,1,4.35
1643,Physical Challenges | Project-Based Learning (2026 Edition),"Develop enterprise-grade applications using industry standards and modern architectures. Skills covered include real-world deployment, team collaboration, critical thinking. You will be able to apply your knowledge to practical business scenarios.",Physical Education & Health,Advanced,240,3,3.57
1644,Sportsmanship - Intermediate | Bootcamp,"Develop scalable solutions using modern frameworks and professional development practices. Skills covered include debugging, real-world deployment, problem solving. You will be able to apply your knowledge to practical business scenarios.",Physical Education & Health,Intermediate,90,2,3.86
1645,Kids Fitness - Beginner | Practical Workshop (2026 Edition),"Master the basics of Kids Fitness using simple explanations and interactive exercises. Skills covered include critical thinking, problem solving, data analysis. You will build real projects throughout the course.",Physical Education & Health,Beginner,90,1,4.34
1646,Exercise and Wellness - Advanced | Professional Certificate (2026 Edition),"Master advanced concepts in Exercise and Wellness through real-world enterprise applications. Skills covered include data analysis, team collaboration, software development. You will be prepared for technical interviews and real-world challenges.",Physical Education & Health,Advanced,240,3,4.37
1647,Healthy Living - Beginner | Fundamentals,"Start your learning journey in Physical Education & Health through hands-on projects and real-world examples. Skills covered include best practices, debugging, system design. You will improve your technical and analytical thinking.",Physical Education & Health,Beginner,75,1,4.19
1648,Motor Skills - Advanced | Masterclass (Latest Version),"Prepare for senior-level positions by mastering the latest technologies in Physical Education & Health. Skills covered include debugging, critical thinking, data analysis. You will gain hands-on experience using industry-standard tools.",Physical Education & Health,Advanced,150,3,4.33
1649,Wellbeing | Hands-on Training (2026 Edition),"Develop enterprise-grade applications using industry standards and modern architectures. Skills covered include critical thinking, problem solving, real-world deployment. You will improve your technical and analytical thinking.",Physical Education & Health,Advanced,210,3,4.31
1650,Outdoor Activities - Intermediate | Complete Course (2026 Edition),"Expand your experience in Physical Education & Health using modern tools and best practices. Skills covered include team collaboration, real-world deployment, system design. You will understand best practices followed by professional engineers.",Physical Education & Health,Intermediate,90,2,4.46
1651,Motor Skills | Fundamentals,"Strengthen your knowledge of Motor Skills by solving practical industry-focused projects. Skills covered include debugging, best practices, team collaboration. You will be prepared for technical interviews and real-world challenges.",Physical Education & Health,Intermediate,120,2,4.19
1652,Yoga for Kids - Intermediate | Hands-on Training (Updated Edition),"Expand your experience in Physical Education & Health using modern tools and best practices. Skills covered include project implementation, system design, critical thinking. You will be able to apply your knowledge to practical business scenarios.",Physical Education & Health,Intermediate,60,2,3.89
1653,Body Awareness | Hands-on Training,"Improve your technical skills with hands-on labs, assignments, and real-world applications. Skills covered include team collaboration, project implementation, data analysis. You will confidently work on real software projects.",Physical Education & Health,Intermediate,60,2,4.1
1654,Motor Skills (2026 Edition),"Practice real-world scenarios and improve your problem-solving skills in Physical Education & Health. Skills covered include debugging, team collaboration, real-world deployment. You will be able to apply your knowledge to practical business scenarios.",Physical Education & Health,Intermediate,150,2,4.57
1655,Healthy Living - Advanced | Fundamentals,"Work with large-scale projects and advanced design strategies in Physical Education & Health. Skills covered include data analysis, real-world deployment, system design. You will develop portfolio-ready applications.",Physical Education & Health,Advanced,180,3,3.9
1656,Active Play (Latest Version),"Strengthen your knowledge of Active Play by solving practical industry-focused projects. Skills covered include best practices, project implementation, real-world deployment. You will be able to apply your knowledge to practical business scenarios.",Physical Education & Health,Intermediate,90,2,4.37
1657,Healthy Living - Intermediate | Fundamentals (Updated Edition),"Strengthen your knowledge of Healthy Living by solving practical industry-focused projects. Skills covered include team collaboration, problem solving, best practices. You will develop portfolio-ready applications.",Physical Education & Health,Intermediate,150,2,4.08
1658,Physical Challenges | Practical Workshop (Updated Edition),"Perfect for beginners who want to build a strong foundation in Physical Education & Health. Skills covered include team collaboration, system design, project implementation. You will gain hands-on experience using industry-standard tools.",Physical Education & Health,Beginner,60,1,4.39
1659,Active Play | Professional Certificate (Latest Version),"Expand your experience in Physical Education & Health using modern tools and best practices. Skills covered include debugging, project implementation, problem solving. You will develop portfolio-ready applications.",Physical Education & Health,Intermediate,90,2,4.03
1660,Personal Hygiene | Fundamentals (2026 Edition),"Develop your first practical projects while learning the core concepts of Personal Hygiene. Skills covered include software development, critical thinking, problem solving. You will be able to apply your knowledge to practical business scenarios.",Physical Education & Health,Beginner,30,1,4.7
1661,Healthy Habits | Project-Based Learning,"Learn the fundamentals of Healthy Habits from scratch with practical examples and step-by-step explanations. Skills covered include problem solving, team collaboration, software development. You will develop portfolio-ready applications.",Physical Education & Health,Beginner,75,1,4.42
1662,Wellbeing - Advanced | Practical Workshop,"Explore optimization, scalability, and best engineering practices in Wellbeing. Skills covered include problem solving, data analysis, best practices. You will develop portfolio-ready applications.",Physical Education & Health,Advanced,120,3,4.43
1663,Wellbeing | Fundamentals (Latest Version),"Improve your technical skills with hands-on labs, assignments, and real-world applications. Skills covered include problem solving, software development, best practices. You will understand best practices followed by professional engineers.",Physical Education & Health,Intermediate,60,2,4.06
1664,Kids Fitness | Masterclass,"Understand key principles and build confidence through guided exercises and quizzes. Skills covered include critical thinking, data analysis, system design. You will build real projects throughout the course.",Physical Education & Health,Beginner,75,1,4.41
1665,Movement Games - Beginner | Bootcamp (Updated Edition),"This beginner-friendly course introduces the essential concepts required to succeed in Physical Education & Health. Skills covered include debugging, best practices, problem solving. You will confidently work on real software projects.",Physical Education & Health,Beginner,75,1,4.87
1666,Kids Fitness - Intermediate | Essentials (Latest Version),"Strengthen your knowledge of Kids Fitness by solving practical industry-focused projects. Skills covered include problem solving, critical thinking, system design. You will be prepared for technical interviews and real-world challenges.",Physical Education & Health,Intermediate,150,2,4.25
1667,Movement Games - Advanced | Bootcamp,"Develop enterprise-grade applications using industry standards and modern architectures. Skills covered include software development, problem solving, debugging. You will confidently work on real software projects.",Physical Education & Health,Advanced,180,3,4.29
1668,First Aid Basics | Hands-on Training (Latest Version),"Explore intermediate concepts in First Aid Basics while building portfolio-ready projects. Skills covered include problem solving, debugging, software development. You will be able to apply your knowledge to practical business scenarios.",Physical Education & Health,Intermediate,90,2,4.2
1669,Yoga for Kids | Practical Workshop (Latest Version),"Start your learning journey in Physical Education & Health through hands-on projects and real-world examples. Skills covered include software development, real-world deployment, critical thinking. You will build real projects throughout the course.",Physical Education & Health,Beginner,45,1,4.39
1670,Exercise and Wellness - Beginner | Professional Certificate (Latest Version),"Gain practical skills in Exercise and Wellness with real-life case studies and beginner projects. Skills covered include project implementation, best practices, debugging. You will develop portfolio-ready applications.",Physical Education & Health,Beginner,60,1,4.74
1671,Wellbeing - Beginner | Practical Workshop (Updated Edition),"Master the basics of Wellbeing using simple explanations and interactive exercises. Skills covered include team collaboration, system design, data analysis. You will build real projects throughout the course.",Physical Education & Health,Beginner,90,1,4.36
1672,Physical Challenges | Complete Course (Updated Edition),"Explore optimization, scalability, and best engineering practices in Physical Challenges. Skills covered include critical thinking, software development, problem solving. You will build real projects throughout the course.",Physical Education & Health,Advanced,180,3,4.16
1673,Safety Education - Beginner | Complete Course,"Start your learning journey in Physical Education & Health through hands-on projects and real-world examples. Skills covered include best practices, real-world deployment, software development. You will be prepared for technical interviews and real-world challenges.",Physical Education & Health,Beginner,75,1,4.54
1674,First Aid Basics | Essentials (2026 Edition),"Practice real-world scenarios and improve your problem-solving skills in Physical Education & Health. Skills covered include team collaboration, data analysis, software development. You will be able to apply your knowledge to practical business scenarios.",Physical Education & Health,Intermediate,120,2,4.73
1675,Fitness Challenges - Intermediate | Complete Course (Updated Edition),"Practice real-world scenarios and improve your problem-solving skills in Physical Education & Health. Skills covered include best practices, data analysis, critical thinking. You will confidently work on real software projects.",Physical Education & Health,Intermediate,120,2,4.4
1676,Sports Fundamentals,"Perfect for beginners who want to build a strong foundation in Physical Education & Health. Skills covered include project implementation, best practices, team collaboration. You will develop portfolio-ready applications.",Physical Education & Health,Beginner,60,1,4.57
1677,First Aid Basics | Practical Workshop (2026 Edition),"Explore intermediate concepts in First Aid Basics while building portfolio-ready projects. Skills covered include critical thinking, best practices, real-world deployment. You will understand best practices followed by professional engineers.",Physical Education & Health,Intermediate,90,2,4.15
1678,Fitness Challenges - Beginner | Fundamentals (Latest Version),"This beginner-friendly course introduces the essential concepts required to succeed in Physical Education & Health. Skills covered include real-world deployment, system design, problem solving. You will understand best practices followed by professional engineers.",Physical Education & Health,Beginner,60,1,4.99
1679,Safety Education - Intermediate | Essentials,"Expand your experience in Physical Education & Health using modern tools and best practices. Skills covered include critical thinking, system design, team collaboration. You will be able to apply your knowledge to practical business scenarios.",Physical Education & Health,Intermediate,90,2,4.42
1680,Active Play - Advanced | Essentials (Latest Version),"Build production-ready systems while learning professional development techniques. Skills covered include data analysis, software development, best practices. You will confidently work on real software projects.",Physical Education & Health,Advanced,240,3,4.22
1681,Healthy Lifestyle - Beginner | Essentials (Latest Version),"Perfect for beginners who want to build a strong foundation in Physical Education & Health. Skills covered include best practices, project implementation, debugging. You will understand best practices followed by professional engineers.",Physical Education & Health,Beginner,60,1,4.41
1682,Healthy Lifestyle - Advanced | Masterclass (Latest Version),"Build production-ready systems while learning professional development techniques. Skills covered include data analysis, debugging, best practices. You will improve your technical and analytical thinking.",Physical Education & Health,Advanced,120,3,3.9
1683,Personal Hygiene - Beginner | Hands-on Training (Latest Version),"Start your learning journey in Physical Education & Health through hands-on projects and real-world examples. Skills covered include real-world deployment, debugging, critical thinking. You will develop portfolio-ready applications.",Physical Education & Health,Beginner,75,1,4.27
1684,Safety Education | Hands-on Training (2026 Edition),"Understand key principles and build confidence through guided exercises and quizzes. Skills covered include project implementation, data analysis, problem solving. You will build real projects throughout the course.",Physical Education & Health,Beginner,75,1,4.59
1685,Healthy Nutrition | Essentials (Updated Edition),"Master the basics of Healthy Nutrition using simple explanations and interactive exercises. Skills covered include data analysis, software development, critical thinking. You will gain hands-on experience using industry-standard tools.",Physical Education & Health,Beginner,45,1,4.23
1686,Wellbeing | Essentials (Updated Edition),"Explore intermediate concepts in Wellbeing while building portfolio-ready projects. Skills covered include debugging, project implementation, team collaboration. You will confidently work on real software projects.",Physical Education & Health,Intermediate,90,2,4.16
1687,Fitness Challenges | Complete Course (Updated Edition),"Start your learning journey in Physical Education & Health through hands-on projects and real-world examples. Skills covered include team collaboration, critical thinking, problem solving. You will be able to apply your knowledge to practical business scenarios.",Physical Education & Health,Beginner,60,1,4.29
1688,Outdoor Activities - Beginner | Fundamentals (Latest Version),"This beginner-friendly course introduces the essential concepts required to succeed in Physical Education & Health. Skills covered include team collaboration, real-world deployment, system design. You will confidently work on real software projects.",Physical Education & Health,Beginner,45,1,4.26
1689,Sports Fundamentals | Practical Workshop (Updated Edition),"Improve your technical skills with hands-on labs, assignments, and real-world applications. Skills covered include debugging, best practices, software development. You will be prepared for technical interviews and real-world challenges.",Physical Education & Health,Intermediate,120,2,4.46
1690,Sportsmanship - Beginner | Complete Course (2026 Edition),"Develop your first practical projects while learning the core concepts of Sportsmanship. Skills covered include debugging, team collaboration, critical thinking. You will gain hands-on experience using industry-standard tools.",Physical Education & Health,Beginner,45,1,4.09
1691,Fitness Challenges | Project-Based Learning,"Learn the fundamentals of Fitness Challenges from scratch with practical examples and step-by-step explanations. Skills covered include real-world deployment, software development, critical thinking. You will confidently work on real software projects.",Physical Education & Health,Beginner,60,1,4.04
1692,Body Awareness - Intermediate | Practical Workshop (Updated Edition),"Develop scalable solutions using modern frameworks and professional development practices. Skills covered include real-world deployment, system design, team collaboration. You will understand best practices followed by professional engineers.",Physical Education & Health,Intermediate,150,2,4.06
1693,Sports Fundamentals | Practical Workshop,"Improve your technical skills with hands-on labs, assignments, and real-world applications. Skills covered include software development, debugging, problem solving. You will gain hands-on experience using industry-standard tools.",Physical Education & Health,Intermediate,60,2,4.34
1694,Yoga for Kids - Intermediate | Fundamentals,"Learn advanced workflows and techniques used by professionals working in Physical Education & Health. Skills covered include real-world deployment, best practices, project implementation. You will be able to apply your knowledge to practical business scenarios.",Physical Education & Health,Intermediate,90,2,3.93
1695,Exercise and Wellness - Beginner | Masterclass (Latest Version),"Perfect for beginners who want to build a strong foundation in Physical Education & Health. Skills covered include team collaboration, critical thinking, problem solving. You will develop portfolio-ready applications.",Physical Education & Health,Beginner,90,1,4.79
1696,Exercise and Wellness - Beginner | Complete Course (Updated Edition),"Master the basics of Exercise and Wellness using simple explanations and interactive exercises. Skills covered include debugging, critical thinking, data analysis. You will confidently work on real software projects.",Physical Education & Health,Beginner,75,1,4.61
1697,Healthy Lifestyle | Hands-on Training (2026 Edition),"Understand key principles and build confidence through guided exercises and quizzes. Skills covered include real-world deployment, system design, team collaboration. You will understand best practices followed by professional engineers.",Physical Education & Health,Beginner,30,1,4.55
1698,Safety Education,"Gain expert-level knowledge through challenging case studies and complex projects. Skills covered include debugging, critical thinking, data analysis. You will develop portfolio-ready applications.",Physical Education & Health,Advanced,240,3,4.33
1699,Body Awareness | Bootcamp (Updated Edition),"Learn advanced workflows and techniques used by professionals working in Physical Education & Health. Skills covered include data analysis, real-world deployment, critical thinking. You will gain hands-on experience using industry-standard tools.",Physical Education & Health,Intermediate,150,2,4.32
1700,Healthy Habits - Beginner | Hands-on Training,"Master the basics of Healthy Habits using simple explanations and interactive exercises. Skills covered include best practices, real-world deployment, software development. You will confidently work on real software projects.",Physical Education & Health,Beginner,90,1,4.79
1701,Kids Fitness | Essentials (Latest Version),"Develop enterprise-grade applications using industry standards and modern architectures. Skills covered include software development, team collaboration, critical thinking. You will be prepared for technical interviews and real-world challenges.",Physical Education & Health,Advanced,210,3,4.65
1702,First Aid Basics - Beginner | Hands-on Training,"Gain practical skills in First Aid Basics with real-life case studies and beginner projects. Skills covered include data analysis, system design, real-world deployment. You will develop portfolio-ready applications.",Physical Education & Health,Beginner,30,1,4.52
1703,Active Play - Advanced (Updated Edition),"Master advanced concepts in Active Play through real-world enterprise applications. Skills covered include software development, best practices, system design. You will build real projects throughout the course.",Physical Education & Health,Advanced,120,3,4.22
1704,First Aid Basics | Hands-on Training (2026 Edition),"Perfect for beginners who want to build a strong foundation in Physical Education & Health. Skills covered include project implementation, real-world deployment, team collaboration. You will confidently work on real software projects.",Physical Education & Health,Beginner,45,1,4.8
1705,Yoga for Kids | Fundamentals (2026 Edition),"Strengthen your knowledge of Yoga for Kids by solving practical industry-focused projects. Skills covered include debugging, best practices, real-world deployment. You will develop portfolio-ready applications.",Physical Education & Health,Intermediate,90,2,4.59
1706,Healthy Living - Intermediate (2026 Edition),"Apply your existing knowledge to build complete projects from start to finish. Skills covered include project implementation, data analysis, team collaboration. You will gain hands-on experience using industry-standard tools.",Physical Education & Health,Intermediate,120,2,4.15
1707,Safety Education - Advanced | Practical Workshop (Latest Version),"Explore optimization, scalability, and best engineering practices in Safety Education. Skills covered include problem solving, debugging, critical thinking. You will gain hands-on experience using industry-standard tools.",Physical Education & Health,Advanced,210,3,4.24
1708,Healthy Habits - Advanced | Professional Certificate,"Explore optimization, scalability, and best engineering practices in Healthy Habits. Skills covered include real-world deployment, team collaboration, critical thinking. You will confidently work on real software projects.",Physical Education & Health,Advanced,180,3,4.24
1709,Healthy Lifestyle - Intermediate | Project-Based Learning (Updated Edition),"Apply your existing knowledge to build complete projects from start to finish. Skills covered include best practices, problem solving, project implementation. You will gain hands-on experience using industry-standard tools.",Physical Education & Health,Intermediate,90,2,4.35
1710,Safety Education - Intermediate | Fundamentals,"Improve your technical skills with hands-on labs, assignments, and real-world applications. Skills covered include team collaboration, debugging, problem solving. You will be able to apply your knowledge to practical business scenarios.",Physical Education & Health,Intermediate,120,2,4.5
1711,Wellbeing | Complete Course (Updated Edition),"Perfect for beginners who want to build a strong foundation in Physical Education & Health. Skills covered include software development, system design, critical thinking. You will build real projects throughout the course.",Physical Education & Health,Beginner,45,1,5.0
1712,Movement Games | Complete Course,"Expand your experience in Physical Education & Health using modern tools and best practices. Skills covered include problem solving, real-world deployment, best practices. You will develop portfolio-ready applications.",Physical Education & Health,Intermediate,120,2,4.19
1713,Yoga for Kids | Complete Course (Updated Edition),"Strengthen your knowledge of Yoga for Kids by solving practical industry-focused projects. Skills covered include real-world deployment, best practices, project implementation. You will gain hands-on experience using industry-standard tools.",Physical Education & Health,Intermediate,90,2,4.49
1714,Outdoor Activities - Beginner | Professional Certificate (Latest Version),"Gain practical skills in Outdoor Activities with real-life case studies and beginner projects. Skills covered include software development, debugging, project implementation. You will be prepared for technical interviews and real-world challenges.",Physical Education & Health,Beginner,90,1,4.2
1715,Healthy Lifestyle | Practical Workshop,"Learn the fundamentals of Healthy Lifestyle from scratch with practical examples and step-by-step explanations. Skills covered include project implementation, system design, software development. You will be prepared for technical interviews and real-world challenges.",Physical Education & Health,Beginner,60,1,4.54
1716,Yoga for Kids - Beginner | Fundamentals,"This beginner-friendly course introduces the essential concepts required to succeed in Physical Education & Health. Skills covered include debugging, team collaboration, real-world deployment. You will gain hands-on experience using industry-standard tools.",Physical Education & Health,Beginner,45,1,4.35
1717,Healthy Habits - Beginner | Project-Based Learning,"Start your learning journey in Physical Education & Health through hands-on projects and real-world examples. Skills covered include problem solving, software development, real-world deployment. You will build real projects throughout the course.",Physical Education & Health,Beginner,90,1,4.19
1718,Healthy Living | Masterclass (Latest Version),"Perfect for beginners who want to build a strong foundation in Physical Education & Health. Skills covered include real-world deployment, data analysis, system design. You will be prepared for technical interviews and real-world challenges.",Physical Education & Health,Beginner,45,1,4.73
1719,Wellbeing (Updated Edition),"Expand your experience in Physical Education & Health using modern tools and best practices. Skills covered include best practices, system design, software development. You will understand best practices followed by professional engineers.",Physical Education & Health,Intermediate,150,2,4.25
1720,Fitness Challenges - Advanced (Latest Version),"Prepare for senior-level positions by mastering the latest technologies in Physical Education & Health. Skills covered include critical thinking, system design, problem solving. You will confidently work on real software projects.",Physical Education & Health,Advanced,240,3,4.06
1721,Motor Skills | Bootcamp (2026 Edition),"Perfect for beginners who want to build a strong foundation in Physical Education & Health. Skills covered include debugging, best practices, software development. You will be able to apply your knowledge to practical business scenarios.",Physical Education & Health,Beginner,90,1,4.79
1722,Yoga for Kids | Professional Certificate (Updated Edition),"Perfect for beginners who want to build a strong foundation in Physical Education & Health. Skills covered include best practices, critical thinking, software development. You will gain hands-on experience using industry-standard tools.",Physical Education & Health,Beginner,75,1,4.58
1723,Physical Challenges | Project-Based Learning (Updated Edition),"Work with large-scale projects and advanced design strategies in Physical Education & Health. Skills covered include system design, project implementation, team collaboration. You will be able to apply your knowledge to practical business scenarios.",Physical Education & Health,Advanced,150,3,3.5
1724,Motor Skills - Beginner | Bootcamp (Latest Version),"Develop your first practical projects while learning the core concepts of Motor Skills. Skills covered include software development, system design, project implementation. You will gain hands-on experience using industry-standard tools.",Physical Education & Health,Beginner,45,1,4.89
1725,Outdoor Activities (Updated Edition),"Work with large-scale projects and advanced design strategies in Physical Education & Health. Skills covered include debugging, problem solving, system design. You will be able to apply your knowledge to practical business scenarios.",Physical Education & Health,Advanced,210,3,4.18
1726,Active Play - Intermediate | Practical Workshop (Updated Edition),"Learn advanced workflows and techniques used by professionals working in Physical Education & Health. Skills covered include best practices, debugging, critical thinking. You will confidently work on real software projects.",Physical Education & Health,Intermediate,90,2,4.03
1727,Healthy Living - Advanced | Essentials,"Gain expert-level knowledge through challenging case studies and complex projects. Skills covered include real-world deployment, team collaboration, data analysis. You will gain hands-on experience using industry-standard tools.",Physical Education & Health,Advanced,180,3,4.54
1728,Healthy Habits - Beginner | Bootcamp,"Perfect for beginners who want to build a strong foundation in Physical Education & Health. Skills covered include software development, debugging, team collaboration. You will develop portfolio-ready applications.",Physical Education & Health,Beginner,60,1,4.35
1729,Healthy Living | Hands-on Training (Updated Edition),"Understand advanced implementation techniques used in professional environments. Skills covered include software development, system design, best practices. You will be prepared for technical interviews and real-world challenges.",Physical Education & Health,Advanced,240,3,3.64
1730,Healthy Nutrition | Essentials (Updated Edition),"Develop enterprise-grade applications using industry standards and modern architectures. Skills covered include problem solving, team collaboration, system design. You will confidently work on real software projects.",Physical Education & Health,Advanced,210,3,4.32
1731,Wellbeing - Advanced | Fundamentals,"Work with large-scale projects and advanced design strategies in Physical Education & Health. Skills covered include critical thinking, debugging, project implementation. You will build real projects throughout the course.",Physical Education & Health,Advanced,210,3,3.98
1732,Healthy Nutrition | Essentials (2026 Edition),"Improve your technical skills with hands-on labs, assignments, and real-world applications. Skills covered include data analysis, system design, project implementation. You will develop portfolio-ready applications.",Physical Education & Health,Intermediate,90,2,4.77
1733,Sportsmanship - Intermediate | Project-Based Learning,"Develop scalable solutions using modern frameworks and professional development practices. Skills covered include data analysis, project implementation, debugging. You will be able to apply your knowledge to practical business scenarios.",Physical Education & Health,Intermediate,60,2,4.41
1734,Outdoor Activities - Intermediate (2026 Edition),"Improve your technical skills with hands-on labs, assignments, and real-world applications. Skills covered include best practices, software development, problem solving. You will understand best practices followed by professional engineers.",Physical Education & Health,Intermediate,90,2,4.94
1735,Exercise and Wellness - Beginner | Masterclass (2026 Edition),"Understand key principles and build confidence through guided exercises and quizzes. Skills covered include system design, project implementation, debugging. You will confidently work on real software projects.",Physical Education & Health,Beginner,30,1,4.81
1736,Safety Education - Intermediate | Fundamentals,"Expand your experience in Physical Education & Health using modern tools and best practices. Skills covered include project implementation, critical thinking, debugging. You will build real projects throughout the course.",Physical Education & Health,Intermediate,60,2,4.34
1737,Kids Fitness - Intermediate | Bootcamp (Latest Version),"Apply your existing knowledge to build complete projects from start to finish. Skills covered include real-world deployment, team collaboration, best practices. You will build real projects throughout the course.",Physical Education & Health,Intermediate,90,2,4.49
1738,Healthy Habits - Beginner | Practical Workshop (Updated Edition),"Understand key principles and build confidence through guided exercises and quizzes. Skills covered include best practices, project implementation, debugging. You will improve your technical and analytical thinking.",Physical Education & Health,Beginner,90,1,4.72
1739,Healthy Nutrition - Beginner | Fundamentals (Updated Edition),"Master the basics of Healthy Nutrition using simple explanations and interactive exercises. Skills covered include best practices, critical thinking, team collaboration. You will gain hands-on experience using industry-standard tools.",Physical Education & Health,Beginner,45,1,4.02
1740,Exercise and Wellness | Fundamentals (Updated Edition),"Start your learning journey in Physical Education & Health through hands-on projects and real-world examples. Skills covered include real-world deployment, project implementation, software development. You will build real projects throughout the course.",Physical Education & Health,Beginner,60,1,4.71
1741,Healthy Lifestyle,"Develop scalable solutions using modern frameworks and professional development practices. Skills covered include debugging, problem solving, best practices. You will understand best practices followed by professional engineers.",Physical Education & Health,Intermediate,90,2,4.22
1742,Healthy Habits | Fundamentals (Updated Edition),"Develop enterprise-grade applications using industry standards and modern architectures. Skills covered include debugging, real-world deployment, best practices. You will be able to apply your knowledge to practical business scenarios.",Physical Education & Health,Advanced,240,3,4.27
1743,Healthy Nutrition | Essentials (2026 Edition),"Perfect for beginners who want to build a strong foundation in Physical Education & Health. Skills covered include team collaboration, software development, real-world deployment. You will improve your technical and analytical thinking.",Physical Education & Health,Beginner,30,1,4.64
1744,Sportsmanship - Intermediate | Professional Certificate,"Learn advanced workflows and techniques used by professionals working in Physical Education & Health. Skills covered include problem solving, team collaboration, data analysis. You will gain hands-on experience using industry-standard tools.",Physical Education & Health,Intermediate,150,2,3.94
1745,Physical Challenges | Practical Workshop (2026 Edition),"Master the basics of Physical Challenges using simple explanations and interactive exercises. Skills covered include debugging, project implementation, software development. You will improve your technical and analytical thinking.",Physical Education & Health,Beginner,45,1,4.56
1746,Movement Games,"Work with large-scale projects and advanced design strategies in Physical Education & Health. Skills covered include real-world deployment, critical thinking, software development. You will understand best practices followed by professional engineers.",Physical Education & Health,Advanced,120,3,3.87
1747,Yoga for Kids - Intermediate | Hands-on Training,"Develop scalable solutions using modern frameworks and professional development practices. Skills covered include critical thinking, problem solving, team collaboration. You will confidently work on real software projects.",Physical Education & Health,Intermediate,120,2,4.27
1748,Healthy Living (Updated Edition),"Learn the fundamentals of Healthy Living from scratch with practical examples and step-by-step explanations. Skills covered include problem solving, critical thinking, software development. You will improve your technical and analytical thinking.",Physical Education & Health,Beginner,75,1,4.54
1749,Sportsmanship - Beginner | Bootcamp,"Understand key principles and build confidence through guided exercises and quizzes. Skills covered include critical thinking, data analysis, real-world deployment. You will be able to apply your knowledge to practical business scenarios.",Physical Education & Health,Beginner,45,1,4.67
1750,Kids Fitness - Intermediate | Professional Certificate (Updated Edition),"Develop scalable solutions using modern frameworks and professional development practices. Skills covered include debugging, data analysis, system design. You will develop portfolio-ready applications.",Physical Education & Health,Intermediate,150,2,4.82
1751,Personal Hygiene - Beginner (Updated Edition),"Master the basics of Personal Hygiene using simple explanations and interactive exercises. Skills covered include project implementation, debugging, problem solving. You will gain hands-on experience using industry-standard tools.",Physical Education & Health,Beginner,45,1,4.76
1752,Healthy Living | Masterclass,"Master the basics of Healthy Living using simple explanations and interactive exercises. Skills covered include project implementation, best practices, software development. You will develop portfolio-ready applications.",Physical Education & Health,Beginner,75,1,4.46
1753,Safety Education | Hands-on Training,"Develop your first practical projects while learning the core concepts of Safety Education. Skills covered include critical thinking, software development, best practices. You will be able to apply your knowledge to practical business scenarios.",Physical Education & Health,Beginner,75,1,4.35
1754,Healthy Habits (Latest Version),"Practice real-world scenarios and improve your problem-solving skills in Physical Education & Health. Skills covered include debugging, software development, team collaboration. You will develop portfolio-ready applications.",Physical Education & Health,Intermediate,150,2,4.27
1755,Sports Fundamentals | Fundamentals (Latest Version),"Develop enterprise-grade applications using industry standards and modern architectures. Skills covered include real-world deployment, project implementation, best practices. You will confidently work on real software projects.",Physical Education & Health,Advanced,240,3,3.64
1756,Sports Fundamentals - Intermediate | Fundamentals,"Strengthen your knowledge of Sports Fundamentals by solving practical industry-focused projects. Skills covered include problem solving, debugging, critical thinking. You will develop portfolio-ready applications.",Physical Education & Health,Intermediate,120,2,4.48
1757,Sportsmanship - Intermediate | Professional Certificate (2026 Edition),"Improve your technical skills with hands-on labs, assignments, and real-world applications. Skills covered include project implementation, problem solving, real-world deployment. You will be prepared for technical interviews and real-world challenges.",Physical Education & Health,Intermediate,90,2,4.22
1758,Healthy Habits - Intermediate | Bootcamp (2026 Edition),"Develop scalable solutions using modern frameworks and professional development practices. Skills covered include project implementation, data analysis, software development. You will understand best practices followed by professional engineers.",Physical Education & Health,Intermediate,120,2,4.48
1759,First Aid Basics | Complete Course,"Expand your experience in Physical Education & Health using modern tools and best practices. Skills covered include critical thinking, real-world deployment, best practices. You will improve your technical and analytical thinking.",Physical Education & Health,Intermediate,120,2,4.41
1760,Wellbeing | Essentials (2026 Edition),"Strengthen your knowledge of Wellbeing by solving practical industry-focused projects. Skills covered include debugging, system design, project implementation. You will improve your technical and analytical thinking.",Physical Education & Health,Intermediate,90,2,3.96
1761,Exercise and Wellness - Intermediate | Professional Certificate (2026 Edition),"Strengthen your knowledge of Exercise and Wellness by solving practical industry-focused projects. Skills covered include debugging, real-world deployment, project implementation. You will build real projects throughout the course.",Physical Education & Health,Intermediate,120,2,4.08
1762,Movement Games - Advanced | Bootcamp,"Work with large-scale projects and advanced design strategies in Physical Education & Health. Skills covered include data analysis, project implementation, system design. You will develop portfolio-ready applications.",Physical Education & Health,Advanced,120,3,3.96
1763,Sports Fundamentals - Advanced | Complete Course (2026 Edition),"Understand advanced implementation techniques used in professional environments. Skills covered include problem solving, system design, best practices. You will be able to apply your knowledge to practical business scenarios.",Physical Education & Health,Advanced,120,3,4.08
1764,Yoga for Kids - Intermediate | Essentials (Latest Version),"Improve your technical skills with hands-on labs, assignments, and real-world applications. Skills covered include software development, problem solving, system design. You will gain hands-on experience using industry-standard tools.",Physical Education & Health,Intermediate,60,2,4.22
1765,Healthy Living - Intermediate | Fundamentals,"Strengthen your knowledge of Healthy Living by solving practical industry-focused projects. Skills covered include system design, project implementation, best practices. You will gain hands-on experience using industry-standard tools.",Physical Education & Health,Intermediate,60,2,4.32
1766,Safety Education | Project-Based Learning,"Understand key principles and build confidence through guided exercises and quizzes. Skills covered include problem solving, critical thinking, debugging. You will be able to apply your knowledge to practical business scenarios.",Physical Education & Health,Beginner,90,1,4.44
1767,Movement Games | Fundamentals,"Apply your existing knowledge to build complete projects from start to finish. Skills covered include team collaboration, data analysis, real-world deployment. You will build real projects throughout the course.",Physical Education & Health,Intermediate,60,2,4.12
1768,Yoga for Kids - Beginner | Project-Based Learning (Updated Edition),"Start your learning journey in Physical Education & Health through hands-on projects and real-world examples. Skills covered include critical thinking, problem solving, best practices. You will be able to apply your knowledge to practical business scenarios.",Physical Education & Health,Beginner,60,1,4.4
1769,Wellbeing | Project-Based Learning,"Strengthen your knowledge of Wellbeing by solving practical industry-focused projects. Skills covered include system design, best practices, critical thinking. You will be prepared for technical interviews and real-world challenges.",Physical Education & Health,Intermediate,90,2,4.36
1770,Yoga for Kids | Essentials,"Learn advanced workflows and techniques used by professionals working in Physical Education & Health. Skills covered include system design, debugging, project implementation. You will confidently work on real software projects.",Physical Education & Health,Intermediate,90,2,3.97
1771,Physical Challenges | Essentials (2026 Edition),"Understand advanced implementation techniques used in professional environments. Skills covered include team collaboration, critical thinking, problem solving. You will be able to apply your knowledge to practical business scenarios.",Physical Education & Health,Advanced,180,3,4.14
1772,Personal Hygiene | Essentials (Updated Edition),"Strengthen your knowledge of Personal Hygiene by solving practical industry-focused projects. Skills covered include problem solving, software development, project implementation. You will develop portfolio-ready applications.",Physical Education & Health,Intermediate,150,2,4.24
1773,Healthy Lifestyle | Complete Course (2026 Edition),"Understand advanced implementation techniques used in professional environments. Skills covered include real-world deployment, problem solving, debugging. You will be prepared for technical interviews and real-world challenges.",Physical Education & Health,Advanced,150,3,4.34
1774,Wellbeing | Project-Based Learning (Updated Edition),"Learn the fundamentals of Wellbeing from scratch with practical examples and step-by-step explanations. Skills covered include debugging, best practices, data analysis. You will gain hands-on experience using industry-standard tools.",Physical Education & Health,Beginner,75,1,4.9
1775,Active Play | Bootcamp (2026 Edition),"Expand your experience in Physical Education & Health using modern tools and best practices. Skills covered include debugging, project implementation, software development. You will be prepared for technical interviews and real-world challenges.",Physical Education & Health,Intermediate,90,2,4.37
1776,Sports Fundamentals - Beginner (2026 Edition),"Learn the fundamentals of Sports Fundamentals from scratch with practical examples and step-by-step explanations. Skills covered include team collaboration, project implementation, software development. You will develop portfolio-ready applications.",Physical Education & Health,Beginner,60,1,4.54
1777,Healthy Lifestyle - Intermediate | Bootcamp (2026 Edition),"Expand your experience in Physical Education & Health using modern tools and best practices. Skills covered include system design, problem solving, team collaboration. You will develop portfolio-ready applications.",Physical Education & Health,Intermediate,120,2,4.1
1778,Yoga for Kids - Intermediate | Fundamentals,"Improve your technical skills with hands-on labs, assignments, and real-world applications. Skills covered include problem solving, software development, critical thinking. You will understand best practices followed by professional engineers.",Physical Education & Health,Intermediate,120,2,4.25
1779,Sports Fundamentals | Practical Workshop (Latest Version),"Develop your first practical projects while learning the core concepts of Sports Fundamentals. Skills covered include system design, project implementation, critical thinking. You will gain hands-on experience using industry-standard tools.",Physical Education & Health,Beginner,75,1,4.46
1780,Kids Fitness | Bootcamp (Updated Edition),"This beginner-friendly course introduces the essential concepts required to succeed in Physical Education & Health. Skills covered include software development, best practices, debugging. You will gain hands-on experience using industry-standard tools.",Physical Education & Health,Beginner,75,1,4.32
1781,Exercise and Wellness | Essentials (Updated Edition),"Apply your existing knowledge to build complete projects from start to finish. Skills covered include best practices, data analysis, critical thinking. You will be able to apply your knowledge to practical business scenarios.",Physical Education & Health,Intermediate,60,2,4.58
1782,Safety Education - Intermediate | Fundamentals (Latest Version),"Practice real-world scenarios and improve your problem-solving skills in Physical Education & Health. Skills covered include project implementation, software development, debugging. You will build real projects throughout the course.",Physical Education & Health,Intermediate,120,2,4.62
1783,Healthy Living - Intermediate | Masterclass (Latest Version),"Practice real-world scenarios and improve your problem-solving skills in Physical Education & Health. Skills covered include project implementation, debugging, best practices. You will confidently work on real software projects.",Physical Education & Health,Intermediate,90,2,4.24
1784,Outdoor Activities - Beginner | Bootcamp (Latest Version),"Gain practical skills in Outdoor Activities with real-life case studies and beginner projects. Skills covered include system design, problem solving, best practices. You will gain hands-on experience using industry-standard tools.",Physical Education & Health,Beginner,30,1,4.7
1785,Movement Games - Beginner | Professional Certificate (Latest Version),"Perfect for beginners who want to build a strong foundation in Physical Education & Health. Skills covered include best practices, data analysis, project implementation. You will improve your technical and analytical thinking.",Physical Education & Health,Beginner,75,1,4.45
1786,Sportsmanship | Complete Course (Latest Version),"This beginner-friendly course introduces the essential concepts required to succeed in Physical Education & Health. Skills covered include team collaboration, data analysis, best practices. You will be able to apply your knowledge to practical business scenarios.",Physical Education & Health,Beginner,30,1,4.42
1787,Healthy Habits | Fundamentals (2026 Edition),"Understand key principles and build confidence through guided exercises and quizzes. Skills covered include software development, best practices, real-world deployment. You will develop portfolio-ready applications.",Physical Education & Health,Beginner,60,1,4.53
1788,Healthy Nutrition - Intermediate | Hands-on Training (Updated Edition),"Apply your existing knowledge to build complete projects from start to finish. Skills covered include debugging, system design, software development. You will confidently work on real software projects.",Physical Education & Health,Intermediate,60,2,4.05
1789,Sports Fundamentals - Advanced | Masterclass (Updated Edition),"Understand advanced implementation techniques used in professional environments. Skills covered include software development, data analysis, real-world deployment. You will improve your technical and analytical thinking.",Physical Education & Health,Advanced,240,3,4.35
1790,Sportsmanship - Intermediate | Essentials (Latest Version),"Strengthen your knowledge of Sportsmanship by solving practical industry-focused projects. Skills covered include project implementation, team collaboration, debugging. You will improve your technical and analytical thinking.",Physical Education & Health,Intermediate,150,2,4.25
1791,Motor Skills - Beginner | Practical Workshop (Updated Edition),"Start your learning journey in Physical Education & Health through hands-on projects and real-world examples. Skills covered include best practices, system design, debugging. You will gain hands-on experience using industry-standard tools.",Physical Education & Health,Beginner,60,1,4.94
1792,Exercise and Wellness | Project-Based Learning (Latest Version),"Practice real-world scenarios and improve your problem-solving skills in Physical Education & Health. Skills covered include system design, data analysis, debugging. You will confidently work on real software projects.",Physical Education & Health,Intermediate,60,2,4.32
1793,Healthy Nutrition | Essentials (Latest Version),"Expand your experience in Physical Education & Health using modern tools and best practices. Skills covered include real-world deployment, problem solving, system design. You will develop portfolio-ready applications.",Physical Education & Health,Intermediate,120,2,4.22
1794,Outdoor Activities | Project-Based Learning (2026 Edition),"Prepare for senior-level positions by mastering the latest technologies in Physical Education & Health. Skills covered include system design, software development, problem solving. You will be able to apply your knowledge to practical business scenarios.",Physical Education & Health,Advanced,150,3,4.22
1795,Motor Skills - Advanced | Complete Course (Latest Version),"Gain expert-level knowledge through challenging case studies and complex projects. Skills covered include best practices, debugging, critical thinking. You will confidently work on real software projects.",Physical Education & Health,Advanced,120,3,4.13
1796,Yoga for Kids - Intermediate (Updated Edition),"Expand your experience in Physical Education & Health using modern tools and best practices. Skills covered include project implementation, real-world deployment, debugging. You will improve your technical and analytical thinking.",Physical Education & Health,Intermediate,120,2,3.83
1797,Healthy Nutrition - Beginner | Bootcamp (Latest Version),"Start your learning journey in Physical Education & Health through hands-on projects and real-world examples. Skills covered include problem solving, software development, debugging. You will build real projects throughout the course.",Physical Education & Health,Beginner,45,1,4.11
1798,Yoga for Kids | Professional Certificate (2026 Edition),"Prepare for senior-level positions by mastering the latest technologies in Physical Education & Health. Skills covered include critical thinking, problem solving, debugging. You will build real projects throughout the course.",Physical Education & Health,Advanced,180,3,3.87
1799,Sports Fundamentals - Intermediate (2026 Edition),"Strengthen your knowledge of Sports Fundamentals by solving practical industry-focused projects. Skills covered include data analysis, problem solving, team collaboration. You will develop portfolio-ready applications.",Physical Education & Health,Intermediate,150,2,4.54
1800,Fitness Challenges | Complete Course (Latest Version),"This beginner-friendly course introduces the essential concepts required to succeed in Physical Education & Health. Skills covered include project implementation, debugging, system design. You will gain hands-on experience using industry-standard tools.",Physical Education & Health,Beginner,45,1,4.37
1801,Discipline with Love | Professional Certificate (Latest Version),"Master the basics of Discipline with Love using simple explanations and interactive exercises. Skills covered include real-world deployment, problem solving, debugging. You will understand best practices followed by professional engineers.",Parenting & Family,Beginner,45,1,4.52
1802,Building Confidence - Beginner | Practical Workshop (Updated Edition),"Master the basics of Building Confidence using simple explanations and interactive exercises. Skills covered include real-world deployment, system design, software development. You will confidently work on real software projects.",Parenting & Family,Beginner,90,1,4.49
1803,Child Safety - Advanced | Project-Based Learning (2026 Edition),"Understand advanced implementation techniques used in professional environments. Skills covered include system design, data analysis, problem solving. You will develop portfolio-ready applications.",Parenting & Family,Advanced,150,3,4.2
1804,Supporting Independence (2026 Edition),"Prepare for senior-level positions by mastering the latest technologies in Parenting & Family. Skills covered include debugging, data analysis, software development. You will confidently work on real software projects.",Parenting & Family,Advanced,210,3,4.02
1805,Child Safety - Intermediate | Professional Certificate (Updated Edition),"Practice real-world scenarios and improve your problem-solving skills in Parenting & Family. Skills covered include problem solving, best practices, real-world deployment. You will be prepared for technical interviews and real-world challenges.",Parenting & Family,Intermediate,150,2,4.26
1806,Emotional Support | Hands-on Training (Latest Version),"Master advanced concepts in Emotional Support through real-world enterprise applications. Skills covered include software development, problem solving, team collaboration. You will gain hands-on experience using industry-standard tools.",Parenting & Family,Advanced,210,3,4.51
1807,Supporting Independence - Advanced | Complete Course,"Develop enterprise-grade applications using industry standards and modern architectures. Skills covered include system design, problem solving, project implementation. You will develop portfolio-ready applications.",Parenting & Family,Advanced,150,3,4.17
1808,Building Trust - Intermediate (2026 Edition),"Practice real-world scenarios and improve your problem-solving skills in Parenting & Family. Skills covered include system design, real-world deployment, team collaboration. You will be able to apply your knowledge to practical business scenarios.",Parenting & Family,Intermediate,90,2,3.76
1809,Positive Parenting - Advanced | Masterclass (Updated Edition),"Gain expert-level knowledge through challenging case studies and complex projects. Skills covered include data analysis, problem solving, critical thinking. You will improve your technical and analytical thinking.",Parenting & Family,Advanced,120,3,4.24
1810,Parent Teacher Partnership (2026 Edition),"This beginner-friendly course introduces the essential concepts required to succeed in Parenting & Family. Skills covered include system design, real-world deployment, team collaboration. You will improve your technical and analytical thinking.",Parenting & Family,Beginner,90,1,4.7
1811,Child Safety - Beginner | Masterclass (Latest Version),"Learn the fundamentals of Child Safety from scratch with practical examples and step-by-step explanations. Skills covered include data analysis, team collaboration, system design. You will gain hands-on experience using industry-standard tools.",Parenting & Family,Beginner,90,1,4.47
1812,Supporting Learning at Home - Advanced | Professional Certificate (Updated Edition),"Master advanced concepts in Supporting Learning at Home through real-world enterprise applications. Skills covered include best practices, data analysis, debugging. You will understand best practices followed by professional engineers.",Parenting & Family,Advanced,150,3,4.11
1813,Parenting Skills - Intermediate | Complete Course,"Improve your technical skills with hands-on labs, assignments, and real-world applications. Skills covered include critical thinking, best practices, team collaboration. You will develop portfolio-ready applications.",Parenting & Family,Intermediate,90,2,4.31
1814,Supporting Independence - Beginner | Complete Course,"Start your learning journey in Parenting & Family through hands-on projects and real-world examples. Skills covered include real-world deployment, project implementation, critical thinking. You will improve your technical and analytical thinking.",Parenting & Family,Beginner,75,1,4.79
1815,Discipline with Love - Beginner | Bootcamp (2026 Edition),"Perfect for beginners who want to build a strong foundation in Parenting & Family. Skills covered include best practices, data analysis, system design. You will be prepared for technical interviews and real-world challenges.",Parenting & Family,Beginner,75,1,4.13
1816,Supporting Learning at Home | Professional Certificate (Latest Version),"Understand advanced implementation techniques used in professional environments. Skills covered include project implementation, debugging, critical thinking. You will be able to apply your knowledge to practical business scenarios.",Parenting & Family,Advanced,150,3,4.23
1817,Positive Parenting | Hands-on Training,"Work with large-scale projects and advanced design strategies in Parenting & Family. Skills covered include team collaboration, project implementation, data analysis. You will be able to apply your knowledge to practical business scenarios.",Parenting & Family,Advanced,150,3,4.42
1818,Building Confidence - Beginner | Complete Course,"Master the basics of Building Confidence using simple explanations and interactive exercises. Skills covered include data analysis, real-world deployment, problem solving. You will understand best practices followed by professional engineers.",Parenting & Family,Beginner,60,1,4.55
1819,Family Relationships - Beginner | Complete Course,"Gain practical skills in Family Relationships with real-life case studies and beginner projects. Skills covered include best practices, real-world deployment, software development. You will develop portfolio-ready applications.",Parenting & Family,Beginner,60,1,4.54
1820,Discipline with Love | Complete Course (Updated Edition),"Learn advanced workflows and techniques used by professionals working in Parenting & Family. Skills covered include critical thinking, team collaboration, system design. You will develop portfolio-ready applications.",Parenting & Family,Intermediate,90,2,4.78
1821,Parent Teacher Partnership - Intermediate | Essentials,"Apply your existing knowledge to build complete projects from start to finish. Skills covered include problem solving, debugging, best practices. You will be prepared for technical interviews and real-world challenges.",Parenting & Family,Intermediate,60,2,4.2
1822,Supporting Independence - Beginner | Masterclass (2026 Edition),"Understand key principles and build confidence through guided exercises and quizzes. Skills covered include data analysis, critical thinking, real-world deployment. You will build real projects throughout the course.",Parenting & Family,Beginner,90,1,4.8
1823,Child Safety | Essentials (Updated Edition),"Develop your first practical projects while learning the core concepts of Child Safety. Skills covered include team collaboration, real-world deployment, system design. You will be able to apply your knowledge to practical business scenarios.",Parenting & Family,Beginner,60,1,4.78
1824,Parent Teacher Partnership | Project-Based Learning (2026 Edition),"Strengthen your knowledge of Parent Teacher Partnership by solving practical industry-focused projects. Skills covered include team collaboration, project implementation, debugging. You will confidently work on real software projects.",Parenting & Family,Intermediate,90,2,4.41
1825,Supporting Learning at Home | Complete Course (Updated Edition),"Practice real-world scenarios and improve your problem-solving skills in Parenting & Family. Skills covered include data analysis, critical thinking, debugging. You will be able to apply your knowledge to practical business scenarios.",Parenting & Family,Intermediate,90,2,4.53
1826,Building Trust - Beginner | Complete Course (Updated Edition),"Start your learning journey in Parenting & Family through hands-on projects and real-world examples. Skills covered include data analysis, debugging, software development. You will develop portfolio-ready applications.",Parenting & Family,Beginner,30,1,4.23
1827,Discipline with Love | Hands-on Training (2026 Edition),"Start your learning journey in Parenting & Family through hands-on projects and real-world examples. Skills covered include software development, system design, project implementation. You will gain hands-on experience using industry-standard tools.",Parenting & Family,Beginner,45,1,4.43
1828,Emotional Support - Intermediate | Complete Course,"Develop scalable solutions using modern frameworks and professional development practices. Skills covered include software development, best practices, problem solving. You will be able to apply your knowledge to practical business scenarios.",Parenting & Family,Intermediate,150,2,4.21
1829,Sleep Routines - Beginner | Professional Certificate (Updated Edition),"Perfect for beginners who want to build a strong foundation in Parenting & Family. Skills covered include best practices, project implementation, problem solving. You will build real projects throughout the course.",Parenting & Family,Beginner,90,1,4.39
1830,Teen Parenting - Intermediate,"Practice real-world scenarios and improve your problem-solving skills in Parenting & Family. Skills covered include system design, team collaboration, software development. You will be able to apply your knowledge to practical business scenarios.",Parenting & Family,Intermediate,90,2,4.43
1831,Child Safety - Beginner | Project-Based Learning,"Learn the fundamentals of Child Safety from scratch with practical examples and step-by-step explanations. Skills covered include debugging, problem solving, software development. You will confidently work on real software projects.",Parenting & Family,Beginner,90,1,4.58
1832,Family Wellbeing | Practical Workshop (Latest Version),"Expand your experience in Parenting & Family using modern tools and best practices. Skills covered include debugging, problem solving, best practices. You will be prepared for technical interviews and real-world challenges.",Parenting & Family,Intermediate,150,2,4.78
1833,Supporting Learning at Home - Beginner | Masterclass (Updated Edition),"Start your learning journey in Parenting & Family through hands-on projects and real-world examples. Skills covered include system design, project implementation, debugging. You will gain hands-on experience using industry-standard tools.",Parenting & Family,Beginner,30,1,4.34
1834,Discipline with Love - Advanced | Complete Course (2026 Edition),"Explore optimization, scalability, and best engineering practices in Discipline with Love. Skills covered include debugging, critical thinking, problem solving. You will develop portfolio-ready applications.",Parenting & Family,Advanced,150,3,4.02
1835,Emotional Support - Intermediate | Hands-on Training (Updated Edition),"Explore intermediate concepts in Emotional Support while building portfolio-ready projects. Skills covered include project implementation, critical thinking, system design. You will confidently work on real software projects.",Parenting & Family,Intermediate,90,2,4.25
1836,Child Safety | Hands-on Training (Updated Edition),"Strengthen your knowledge of Child Safety by solving practical industry-focused projects. Skills covered include debugging, system design, project implementation. You will develop portfolio-ready applications.",Parenting & Family,Intermediate,150,2,4.06
1837,Child Safety (Updated Edition),"Expand your experience in Parenting & Family using modern tools and best practices. Skills covered include team collaboration, real-world deployment, best practices. You will build real projects throughout the course.",Parenting & Family,Intermediate,60,2,3.81
1838,Managing Screen Time - Advanced | Project-Based Learning (2026 Edition),"Work with large-scale projects and advanced design strategies in Parenting & Family. Skills covered include problem solving, software development, project implementation. You will improve your technical and analytical thinking.",Parenting & Family,Advanced,180,3,4.18
1839,Discipline with Love | Professional Certificate,"Develop your first practical projects while learning the core concepts of Discipline with Love. Skills covered include system design, team collaboration, debugging. You will develop portfolio-ready applications.",Parenting & Family,Beginner,45,1,4.54
1840,Discipline with Love (2026 Edition),"Practice real-world scenarios and improve your problem-solving skills in Parenting & Family. Skills covered include system design, debugging, software development. You will be prepared for technical interviews and real-world challenges.",Parenting & Family,Intermediate,120,2,4.53
1841,Building Trust - Intermediate | Professional Certificate (Latest Version),"Explore intermediate concepts in Building Trust while building portfolio-ready projects. Skills covered include critical thinking, problem solving, team collaboration. You will understand best practices followed by professional engineers.",Parenting & Family,Intermediate,90,2,3.9
1842,Teen Parenting | Practical Workshop (Updated Edition),"Learn advanced workflows and techniques used by professionals working in Parenting & Family. Skills covered include critical thinking, debugging, project implementation. You will improve your technical and analytical thinking.",Parenting & Family,Intermediate,120,2,4.26
1843,Parent Teacher Partnership - Advanced | Fundamentals,"Build production-ready systems while learning professional development techniques. Skills covered include project implementation, debugging, problem solving. You will develop portfolio-ready applications.",Parenting & Family,Advanced,240,3,4.16
1844,Family Wellbeing | Hands-on Training,"Prepare for senior-level positions by mastering the latest technologies in Parenting & Family. Skills covered include team collaboration, real-world deployment, project implementation. You will develop portfolio-ready applications.",Parenting & Family,Advanced,150,3,3.82
1845,Healthy Family Habits - Intermediate | Hands-on Training (Latest Version),"Practice real-world scenarios and improve your problem-solving skills in Parenting & Family. Skills covered include debugging, project implementation, real-world deployment. You will confidently work on real software projects.",Parenting & Family,Intermediate,150,2,4.65
1846,Supporting Learning at Home | Hands-on Training (2026 Edition),"Practice real-world scenarios and improve your problem-solving skills in Parenting & Family. Skills covered include project implementation, critical thinking, data analysis. You will build real projects throughout the course.",Parenting & Family,Intermediate,60,2,3.77
1847,Parent Child Communication - Beginner | Project-Based Learning (2026 Edition),"Learn the fundamentals of Parent Child Communication from scratch with practical examples and step-by-step explanations. Skills covered include best practices, team collaboration, debugging. You will build real projects throughout the course.",Parenting & Family,Beginner,30,1,4.54
1848,Emotional Support | Practical Workshop (Latest Version),"Gain expert-level knowledge through challenging case studies and complex projects. Skills covered include problem solving, system design, team collaboration. You will confidently work on real software projects.",Parenting & Family,Advanced,120,3,3.89
1849,Building Confidence - Advanced | Fundamentals (2026 Edition),"Explore optimization, scalability, and best engineering practices in Building Confidence. Skills covered include problem solving, debugging, best practices. You will gain hands-on experience using industry-standard tools.",Parenting & Family,Advanced,120,3,3.81
1850,Building Trust | Complete Course (2026 Edition),"Prepare for senior-level positions by mastering the latest technologies in Parenting & Family. Skills covered include real-world deployment, project implementation, critical thinking. You will build real projects throughout the course.",Parenting & Family,Advanced,210,3,4.32
1851,Home Learning | Essentials (Latest Version),"Strengthen your knowledge of Home Learning by solving practical industry-focused projects. Skills covered include debugging, best practices, system design. You will be prepared for technical interviews and real-world challenges.",Parenting & Family,Intermediate,90,2,4.08
1852,Healthy Family Habits | Complete Course (Latest Version),"Develop your first practical projects while learning the core concepts of Healthy Family Habits. Skills covered include data analysis, problem solving, project implementation. You will be able to apply your knowledge to practical business scenarios.",Parenting & Family,Beginner,30,1,4.5
1853,Supporting Learning at Home | Project-Based Learning,"Build production-ready systems while learning professional development techniques. Skills covered include team collaboration, debugging, best practices. You will build real projects throughout the course.",Parenting & Family,Advanced,240,3,3.76
1854,Sleep Routines - Beginner | Complete Course,"Start your learning journey in Parenting & Family through hands-on projects and real-world examples. Skills covered include real-world deployment, problem solving, best practices. You will improve your technical and analytical thinking.",Parenting & Family,Beginner,75,1,4.68
1855,Supporting Independence - Intermediate | Essentials,"Practice real-world scenarios and improve your problem-solving skills in Parenting & Family. Skills covered include system design, real-world deployment, best practices. You will gain hands-on experience using industry-standard tools.",Parenting & Family,Intermediate,150,2,4.41
1856,Discipline with Love (Latest Version),"Learn advanced workflows and techniques used by professionals working in Parenting & Family. Skills covered include debugging, project implementation, software development. You will build real projects throughout the course.",Parenting & Family,Intermediate,120,2,4.4
1857,Healthy Family Habits - Intermediate | Fundamentals (2026 Edition),"Strengthen your knowledge of Healthy Family Habits by solving practical industry-focused projects. Skills covered include critical thinking, project implementation, data analysis. You will be prepared for technical interviews and real-world challenges.",Parenting & Family,Intermediate,90,2,4.5
1858,Discipline with Love - Beginner | Hands-on Training (2026 Edition),"Develop your first practical projects while learning the core concepts of Discipline with Love. Skills covered include team collaboration, best practices, system design. You will build real projects throughout the course.",Parenting & Family,Beginner,90,1,4.44
1859,Family Activities | Fundamentals (2026 Edition),"This beginner-friendly course introduces the essential concepts required to succeed in Parenting & Family. Skills covered include system design, problem solving, software development. You will gain hands-on experience using industry-standard tools.",Parenting & Family,Beginner,45,1,4.22
1860,Discipline with Love | Bootcamp (Latest Version),"Develop scalable solutions using modern frameworks and professional development practices. Skills covered include debugging, project implementation, system design. You will gain hands-on experience using industry-standard tools.",Parenting & Family,Intermediate,60,2,4.19
1861,Parent Teacher Partnership - Advanced | Essentials,"Work with large-scale projects and advanced design strategies in Parenting & Family. Skills covered include team collaboration, critical thinking, data analysis. You will build real projects throughout the course.",Parenting & Family,Advanced,210,3,3.99
1862,Healthy Family Habits,"Work with large-scale projects and advanced design strategies in Parenting & Family. Skills covered include debugging, project implementation, problem solving. You will confidently work on real software projects.",Parenting & Family,Advanced,120,3,3.95
1863,Parent Child Communication - Beginner | Essentials,"Start your learning journey in Parenting & Family through hands-on projects and real-world examples. Skills covered include real-world deployment, debugging, software development. You will develop portfolio-ready applications.",Parenting & Family,Beginner,75,1,4.58
1864,Emotional Support - Advanced | Practical Workshop,"Work with large-scale projects and advanced design strategies in Parenting & Family. Skills covered include team collaboration, real-world deployment, data analysis. You will be able to apply your knowledge to practical business scenarios.",Parenting & Family,Advanced,210,3,4.22
1865,Discipline with Love | Bootcamp,"Expand your experience in Parenting & Family using modern tools and best practices. Skills covered include real-world deployment, debugging, critical thinking. You will be able to apply your knowledge to practical business scenarios.",Parenting & Family,Intermediate,60,2,4.0
1866,Family Wellbeing - Intermediate | Complete Course,"Strengthen your knowledge of Family Wellbeing by solving practical industry-focused projects. Skills covered include system design, critical thinking, best practices. You will build real projects throughout the course.",Parenting & Family,Intermediate,90,2,4.46
1867,Child Safety | Hands-on Training (2026 Edition),"Understand advanced implementation techniques used in professional environments. Skills covered include software development, project implementation, data analysis. You will confidently work on real software projects.",Parenting & Family,Advanced,180,3,4.07
1868,Positive Parenting - Beginner (Updated Edition),"Start your learning journey in Parenting & Family through hands-on projects and real-world examples. Skills covered include data analysis, system design, debugging. You will build real projects throughout the course.",Parenting & Family,Beginner,60,1,4.72
1869,Supporting Independence | Complete Course (2026 Edition),"This beginner-friendly course introduces the essential concepts required to succeed in Parenting & Family. Skills covered include real-world deployment, best practices, debugging. You will build real projects throughout the course.",Parenting & Family,Beginner,60,1,4.5
1870,Teen Parenting - Intermediate | Project-Based Learning,"Improve your technical skills with hands-on labs, assignments, and real-world applications. Skills covered include debugging, data analysis, software development. You will develop portfolio-ready applications.",Parenting & Family,Intermediate,120,2,4.46
1871,Parent Child Communication | Masterclass (Latest Version),"Gain practical skills in Parent Child Communication with real-life case studies and beginner projects. Skills covered include data analysis, project implementation, problem solving. You will improve your technical and analytical thinking.",Parenting & Family,Beginner,90,1,4.51
1872,Digital Parenting - Advanced | Professional Certificate (2026 Edition),"Prepare for senior-level positions by mastering the latest technologies in Parenting & Family. Skills covered include best practices, system design, data analysis. You will develop portfolio-ready applications.",Parenting & Family,Advanced,180,3,3.71
1873,Digital Parenting - Intermediate | Masterclass (2026 Edition),"Apply your existing knowledge to build complete projects from start to finish. Skills covered include real-world deployment, team collaboration, debugging. You will develop portfolio-ready applications.",Parenting & Family,Intermediate,150,2,4.55
1874,Supporting Independence | Practical Workshop (Updated Edition),"Start your learning journey in Parenting & Family through hands-on projects and real-world examples. Skills covered include problem solving, project implementation, software development. You will be prepared for technical interviews and real-world challenges.",Parenting & Family,Beginner,45,1,4.56
1875,Child Safety - Beginner | Hands-on Training (2026 Edition),"Gain practical skills in Child Safety with real-life case studies and beginner projects. Skills covered include real-world deployment, debugging, software development. You will improve your technical and analytical thinking.",Parenting & Family,Beginner,75,1,4.42
1876,Family Activities - Beginner | Fundamentals (2026 Edition),"Develop your first practical projects while learning the core concepts of Family Activities. Skills covered include team collaboration, best practices, debugging. You will confidently work on real software projects.",Parenting & Family,Beginner,45,1,4.55
1877,Family Wellbeing | Complete Course (Updated Edition),"Learn advanced workflows and techniques used by professionals working in Parenting & Family. Skills covered include problem solving, team collaboration, project implementation. You will improve your technical and analytical thinking.",Parenting & Family,Intermediate,60,2,4.24
1878,Family Relationships - Beginner | Fundamentals (2026 Edition),"Start your learning journey in Parenting & Family through hands-on projects and real-world examples. Skills covered include debugging, problem solving, team collaboration. You will build real projects throughout the course.",Parenting & Family,Beginner,45,1,4.68
1879,Managing Screen Time (Latest Version),"Perfect for beginners who want to build a strong foundation in Parenting & Family. Skills covered include project implementation, system design, problem solving. You will develop portfolio-ready applications.",Parenting & Family,Beginner,45,1,4.72
1880,Supporting Independence - Beginner | Professional Certificate,"Gain practical skills in Supporting Independence with real-life case studies and beginner projects. Skills covered include data analysis, software development, best practices. You will be able to apply your knowledge to practical business scenarios.",Parenting & Family,Beginner,45,1,4.16
1881,Parent Child Communication | Essentials (Latest Version),"Learn advanced workflows and techniques used by professionals working in Parenting & Family. Skills covered include project implementation, problem solving, data analysis. You will be able to apply your knowledge to practical business scenarios.",Parenting & Family,Intermediate,150,2,4.18
1882,Parent Child Communication - Intermediate | Masterclass (Updated Edition),"Apply your existing knowledge to build complete projects from start to finish. Skills covered include debugging, real-world deployment, critical thinking. You will develop portfolio-ready applications.",Parenting & Family,Intermediate,60,2,4.69
1883,Building Trust - Advanced | Hands-on Training (2026 Edition),"Master advanced concepts in Building Trust through real-world enterprise applications. Skills covered include critical thinking, best practices, data analysis. You will improve your technical and analytical thinking.",Parenting & Family,Advanced,180,3,3.99
1884,Positive Parenting - Intermediate | Hands-on Training (Latest Version),"Practice real-world scenarios and improve your problem-solving skills in Parenting & Family. Skills covered include best practices, software development, project implementation. You will build real projects throughout the course.",Parenting & Family,Intermediate,150,2,4.38
1885,Emotional Support | Professional Certificate (Latest Version),"Perfect for beginners who want to build a strong foundation in Parenting & Family. Skills covered include system design, best practices, data analysis. You will be prepared for technical interviews and real-world challenges.",Parenting & Family,Beginner,30,1,4.45
1886,Family Relationships | Project-Based Learning (Latest Version),"Start your learning journey in Parenting & Family through hands-on projects and real-world examples. Skills covered include critical thinking, best practices, data analysis. You will build real projects throughout the course.",Parenting & Family,Beginner,45,1,4.29
1887,Teen Parenting - Intermediate | Fundamentals (2026 Edition),"Expand your experience in Parenting & Family using modern tools and best practices. Skills covered include real-world deployment, system design, best practices. You will improve your technical and analytical thinking.",Parenting & Family,Intermediate,90,2,4.14
1888,Healthy Family Habits - Intermediate | Masterclass (Updated Edition),"Explore intermediate concepts in Healthy Family Habits while building portfolio-ready projects. Skills covered include project implementation, best practices, real-world deployment. You will build real projects throughout the course.",Parenting & Family,Intermediate,120,2,3.85
1889,Building Confidence (Latest Version),"Expand your experience in Parenting & Family using modern tools and best practices. Skills covered include problem solving, best practices, debugging. You will understand best practices followed by professional engineers.",Parenting & Family,Intermediate,90,2,4.33
1890,Managing Screen Time | Fundamentals,"Gain expert-level knowledge through challenging case studies and complex projects. Skills covered include critical thinking, best practices, system design. You will be able to apply your knowledge to practical business scenarios.",Parenting & Family,Advanced,120,3,3.89
1891,Building Trust | Bootcamp (Updated Edition),"Expand your experience in Parenting & Family using modern tools and best practices. Skills covered include team collaboration, data analysis, problem solving. You will understand best practices followed by professional engineers.",Parenting & Family,Intermediate,150,2,4.37
1892,Family Activities | Bootcamp,"Explore intermediate concepts in Family Activities while building portfolio-ready projects. Skills covered include project implementation, debugging, data analysis. You will improve your technical and analytical thinking.",Parenting & Family,Intermediate,150,2,4.48
1893,Parenting Skills | Hands-on Training,"Improve your technical skills with hands-on labs, assignments, and real-world applications. Skills covered include problem solving, project implementation, data analysis. You will develop portfolio-ready applications.",Parenting & Family,Intermediate,150,2,4.5
1894,Family Relationships - Intermediate (2026 Edition),"Expand your experience in Parenting & Family using modern tools and best practices. Skills covered include team collaboration, problem solving, system design. You will be prepared for technical interviews and real-world challenges.",Parenting & Family,Intermediate,90,2,4.3
1895,Digital Parenting (2026 Edition),"Develop enterprise-grade applications using industry standards and modern architectures. Skills covered include problem solving, best practices, real-world deployment. You will be able to apply your knowledge to practical business scenarios.",Parenting & Family,Advanced,240,3,3.74
1896,Digital Parenting - Beginner | Fundamentals (Updated Edition),"This beginner-friendly course introduces the essential concepts required to succeed in Parenting & Family. Skills covered include debugging, system design, team collaboration. You will improve your technical and analytical thinking.",Parenting & Family,Beginner,75,1,4.37
1897,Parent Teacher Partnership - Intermediate | Complete Course (2026 Edition),"Explore intermediate concepts in Parent Teacher Partnership while building portfolio-ready projects. Skills covered include problem solving, team collaboration, real-world deployment. You will be prepared for technical interviews and real-world challenges.",Parenting & Family,Intermediate,90,2,4.08
1898,Family Wellbeing - Beginner | Fundamentals (Latest Version),"Start your learning journey in Parenting & Family through hands-on projects and real-world examples. Skills covered include problem solving, critical thinking, team collaboration. You will develop portfolio-ready applications.",Parenting & Family,Beginner,90,1,4.33
1899,Teen Parenting | Masterclass (2026 Edition),"This beginner-friendly course introduces the essential concepts required to succeed in Parenting & Family. Skills covered include team collaboration, data analysis, problem solving. You will understand best practices followed by professional engineers.",Parenting & Family,Beginner,75,1,4.68
1900,Child Safety - Advanced | Masterclass (2026 Edition),"Understand advanced implementation techniques used in professional environments. Skills covered include problem solving, project implementation, best practices. You will be able to apply your knowledge to practical business scenarios.",Parenting & Family,Advanced,120,3,4.23
1901,Supporting Learning at Home - Beginner | Masterclass (Latest Version),"This beginner-friendly course introduces the essential concepts required to succeed in Parenting & Family. Skills covered include project implementation, best practices, problem solving. You will be able to apply your knowledge to practical business scenarios.",Parenting & Family,Beginner,75,1,4.3
1902,Healthy Family Habits | Bootcamp (Updated Edition),"Develop your first practical projects while learning the core concepts of Healthy Family Habits. Skills covered include system design, project implementation, debugging. You will confidently work on real software projects.",Parenting & Family,Beginner,30,1,4.53
1903,Digital Parenting - Advanced | Complete Course (Latest Version),"Understand advanced implementation techniques used in professional environments. Skills covered include problem solving, data analysis, system design. You will build real projects throughout the course.",Parenting & Family,Advanced,150,3,3.9
1904,Supporting Learning at Home - Intermediate | Bootcamp (Updated Edition),"Practice real-world scenarios and improve your problem-solving skills in Parenting & Family. Skills covered include best practices, team collaboration, real-world deployment. You will build real projects throughout the course.",Parenting & Family,Intermediate,90,2,4.67
1905,Healthy Family Habits - Advanced | Essentials (Latest Version),"Explore optimization, scalability, and best engineering practices in Healthy Family Habits. Skills covered include problem solving, debugging, team collaboration. You will improve your technical and analytical thinking.",Parenting & Family,Advanced,180,3,4.17
1906,Sleep Routines - Advanced | Practical Workshop,"Build production-ready systems while learning professional development techniques. Skills covered include debugging, project implementation, problem solving. You will gain hands-on experience using industry-standard tools.",Parenting & Family,Advanced,240,3,4.06
1907,Positive Parenting - Advanced | Fundamentals,"Master advanced concepts in Positive Parenting through real-world enterprise applications. Skills covered include software development, data analysis, real-world deployment. You will build real projects throughout the course.",Parenting & Family,Advanced,150,3,4.48
1908,Parenting Skills | Complete Course (2026 Edition),"Gain practical skills in Parenting Skills with real-life case studies and beginner projects. Skills covered include real-world deployment, data analysis, system design. You will gain hands-on experience using industry-standard tools.",Parenting & Family,Beginner,60,1,4.65
1909,Supporting Independence - Intermediate | Complete Course (Latest Version),"Strengthen your knowledge of Supporting Independence by solving practical industry-focused projects. Skills covered include software development, best practices, data analysis. You will confidently work on real software projects.",Parenting & Family,Intermediate,60,2,4.08
1910,Emotional Support - Intermediate | Professional Certificate (Updated Edition),"Practice real-world scenarios and improve your problem-solving skills in Parenting & Family. Skills covered include project implementation, team collaboration, real-world deployment. You will develop portfolio-ready applications.",Parenting & Family,Intermediate,60,2,4.08
1911,Parent Teacher Partnership - Beginner | Bootcamp,"Understand key principles and build confidence through guided exercises and quizzes. Skills covered include data analysis, real-world deployment, system design. You will develop portfolio-ready applications.",Parenting & Family,Beginner,90,1,4.73
1912,Emotional Support - Advanced | Hands-on Training (Latest Version),"Gain expert-level knowledge through challenging case studies and complex projects. Skills covered include software development, critical thinking, best practices. You will confidently work on real software projects.",Parenting & Family,Advanced,150,3,4.32
1913,Parent Child Communication - Beginner | Hands-on Training (Latest Version),"Understand key principles and build confidence through guided exercises and quizzes. Skills covered include software development, project implementation, debugging. You will build real projects throughout the course.",Parenting & Family,Beginner,45,1,4.75
1914,Discipline with Love | Project-Based Learning (2026 Edition),"Learn the fundamentals of Discipline with Love from scratch with practical examples and step-by-step explanations. Skills covered include software development, system design, data analysis. You will gain hands-on experience using industry-standard tools.",Parenting & Family,Beginner,75,1,4.45
1915,Family Activities,"Improve your technical skills with hands-on labs, assignments, and real-world applications. Skills covered include critical thinking, debugging, best practices. You will gain hands-on experience using industry-standard tools.",Parenting & Family,Intermediate,90,2,4.26
1916,Parent Teacher Partnership - Intermediate | Practical Workshop (Latest Version),"Learn advanced workflows and techniques used by professionals working in Parenting & Family. Skills covered include software development, project implementation, team collaboration. You will gain hands-on experience using industry-standard tools.",Parenting & Family,Intermediate,120,2,4.21
1917,Healthy Family Habits | Practical Workshop (Updated Edition),"This beginner-friendly course introduces the essential concepts required to succeed in Parenting & Family. Skills covered include data analysis, system design, critical thinking. You will understand best practices followed by professional engineers.",Parenting & Family,Beginner,90,1,4.46
1918,Discipline with Love - Intermediate | Practical Workshop (Latest Version),"Develop scalable solutions using modern frameworks and professional development practices. Skills covered include debugging, project implementation, real-world deployment. You will improve your technical and analytical thinking.",Parenting & Family,Intermediate,60,2,4.69
1919,Sleep Routines - Beginner | Bootcamp (2026 Edition),"Gain practical skills in Sleep Routines with real-life case studies and beginner projects. Skills covered include debugging, team collaboration, problem solving. You will understand best practices followed by professional engineers.",Parenting & Family,Beginner,60,1,4.43
1920,Discipline with Love | Complete Course (2026 Edition),"Perfect for beginners who want to build a strong foundation in Parenting & Family. Skills covered include team collaboration, project implementation, system design. You will build real projects throughout the course.",Parenting & Family,Beginner,75,1,4.22
1921,Family Relationships | Complete Course,"Learn advanced workflows and techniques used by professionals working in Parenting & Family. Skills covered include real-world deployment, best practices, system design. You will be able to apply your knowledge to practical business scenarios.",Parenting & Family,Intermediate,150,2,4.13
1922,Healthy Family Habits | Hands-on Training (Updated Edition),"Learn advanced workflows and techniques used by professionals working in Parenting & Family. Skills covered include team collaboration, software development, data analysis. You will improve your technical and analytical thinking.",Parenting & Family,Intermediate,60,2,4.31
1923,Child Safety - Advanced | Project-Based Learning (Latest Version),"Explore optimization, scalability, and best engineering practices in Child Safety. Skills covered include real-world deployment, software development, system design. You will understand best practices followed by professional engineers.",Parenting & Family,Advanced,180,3,4.24
1924,Supporting Learning at Home - Beginner | Masterclass (2026 Edition),"Perfect for beginners who want to build a strong foundation in Parenting & Family. Skills covered include project implementation, problem solving, critical thinking. You will be prepared for technical interviews and real-world challenges.",Parenting & Family,Beginner,90,1,4.74
1925,Parenting Skills | Complete Course (Updated Edition),"Perfect for beginners who want to build a strong foundation in Parenting & Family. Skills covered include real-world deployment, team collaboration, software development. You will build real projects throughout the course.",Parenting & Family,Beginner,45,1,4.55
1926,Family Wellbeing | Practical Workshop,"Develop your first practical projects while learning the core concepts of Family Wellbeing. Skills covered include software development, debugging, problem solving. You will confidently work on real software projects.",Parenting & Family,Beginner,60,1,4.7
1927,Parent Teacher Partnership - Intermediate | Fundamentals,"Develop scalable solutions using modern frameworks and professional development practices. Skills covered include project implementation, system design, team collaboration. You will be able to apply your knowledge to practical business scenarios.",Parenting & Family,Intermediate,90,2,4.32
1928,Child Safety - Advanced | Hands-on Training (2026 Edition),"Prepare for senior-level positions by mastering the latest technologies in Parenting & Family. Skills covered include best practices, real-world deployment, system design. You will improve your technical and analytical thinking.",Parenting & Family,Advanced,210,3,4.12
1929,Managing Screen Time | Essentials,"Strengthen your knowledge of Managing Screen Time by solving practical industry-focused projects. Skills covered include best practices, problem solving, system design. You will understand best practices followed by professional engineers.",Parenting & Family,Intermediate,150,2,4.66
1930,Parent Child Communication (Updated Edition),"This beginner-friendly course introduces the essential concepts required to succeed in Parenting & Family. Skills covered include software development, project implementation, critical thinking. You will build real projects throughout the course.",Parenting & Family,Beginner,45,1,4.32
1931,Family Wellbeing - Advanced | Professional Certificate,"Understand advanced implementation techniques used in professional environments. Skills covered include best practices, data analysis, software development. You will be prepared for technical interviews and real-world challenges.",Parenting & Family,Advanced,210,3,4.05
1932,Discipline with Love | Practical Workshop,"Strengthen your knowledge of Discipline with Love by solving practical industry-focused projects. Skills covered include problem solving, system design, debugging. You will improve your technical and analytical thinking.",Parenting & Family,Intermediate,90,2,4.67
1933,Home Learning | Practical Workshop (Latest Version),"Apply your existing knowledge to build complete projects from start to finish. Skills covered include project implementation, data analysis, best practices. You will improve your technical and analytical thinking.",Parenting & Family,Intermediate,150,2,4.27
1934,Family Relationships | Masterclass (Latest Version),"Explore intermediate concepts in Family Relationships while building portfolio-ready projects. Skills covered include real-world deployment, team collaboration, debugging. You will build real projects throughout the course.",Parenting & Family,Intermediate,60,2,4.1
1935,Supporting Independence - Intermediate | Practical Workshop (Updated Edition),"Improve your technical skills with hands-on labs, assignments, and real-world applications. Skills covered include software development, debugging, team collaboration. You will develop portfolio-ready applications.",Parenting & Family,Intermediate,120,2,3.93
1936,Healthy Family Habits | Masterclass (Updated Edition),"Start your learning journey in Parenting & Family through hands-on projects and real-world examples. Skills covered include critical thinking, software development, real-world deployment. You will gain hands-on experience using industry-standard tools.",Parenting & Family,Beginner,30,1,4.24
1937,Parent Teacher Partnership - Intermediate | Essentials (Updated Edition),"Learn advanced workflows and techniques used by professionals working in Parenting & Family. Skills covered include best practices, debugging, software development. You will be able to apply your knowledge to practical business scenarios.",Parenting & Family,Intermediate,120,2,4.69
1938,Healthy Family Habits | Essentials (Updated Edition),"Work with large-scale projects and advanced design strategies in Parenting & Family. Skills covered include software development, data analysis, debugging. You will confidently work on real software projects.",Parenting & Family,Advanced,180,3,4.14
1939,Home Learning - Intermediate | Bootcamp (2026 Edition),"Apply your existing knowledge to build complete projects from start to finish. Skills covered include problem solving, data analysis, project implementation. You will gain hands-on experience using industry-standard tools.",Parenting & Family,Intermediate,90,2,3.96
1940,Digital Parenting - Intermediate | Hands-on Training,"Practice real-world scenarios and improve your problem-solving skills in Parenting & Family. Skills covered include debugging, project implementation, best practices. You will develop portfolio-ready applications.",Parenting & Family,Intermediate,120,2,4.41
1941,Digital Parenting | Practical Workshop (Latest Version),"Understand key principles and build confidence through guided exercises and quizzes. Skills covered include system design, team collaboration, real-world deployment. You will build real projects throughout the course.",Parenting & Family,Beginner,90,1,4.45
1942,Parenting Skills - Advanced | Project-Based Learning (2026 Edition),"Build production-ready systems while learning professional development techniques. Skills covered include problem solving, team collaboration, real-world deployment. You will be able to apply your knowledge to practical business scenarios.",Parenting & Family,Advanced,210,3,4.53
1943,Sleep Routines - Beginner | Hands-on Training (2026 Edition),"Develop your first practical projects while learning the core concepts of Sleep Routines. Skills covered include best practices, team collaboration, debugging. You will develop portfolio-ready applications.",Parenting & Family,Beginner,30,1,4.3
1944,Parent Teacher Partnership | Essentials (Latest Version),"Practice real-world scenarios and improve your problem-solving skills in Parenting & Family. Skills covered include best practices, data analysis, critical thinking. You will be able to apply your knowledge to practical business scenarios.",Parenting & Family,Intermediate,120,2,4.41
1945,Building Confidence - Intermediate | Professional Certificate,"Develop scalable solutions using modern frameworks and professional development practices. Skills covered include team collaboration, software development, project implementation. You will build real projects throughout the course.",Parenting & Family,Intermediate,60,2,4.09
1946,Family Activities | Hands-on Training (Updated Edition),"Perfect for beginners who want to build a strong foundation in Parenting & Family. Skills covered include software development, real-world deployment, project implementation. You will develop portfolio-ready applications.",Parenting & Family,Beginner,60,1,4.68
1947,Building Confidence | Essentials (Latest Version),"Master the basics of Building Confidence using simple explanations and interactive exercises. Skills covered include system design, team collaboration, debugging. You will be prepared for technical interviews and real-world challenges.",Parenting & Family,Beginner,30,1,4.8
1948,Positive Parenting | Masterclass (Updated Edition),"Expand your experience in Parenting & Family using modern tools and best practices. Skills covered include best practices, problem solving, system design. You will be prepared for technical interviews and real-world challenges.",Parenting & Family,Intermediate,60,2,4.68
1949,Healthy Family Habits | Fundamentals (Updated Edition),"Understand key principles and build confidence through guided exercises and quizzes. Skills covered include problem solving, software development, real-world deployment. You will understand best practices followed by professional engineers.",Parenting & Family,Beginner,45,1,4.76
1950,Parent Child Communication - Intermediate | Essentials (2026 Edition),"Expand your experience in Parenting & Family using modern tools and best practices. Skills covered include system design, project implementation, problem solving. You will be prepared for technical interviews and real-world challenges.",Parenting & Family,Intermediate,120,2,4.15
1951,Managing Screen Time | Project-Based Learning (Latest Version),"Work with large-scale projects and advanced design strategies in Parenting & Family. Skills covered include team collaboration, project implementation, critical thinking. You will improve your technical and analytical thinking.",Parenting & Family,Advanced,150,3,4.22
1952,Family Activities | Professional Certificate,"Learn the fundamentals of Family Activities from scratch with practical examples and step-by-step explanations. Skills covered include best practices, system design, data analysis. You will be prepared for technical interviews and real-world challenges.",Parenting & Family,Beginner,60,1,4.31
1953,Family Wellbeing | Essentials,"This beginner-friendly course introduces the essential concepts required to succeed in Parenting & Family. Skills covered include problem solving, data analysis, real-world deployment. You will be able to apply your knowledge to practical business scenarios.",Parenting & Family,Beginner,75,1,4.11
1954,Sleep Routines | Fundamentals (Updated Edition),"Learn the fundamentals of Sleep Routines from scratch with practical examples and step-by-step explanations. Skills covered include system design, critical thinking, data analysis. You will be able to apply your knowledge to practical business scenarios.",Parenting & Family,Beginner,45,1,4.02
1955,Parent Teacher Partnership | Fundamentals,"Improve your technical skills with hands-on labs, assignments, and real-world applications. Skills covered include critical thinking, best practices, team collaboration. You will confidently work on real software projects.",Parenting & Family,Intermediate,90,2,4.38
1956,Emotional Support | Project-Based Learning (Updated Edition),"Explore intermediate concepts in Emotional Support while building portfolio-ready projects. Skills covered include critical thinking, team collaboration, debugging. You will develop portfolio-ready applications.",Parenting & Family,Intermediate,60,2,4.18
1957,Home Learning - Intermediate | Masterclass,"Develop scalable solutions using modern frameworks and professional development practices. Skills covered include team collaboration, project implementation, critical thinking. You will be prepared for technical interviews and real-world challenges.",Parenting & Family,Intermediate,120,2,4.37
1958,Child Safety | Masterclass (2026 Edition),"Develop your first practical projects while learning the core concepts of Child Safety. Skills covered include team collaboration, debugging, project implementation. You will be able to apply your knowledge to practical business scenarios.",Parenting & Family,Beginner,30,1,4.21
1959,Discipline with Love - Intermediate | Project-Based Learning (Updated Edition),"Strengthen your knowledge of Discipline with Love by solving practical industry-focused projects. Skills covered include debugging, real-world deployment, software development. You will improve your technical and analytical thinking.",Parenting & Family,Intermediate,60,2,4.46
1960,Managing Screen Time | Essentials,"Start your learning journey in Parenting & Family through hands-on projects and real-world examples. Skills covered include project implementation, software development, debugging. You will understand best practices followed by professional engineers.",Parenting & Family,Beginner,90,1,4.28
1961,Parent Teacher Partnership | Hands-on Training,"Learn advanced workflows and techniques used by professionals working in Parenting & Family. Skills covered include system design, best practices, critical thinking. You will confidently work on real software projects.",Parenting & Family,Intermediate,90,2,4.33
1962,Parenting Skills - Intermediate | Fundamentals,"Improve your technical skills with hands-on labs, assignments, and real-world applications. Skills covered include best practices, problem solving, team collaboration. You will be prepared for technical interviews and real-world challenges.",Parenting & Family,Intermediate,90,2,4.58
1963,Parent Teacher Partnership - Advanced | Essentials (Latest Version),"Prepare for senior-level positions by mastering the latest technologies in Parenting & Family. Skills covered include real-world deployment, data analysis, project implementation. You will gain hands-on experience using industry-standard tools.",Parenting & Family,Advanced,240,3,4.05
1964,Discipline with Love - Intermediate | Practical Workshop (Updated Edition),"Strengthen your knowledge of Discipline with Love by solving practical industry-focused projects. Skills covered include best practices, system design, real-world deployment. You will gain hands-on experience using industry-standard tools.",Parenting & Family,Intermediate,60,2,4.57
1965,Family Activities - Intermediate | Practical Workshop (Latest Version),"Develop scalable solutions using modern frameworks and professional development practices. Skills covered include software development, debugging, system design. You will develop portfolio-ready applications.",Parenting & Family,Intermediate,120,2,3.79
1966,Building Trust - Intermediate | Hands-on Training (2026 Edition),"Strengthen your knowledge of Building Trust by solving practical industry-focused projects. Skills covered include best practices, debugging, critical thinking. You will be able to apply your knowledge to practical business scenarios.",Parenting & Family,Intermediate,90,2,4.84
1967,Teen Parenting - Intermediate | Bootcamp (2026 Edition),"Expand your experience in Parenting & Family using modern tools and best practices. Skills covered include team collaboration, real-world deployment, critical thinking. You will be able to apply your knowledge to practical business scenarios.",Parenting & Family,Intermediate,60,2,4.15
1968,Supporting Independence - Intermediate | Essentials (Latest Version),"Strengthen your knowledge of Supporting Independence by solving practical industry-focused projects. Skills covered include best practices, problem solving, debugging. You will be prepared for technical interviews and real-world challenges.",Parenting & Family,Intermediate,90,2,4.13
1969,Parenting Skills | Bootcamp,"Start your learning journey in Parenting & Family through hands-on projects and real-world examples. Skills covered include real-world deployment, team collaboration, software development. You will be prepared for technical interviews and real-world challenges.",Parenting & Family,Beginner,90,1,4.69
1970,Building Trust | Masterclass (2026 Edition),"Explore intermediate concepts in Building Trust while building portfolio-ready projects. Skills covered include real-world deployment, best practices, problem solving. You will improve your technical and analytical thinking.",Parenting & Family,Intermediate,150,2,4.51
1971,Parent Teacher Partnership | Project-Based Learning (Updated Edition),"Master the basics of Parent Teacher Partnership using simple explanations and interactive exercises. Skills covered include system design, data analysis, team collaboration. You will confidently work on real software projects.",Parenting & Family,Beginner,90,1,4.12
1972,Positive Parenting - Advanced | Project-Based Learning (2026 Edition),"Explore optimization, scalability, and best engineering practices in Positive Parenting. Skills covered include critical thinking, data analysis, team collaboration. You will understand best practices followed by professional engineers.",Parenting & Family,Advanced,150,3,3.77
1973,Parent Child Communication - Intermediate | Practical Workshop (Latest Version),"Apply your existing knowledge to build complete projects from start to finish. Skills covered include real-world deployment, system design, project implementation. You will develop portfolio-ready applications.",Parenting & Family,Intermediate,120,2,4.38
1974,Building Confidence - Beginner | Practical Workshop (2026 Edition),"This beginner-friendly course introduces the essential concepts required to succeed in Parenting & Family. Skills covered include critical thinking, project implementation, best practices. You will build real projects throughout the course.",Parenting & Family,Beginner,30,1,4.58
1975,Family Relationships - Advanced | Masterclass (Updated Edition),"Build production-ready systems while learning professional development techniques. Skills covered include data analysis, debugging, critical thinking. You will build real projects throughout the course.",Parenting & Family,Advanced,150,3,3.5
1976,Supporting Independence - Intermediate | Project-Based Learning (Latest Version),"Improve your technical skills with hands-on labs, assignments, and real-world applications. Skills covered include project implementation, real-world deployment, data analysis. You will be prepared for technical interviews and real-world challenges.",Parenting & Family,Intermediate,90,2,4.75
1977,Home Learning | Hands-on Training (Latest Version),"Understand key principles and build confidence through guided exercises and quizzes. Skills covered include debugging, project implementation, problem solving. You will gain hands-on experience using industry-standard tools.",Parenting & Family,Beginner,30,1,5.0
1978,Sleep Routines | Complete Course (Updated Edition),"Gain practical skills in Sleep Routines with real-life case studies and beginner projects. Skills covered include team collaboration, system design, critical thinking. You will understand best practices followed by professional engineers.",Parenting & Family,Beginner,45,1,4.12
1979,Supporting Independence - Advanced | Practical Workshop (Latest Version),"Prepare for senior-level positions by mastering the latest technologies in Parenting & Family. Skills covered include system design, critical thinking, debugging. You will improve your technical and analytical thinking.",Parenting & Family,Advanced,240,3,4.41
1980,Parent Child Communication | Bootcamp (Updated Edition),"Start your learning journey in Parenting & Family through hands-on projects and real-world examples. Skills covered include system design, real-world deployment, software development. You will develop portfolio-ready applications.",Parenting & Family,Beginner,60,1,4.3
1981,Managing Screen Time | Practical Workshop,"Understand key principles and build confidence through guided exercises and quizzes. Skills covered include problem solving, best practices, system design. You will develop portfolio-ready applications.",Parenting & Family,Beginner,60,1,4.18
1982,Emotional Support | Project-Based Learning (Updated Edition),"Build production-ready systems while learning professional development techniques. Skills covered include data analysis, real-world deployment, project implementation. You will gain hands-on experience using industry-standard tools.",Parenting & Family,Advanced,150,3,4.02
1983,Family Wellbeing | Fundamentals,"Start your learning journey in Parenting & Family through hands-on projects and real-world examples. Skills covered include software development, critical thinking, team collaboration. You will be prepared for technical interviews and real-world challenges.",Parenting & Family,Beginner,30,1,4.29
1984,Supporting Independence - Intermediate | Professional Certificate,"Explore intermediate concepts in Supporting Independence while building portfolio-ready projects. Skills covered include best practices, debugging, problem solving. You will develop portfolio-ready applications.",Parenting & Family,Intermediate,120,2,4.38
1985,Building Trust | Project-Based Learning (Latest Version),"Start your learning journey in Parenting & Family through hands-on projects and real-world examples. Skills covered include team collaboration, debugging, project implementation. You will improve your technical and analytical thinking.",Parenting & Family,Beginner,30,1,4.49
1986,Healthy Family Habits (2026 Edition),"Master advanced concepts in Healthy Family Habits through real-world enterprise applications. Skills covered include real-world deployment, debugging, software development. You will gain hands-on experience using industry-standard tools.",Parenting & Family,Advanced,180,3,3.97
1987,Building Trust | Hands-on Training (Latest Version),"Understand advanced implementation techniques used in professional environments. Skills covered include debugging, real-world deployment, critical thinking. You will build real projects throughout the course.",Parenting & Family,Advanced,210,3,4.4
1988,Supporting Learning at Home | Hands-on Training (2026 Edition),"Master advanced concepts in Supporting Learning at Home through real-world enterprise applications. Skills covered include software development, real-world deployment, team collaboration. You will improve your technical and analytical thinking.",Parenting & Family,Advanced,150,3,4.39
1989,Building Confidence - Intermediate | Essentials,"Improve your technical skills with hands-on labs, assignments, and real-world applications. Skills covered include debugging, best practices, data analysis. You will build real projects throughout the course.",Parenting & Family,Intermediate,90,2,4.2
1990,Family Relationships | Project-Based Learning,"Explore intermediate concepts in Family Relationships while building portfolio-ready projects. Skills covered include project implementation, debugging, critical thinking. You will develop portfolio-ready applications.",Parenting & Family,Intermediate,90,2,3.64
1991,Emotional Support - Beginner | Complete Course (2026 Edition),"Understand key principles and build confidence through guided exercises and quizzes. Skills covered include data analysis, debugging, project implementation. You will be able to apply your knowledge to practical business scenarios.",Parenting & Family,Beginner,60,1,4.7
1992,Digital Parenting - Advanced | Bootcamp (Latest Version),"Work with large-scale projects and advanced design strategies in Parenting & Family. Skills covered include debugging, system design, critical thinking. You will understand best practices followed by professional engineers.",Parenting & Family,Advanced,210,3,4.18
1993,Digital Parenting - Advanced | Practical Workshop (Updated Edition),"Develop enterprise-grade applications using industry standards and modern architectures. Skills covered include critical thinking, project implementation, problem solving. You will build real projects throughout the course.",Parenting & Family,Advanced,150,3,3.83
1994,Healthy Family Habits - Advanced | Essentials (Updated Edition),"Gain expert-level knowledge through challenging case studies and complex projects. Skills covered include data analysis, critical thinking, system design. You will develop portfolio-ready applications.",Parenting & Family,Advanced,150,3,4.12
1995,Emotional Support | Professional Certificate (Latest Version),"Explore optimization, scalability, and best engineering practices in Emotional Support. Skills covered include real-world deployment, problem solving, project implementation. You will confidently work on real software projects.",Parenting & Family,Advanced,150,3,4.33
1996,Teen Parenting | Bootcamp (Updated Edition),"Understand advanced implementation techniques used in professional environments. Skills covered include critical thinking, data analysis, best practices. You will develop portfolio-ready applications.",Parenting & Family,Advanced,180,3,4.6
1997,Supporting Independence - Advanced | Complete Course (Updated Edition),"Prepare for senior-level positions by mastering the latest technologies in Parenting & Family. Skills covered include team collaboration, real-world deployment, best practices. You will understand best practices followed by professional engineers.",Parenting & Family,Advanced,120,3,4.07
1998,Healthy Family Habits - Beginner (Updated Edition),"Develop your first practical projects while learning the core concepts of Healthy Family Habits. Skills covered include project implementation, system design, best practices. You will confidently work on real software projects.",Parenting & Family,Beginner,90,1,4.94
1999,Sleep Routines - Intermediate | Essentials (2026 Edition),"Apply your existing knowledge to build complete projects from start to finish. Skills covered include system design, critical thinking, project implementation. You will improve your technical and analytical thinking.",Parenting & Family,Intermediate,120,2,4.21
2000,Supporting Independence | Bootcamp,"Understand key principles and build confidence through guided exercises and quizzes. Skills covered include best practices, team collaboration, debugging. You will be able to apply your knowledge to practical business scenarios.",Parenting & Family,Beginner,45,1,4.5
